time,latitude,longitude,depth,mag,magType,nst,gap,dmin,rms,net,id,updated,place,type,horizontalError,depthError,magError,magNst,status,locationSource,magSource
2025-02-10T22:48:38.736Z,35.0885,-5.5774,10,5.1,mb,70,77,2.317,0.54,us,us7000pcsb,2025-02-11T12:44:04.611Z,"29 km WSW of Chefchaouen, Morocco",earthquake,5.99,1.787,0.044,170,reviewed,us,us
2025-02-10T22:47:05.872Z,-23.1497,-66.8109,204.851,4.7,mb,44,47,1.275,1.03,us,us7000pcs9,2025-02-10T23:36:21.040Z,"116 km W of El Aguilar, Argentina",earthquake,10.08,6.911,0.053,110,reviewed,us,us
2025-02-10T22:37:24.695Z,36.6318,25.6213,10,5.1,mww,118,33,1.466,0.63,us,us7000pcs7,2025-02-11T07:39:46.276Z,"28 km NE of Oía, Greece",earthquake,5.24,1.755,0.043,51,reviewed,us,us
2025-02-10T20:16:28.890Z,36.6944,25.6758,10,5.2,mww,111,19,1.541,0.8,us,us7000pcr3,2025-02-11T07:40:56.864Z,"25 km SW of Amorgós, Greece",earthquake,5.07,1.829,0.04,61,reviewed,us,us
2025-02-10T15:15:03.577Z,-9.814,119.5721,69.344,5.1,mb,76,79,0.73,0.96,us,us7000pcn8,2025-02-10T15:40:37.040Z,"56 km SE of Tambolaka, Indonesia",earthquake,7.33,6.11,0.073,60,reviewed,us,us
2025-02-10T14:16:55.471Z,41.6723,141.34,89.873,4.9,mww,108,76,0.906,0.99,us,us7000pcn4,2025-02-10T14:39:10.612Z,"39 km ENE of Ōma, Japan",earthquake,5.9,5.862,0.086,13,reviewed,us,us
2025-02-10T14:03:54.602Z,-10.3678,123.5123,10,4.6,mb,46,64,0.961,0.76,us,us7000pcn2,2025-02-10T16:37:14.040Z,"24 km SSW of Kupang, Indonesia",earthquake,6.01,1.894,0.098,31,reviewed,us,us
2025-02-10T14:00:16.247Z,-6.5041,149.2707,52.709,4.6,mb,34,66,3.56,0.69,us,us7000pcn1,2025-02-10T16:16:56.040Z,"44 km SW of Kandrian, Papua New Guinea",earthquake,8.61,6.625,0.106,27,reviewed,us,us
2025-02-10T11:23:17.621Z,36.6826,25.6831,10,4.8,mb,57,58,1.533,0.92,us,us7000pcmg,2025-02-10T20:24:32.273Z,"25 km SW of Amorgós, Greece",earthquake,5.66,1.86,0.069,65,reviewed,us,us
2025-02-10T11:17:27.966Z,-7.092,155.062,10,5,mb,32,126,4.077,0.83,us,us7000pcmf,2025-02-10T12:05:02.040Z,"97 km SSW of Panguna, Papua New Guinea",earthquake,11.31,1.911,0.127,21,reviewed,us,us
2025-02-10T10:18:48.713Z,-17.4277,167.8064,20.374,5,mb,25,177,2.053,1.01,us,us7000pcmb,2025-02-10T10:43:33.040Z,"63 km WNW of Port-Vila, Vanuatu",earthquake,10.61,6.123,0.137,17,reviewed,us,us
2025-02-10T08:11:20.251Z,13.8576,-90.7216,97.885,4.5,mb,60,163,0.704,1.27,us,us7000pclr,2025-02-11T05:15:15.416Z,"8 km S of Iztapa, Guatemala",earthquake,6.26,6.801,0.035,243,reviewed,us,us
2025-02-10T05:48:38.400Z,-17.3933,167.6849,10,4.7,mb,24,176,1.99,0.74,us,us7000pckw,2025-02-10T19:02:39.040Z,"76 km WNW of Port-Vila, Vanuatu",earthquake,9.73,1.823,0.124,20,reviewed,us,us
2025-02-10T03:51:39.953Z,-21.5598,-179.3594,602.28,4.5,mb,37,94,4.511,0.54,us,us7000pckn,2025-02-10T04:24:27.040Z,"Fiji region",earthquake,9.78,9.771,0.113,23,reviewed,us,us
2025-02-10T00:28:20.928Z,-7.1199,155.7777,10,5.4,mww,80,32,4.626,0.4,us,us7000pck3,2025-02-11T00:52:12.333Z,"94 km SSE of Panguna, Papua New Guinea",earthquake,8.07,1.595,0.086,13,reviewed,us,us
2025-02-10T00:16:03.354Z,-17.493,167.763,10,5.4,mb,50,69,2.104,0.72,us,us7000pck0,2025-02-11T02:17:36.369Z,"64 km WNW of Port-Vila, Vanuatu",earthquake,6.5,1.637,0.101,33,reviewed,us,us
2025-02-10T00:09:43.093Z,-17.4593,167.772,18,5.9,mww,115,39,2.074,0.58,us,us7000pcjx,2025-02-11T00:32:47.752Z,"65 km WNW of Port-Vila, Vanuatu",earthquake,6.43,1.746,0.05,38,reviewed,us,us
2025-02-09T19:17:15.388Z,36.4461,25.5708,10,4.7,mb,65,110,1.281,0.45,us,us7000pcil,2025-02-10T14:00:54.040Z,"12 km ENE of Mesariá, Greece",earthquake,5.5,1.874,0.078,50,reviewed,us,us
2025-02-09T19:16:43.091Z,36.5236,25.5065,10,4.6,mb,73,80,1.331,0.49,us,us7000pcij,2025-02-09T19:45:49.040Z,"13 km NNE of Firá, Greece",earthquake,2.03,1.878,0.056,95,reviewed,us,us
2025-02-09T19:05:38.592Z,36.6992,25.6236,10,5.2,mww,97,38,1.529,0.8,us,us7000pcih,2025-02-11T04:48:29.471Z,"28 km WSW of Amorgós, Greece",earthquake,5.19,1.839,0.044,49,reviewed,us,us
2025-02-09T18:53:57.246Z,36.3749,25.5003,10,4.7,mb,74,83,1.193,1.12,us,us7000pcid,2025-02-09T19:19:06.040Z,"5 km ENE of Emporeío, Greece",earthquake,4.96,1.872,0.055,100,reviewed,us,us
2025-02-09T16:38:04.943Z,-49.3921,123.2739,10,4.7,mb,28,102,17.054,0.85,us,us7000pchw,2025-02-09T16:56:17.040Z,"western Indian-Antarctic Ridge",earthquake,14.27,1.915,0.118,27,reviewed,us,us
2025-02-09T14:32:38.050Z,-10.145,161.0796,43.735,5.3,mww,44,76,1.318,0.67,us,us7000pche,2025-02-09T19:41:37.999Z,"98 km WNW of Kirakira, Solomon Islands",earthquake,6.84,7.063,0.139,5,reviewed,us,us
2025-02-09T11:35:10.757Z,-1.9501,128.3899,47.398,4.7,mb,52,51,2.891,0.68,us,us7000pch4,2025-02-11T10:00:43.040Z,"162 km NNW of Masohi, Indonesia",earthquake,6.91,7.577,0.083,44,reviewed,us,us
2025-02-09T09:58:43.269Z,-15.5608,167.6662,121.854,4.6,mb,45,145,0.46,0.84,us,us7000pcgw,2025-02-09T12:12:38.040Z,"54 km E of Luganville, Vanuatu",earthquake,10.18,5.494,0.094,36,reviewed,us,us
2025-02-09T09:14:08.082Z,17.5492,-82.9818,10,4.8,mb,45,105,5.23,0.78,us,us7000pcgn,2025-02-09T13:24:41.563Z,"238 km NE of Barra Patuca, Honduras",earthquake,9.09,1.931,0.029,378,reviewed,us,us
2025-02-09T08:32:18.198Z,30.4886,142.0811,10,4.8,mb,51,125,3.253,0.62,us,us7000pcgk,2025-02-09T09:12:44.040Z,"Izu Islands, Japan region",earthquake,7.34,1.865,0.068,68,reviewed,us,us
2025-02-09T08:21:28.638Z,17.6033,-82.6954,10,4.6,mb,47,47,4.952,0.84,us,us7000pcgc,2025-02-09T18:36:05.579Z,"232 km SW of George Town, Cayman Islands",earthquake,8.42,1.904,0.037,214,reviewed,us,us
2025-02-09T03:38:59.958Z,-23.7161,-179.914,524.658,4.7,mb,46,104,5.805,0.85,us,us7000pcf1,2025-02-09T04:05:15.040Z,"south of the Fiji Islands",earthquake,13.59,7.482,0.093,40,reviewed,us,us
2025-02-09T02:17:06.718Z,-16.2954,-74.0142,35,4.6,mb,40,151,4.069,0.91,us,us7000pcec,2025-02-09T02:38:03.040Z,"42 km WSW of Atico, Peru",earthquake,9.94,1.885,0.077,50,reviewed,us,us
2025-02-09T01:35:16.442Z,36.4771,25.4747,10,4.5,mb,33,100,1.278,1.28,us,us7000pce5,2025-02-09T19:51:40.607Z,"7 km NNE of Firá, Greece",earthquake,3.89,1.873,0.156,12,reviewed,us,us
2025-02-08T23:51:06.580Z,17.5709,-83.1161,10,4.8,mb,54,69,5.311,0.86,us,us7000pcdu,2025-02-09T07:18:01.359Z,"232 km NNE of Barra Patuca, Honduras",earthquake,8.73,1.864,0.068,68,reviewed,us,us
2025-02-08T23:23:14.341Z,17.7016,-82.4564,10,7.6,mww,108,47,4.713,1.21,us,us7000pcdl,2025-02-11T01:30:29.485Z,"209 km SSW of George Town, Cayman Islands",earthquake,4.83,1.814,0.028,119,reviewed,us,us
2025-02-08T17:44:19.296Z,46.3423,153.8543,10,4.6,mb,42,188,7.215,0.63,us,us7000pccq,2025-02-08T21:53:06.040Z,"Kuril Islands",earthquake,11.48,1.978,0.09,38,reviewed,us,us
2025-02-08T15:30:43.801Z,4.3366,126.5757,67.478,4.6,mb,98,53,1.162,0.85,us,us7000pcbx,2025-02-08T18:59:33.040Z,"170 km SE of Sarangani, Philippines",earthquake,6.56,3.615,0.063,83,reviewed,us,us
2025-02-08T10:43:43.087Z,65.2147,145.9271,10,5.1,mb,85,39,6.089,0.75,us,us7000pcb7,2025-02-08T11:15:31.040Z,"146 km ENE of Ust-Nera, Russia",earthquake,8.43,1.876,0.03,351,reviewed,us,us
2025-02-08T09:24:13.418Z,-16.0778,167.8052,163.099,5.2,mb,47,74,0.854,0.79,us,us7000pcav,2025-02-08T09:42:55.040Z,"41 km E of Lakatoro, Vanuatu",earthquake,10.33,6.798,0.08,58,reviewed,us,us
2025-02-08T09:24:02.944Z,36.3756,25.4977,10,4.6,mb,68,83,1.192,1.3,us,us7000pcau,2025-02-08T10:03:53.561Z,"5 km ENE of Emporeío, Greece",earthquake,5.76,1.883,0.066,68,reviewed,us,us
2025-02-08T09:00:40.940Z,36.4687,25.5717,10,5.1,mb,99,44,1.302,1.01,us,us7000pcah,2025-02-08T19:27:06.382Z,"13 km NE of Mesariá, Greece",earthquake,5.32,1.85,0.044,164,reviewed,us,us
2025-02-08T08:36:04.033Z,36.5272,25.5957,10,4.9,mb,90,58,1.363,1.35,us,us7000pcac,2025-02-08T09:06:55.040Z,"18 km NE of Firá, Greece",earthquake,5.94,1.852,0.048,136,reviewed,us,us
2025-02-08T05:00:34.320Z,-6.0351,103.2686,27.694,5.1,mb,53,43,1.693,1.04,us,us7000pc9d,2025-02-08T05:20:29.040Z,"222 km S of Pagar Alam, Indonesia",earthquake,6.88,5.299,0.075,59,reviewed,us,us
2025-02-08T04:44:12.761Z,7.6777,93.7375,56.897,5.2,mb,77,65,4.011,0.75,us,us7000pc9c,2025-02-08T05:02:45.040Z,"263 km NW of Sabang, Indonesia",earthquake,7.82,6.538,0.049,142,reviewed,us,us
2025-02-08T02:41:58.816Z,-2.8362,141.5959,36.724,4.8,mb,32,111,0.947,0.8,us,us7000pc8x,2025-02-08T03:20:33.040Z,"36 km ESE of Vanimo, Papua New Guinea",earthquake,7.93,4.917,0.116,27,reviewed,us,us
2025-02-08T01:52:03.536Z,36.561,25.6784,10,4.8,mb,72,91,1.422,1.09,us,us7000pc8g,2025-02-08T02:14:58.040Z,"27 km NE of Firá, Greece",earthquake,4.46,1.847,0.062,81,reviewed,us,us
2025-02-07T23:58:51.386Z,4.1222,62.6724,10,5.2,mww,68,103,10.788,0.69,us,us7000pc83,2025-02-08T01:05:12.040Z,"Carlsberg Ridge",earthquake,10.44,1.848,0.078,16,reviewed,us,us
2025-02-07T23:18:09.118Z,4.0538,62.7415,10,4.5,mb,36,52,10.738,1.16,us,us7000pc7k,2025-02-08T03:07:53.040Z,"Carlsberg Ridge",earthquake,7.28,1.849,0.107,26,reviewed,us,us
2025-02-07T23:00:14.931Z,3.9897,62.5707,10,5.1,mb,68,93,10.978,1.16,us,us7000pc7i,2025-02-08T12:54:15.040Z,"Carlsberg Ridge",earthquake,6.99,1.873,0.066,74,reviewed,us,us
2025-02-07T18:32:17.171Z,-1.9708,138.9033,10.522,5,mww,106,37,0.927,0.55,us,us7000pc6g,2025-02-07T18:52:59.040Z,"204 km WNW of Abepura, Indonesia",earthquake,5.48,3.851,0.103,9,reviewed,us,us
2025-02-07T16:46:56.753Z,23.1911,120.5429,10,4.8,mb,52,53,0.135,0.87,us,us7000pc54,2025-02-07T17:30:46.667Z,"11 km NE of Yujing, Taiwan",earthquake,5.93,0.87,0.083,49,reviewed,us,us
2025-02-07T16:17:36.207Z,3.692,127.8168,83.3,4.6,mb,36,81,2.55,0.78,us,us7000pc51,2025-02-07T16:31:49.040Z,"218 km N of Tobelo, Indonesia",earthquake,7.78,8.141,0.105,27,reviewed,us,us
2025-02-07T15:19:23.782Z,38.9658,14.8889,66.769,5.1,mb,26,119,1.553,0.62,us,us7000pc4p,2025-02-08T12:46:57.410Z,"43 km N of Malfa, Italy",earthquake,7.11,9.104,0.068,71,reviewed,us,us
2025-02-07T15:16:50.026Z,36.5805,25.6218,10,4.6,mb,18,78,1.42,1.01,us,us7000pc4s,2025-02-07T16:10:08.040Z,"24 km NE of Firá, Greece",earthquake,4.57,1.939,0.173,10,reviewed,us,us
2025-02-07T13:17:32.968Z,1.275,-83.6471,10,4.7,mb,33,100,5.256,0.81,us,us7000pc38,2025-02-07T13:39:24.040Z,"off the coast of Ecuador",earthquake,9.97,1.953,0.086,41,reviewed,us,us
2025-02-07T12:55:29.950Z,43.4426,147.7686,35.143,4.6,mb,47,137,3.685,0.63,us,us7000pc36,2025-02-07T13:55:16.040Z,"93 km ESE of Shikotan, Russia",earthquake,3.61,7.762,0.076,51,reviewed,us,us
2025-02-07T10:27:01.029Z,-23.9177,-176.143,59.227,6,mww,121,25,5.541,0.93,us,us7000pc2p,2025-02-08T11:05:30.827Z,"south of the Fiji Islands",earthquake,9.33,4.652,0.046,46,reviewed,us,us
2025-02-07T09:57:24.955Z,9.1686,40.1978,10,4.8,mb,46,66,6.747,1.11,us,us7000pc2k,2025-02-07T11:52:43.530Z,"20 km N of Āwash, Ethiopia",earthquake,10.19,1.901,0.087,41,reviewed,us,us
2025-02-07T08:19:45.783Z,9.3425,40.1856,10,4.6,mb,39,121,6.617,0.96,us,us7000pc2b,2025-02-07T10:28:31.154Z,"39 km N of Āwash, Ethiopia",earthquake,9.42,1.675,0.099,30,reviewed,us,us
2025-02-07T07:30:36.713Z,-7.2425,125.1561,494.83,4.8,mb,29,76,2.647,0.78,us,us7000pc28,2025-02-07T07:48:22.040Z,"150 km N of Likisá, Timor Leste",earthquake,15.28,10.312,0.107,27,reviewed,us,us
2025-02-07T07:24:41.602Z,-15.5994,-70.1897,214.006,4.8,mb,45,142,2.096,1.22,us,us7000pc27,2025-02-07T07:39:56.040Z,"9 km WSW of Caracoto, Peru",earthquake,9.58,9.758,0.046,156,reviewed,us,us
2025-02-07T07:16:15.076Z,36.5485,25.6196,10,5.1,mb,70,83,1.39,1.06,us,us7000pc23,2025-02-10T23:36:03.750Z,"22 km NE of Firá, Greece",earthquake,5.5,1.87,0.045,159,reviewed,us,us
2025-02-07T07:03:11.479Z,-15.5688,-179.7474,10,4.9,mb,35,94,1.239,0.66,us,us7000pc21,2025-02-07T09:04:33.040Z,"134 km NE of Labasa, Fiji",earthquake,8.36,1.868,0.085,43,reviewed,us,us
2025-02-07T04:45:19.621Z,39.4451,71.749,5,4.5,mb,28,115,0.051,1.11,us,us7000pc0f,2025-02-08T00:17:40.040Z,"30 km NE of Karakenja, Tajikistan",earthquake,3.81,1.735,0.128,18,reviewed,us,us
2025-02-07T04:31:56.204Z,-9.7998,97.5875,10,5.8,mww,98,40,2.488,0.9,us,us7000pc0e,2025-02-08T05:00:31.758Z,"southwest of Sumatra, Indonesia",earthquake,7.57,1.828,0.065,23,reviewed,us,us
2025-02-07T03:36:00.875Z,43.2641,142.728,158.079,4.9,mb,104,58,0.86,0.67,us,us7000pc06,2025-02-07T19:53:57.380Z,"22 km NNW of Shintoku, Japan",earthquake,7.18,5.3,0.026,452,reviewed,us,us
2025-02-07T03:06:50.638Z,51.9607,-31.2717,10,4.5,mb,44,155,12.047,0.62,us,us7000pc01,2025-02-07T23:37:24.040Z,"northern Mid-Atlantic Ridge",earthquake,11.39,1.94,0.079,47,reviewed,us,us
2025-02-06T21:03:22.930Z,6.7272,-73.0809,155.75,4.5,mb,43,63,0.829,0.47,us,us7000pbxz,2025-02-06T22:10:43.040Z,"1 km ESE of Jordán, Colombia",earthquake,7.18,5.95,0.077,49,reviewed,us,us
2025-02-06T18:16:30.185Z,-16.6013,-173.6341,46.183,4.5,mb,27,134,3.219,0.79,us,us7000pbws,2025-02-06T18:38:24.040Z,"73 km SSE of Hihifo, Tonga",earthquake,12.94,2.787,0.101,29,reviewed,us,us
2025-02-06T17:09:56.301Z,-2.8226,141.6313,35,5,mww,89,57,0.976,0.63,us,us7000pbu3,2025-02-06T17:48:54.040Z,"39 km ESE of Vanimo, Papua New Guinea",earthquake,7.15,1.89,0.08,15,reviewed,us,us
2025-02-06T16:24:58.993Z,-2.8138,141.6201,35.397,5.1,mww,96,26,0.963,0.84,us,us7000pbtz,2025-02-06T16:48:31.040Z,"38 km ESE of Vanimo, Papua New Guinea",earthquake,6.74,5.038,0.073,18,reviewed,us,us
2025-02-06T13:16:27.257Z,4.4689,126.6945,48.356,5.4,mb,95,87,1.24,1.42,us,us7000pbt5,2025-02-07T13:38:55.492Z,"171 km SE of Sarangani, Philippines",earthquake,5.43,6.675,0.068,74,reviewed,us,us
2025-02-06T12:21:28.357Z,-42.4508,-74.2463,23.028,4.8,mb,49,147,1.36,1.39,us,us7000pbsy,2025-02-06T13:52:08.465Z,"38 km W of Castro, Chile",earthquake,6.61,5.65,0.065,91,reviewed,us,us
2025-02-06T05:51:47.409Z,36.5204,25.4862,10,4.6,mb,55,58,1.322,1.29,us,us7000pbrr,2025-02-06T06:10:09.040Z,"11 km ENE of Oía, Greece",earthquake,5.03,1.859,0.071,60,reviewed,us,us
2025-02-06T04:15:13.398Z,-30.0276,-71.2882,50.087,4.6,mb,46,124,0.117,0.54,us,us7000pbr1,2025-02-06T13:52:29.899Z,"9 km SSE of Coquimbo, Chile",earthquake,3.86,4.771,0.082,46,reviewed,us,us
2025-02-06T03:23:08.345Z,36.6462,25.6136,10,4.6,mb,55,58,1.477,0.91,us,us7000pbqp,2025-02-06T03:38:14.040Z,"29 km NE of Oía, Greece",earthquake,5.5,1.874,0.068,67,reviewed,us,us
2025-02-06T03:03:32.700Z,39.7907,141.7934,57.616,4.6,mb,26,166,1.143,0.37,us,us7000pbqm,2025-02-06T03:32:42.040Z,"6 km S of Iwaizumi, Japan",earthquake,8,6.052,0.146,14,reviewed,us,us
2025-02-06T02:54:21.435Z,36.5727,25.5906,10,4.5,mb,49,82,1.402,0.62,us,us7000pbqh,2025-02-06T03:14:21.040Z,"22 km NE of Firá, Greece",earthquake,6.35,1.916,0.076,50,reviewed,us,us
2025-02-05T22:53:38.238Z,-39.0218,-92.6005,10,4.6,mb,33,159,16.178,0.71,us,us7000pbp5,2025-02-05T23:15:19.040Z,"southeast of Easter Island",earthquake,14.73,1.94,0.096,32,reviewed,us,us
2025-02-05T20:15:06.856Z,-19.0936,-172.6221,10,5,mb,29,123,2.549,0.88,us,us7000pbn5,2025-02-05T20:46:41.040Z,"151 km ESE of Neiafu, Tonga",earthquake,11.14,1.896,0.1,32,reviewed,us,us
2025-02-05T19:09:38.761Z,36.6542,25.6259,10,5.1,mww,127,54,1.488,1.12,us,us7000pbmp,2025-02-06T11:09:08.798Z,"30 km NE of Oía, Greece",earthquake,1.75,1.812,0.052,36,reviewed,us,us
2025-02-05T18:40:50.665Z,-11.4468,117.237,22.269,4.7,mb,34,95,2.656,1.07,us,us7000pbmi,2025-02-05T19:16:35.040Z,"south of Sumbawa, Indonesia",earthquake,8.85,4.409,0.118,22,reviewed,us,us
2025-02-05T17:47:26.374Z,36.5579,25.6814,10,4.8,mww,93,91,1.421,0.88,us,us7000pbln,2025-02-05T18:45:43.405Z,"27 km NE of Firá, Greece",earthquake,5.71,1.824,0.06,27,reviewed,us,us
2025-02-05T14:18:07.387Z,-9.7446,119.6086,62.179,4.6,mb,26,97,0.683,1.29,us,us7000pbk8,2025-02-05T15:19:05.040Z,"53 km SE of Tambolaka, Indonesia",earthquake,7.68,9.754,0.122,20,reviewed,us,us
2025-02-05T11:33:47.734Z,36.638,25.5914,10,4.8,mb,98,81,1.462,0.81,us,us7000pbj0,2025-02-05T13:20:03.040Z,"27 km NE of Oía, Greece",earthquake,5.45,1.825,0.05,125,reviewed,us,us
2025-02-05T11:08:58.199Z,36.6917,25.5912,10,4.7,mww,118,58,1.512,0.64,us,us7000pbir,2025-02-05T11:42:24.040Z,"27 km E of Íos, Greece",earthquake,5.8,1.858,0.093,11,reviewed,us,us
2025-02-05T10:35:08.456Z,36.5653,25.653,10,4.9,mb,81,86,1.417,1.25,us,us7000pbig,2025-02-05T17:59:45.983Z,"25 km NE of Firá, Greece",earthquake,5.75,1.856,0.046,151,reviewed,us,us
2025-02-05T09:08:13.017Z,-20.2878,-69.2301,102.851,4.9,mb,47,86,0.163,0.97,us,us7000pbgu,2025-02-06T05:44:33.651Z,"44 km E of La Tirana, Chile",earthquake,4.32,4.906,0.078,52,reviewed,us,us
2025-02-05T08:21:34.859Z,-1.8053,-78.0667,149.65,4.9,mb,58,67,0.313,0.86,us,us7000pbgl,2025-02-05T13:09:32.355Z,"16 km SW of Palora, Ecuador",earthquake,7.29,5.34,0.034,271,reviewed,us,us
2025-02-05T08:15:42.396Z,54.744,-158.068,10,4.7,ml,,,,1.24,ak,ak0251no79q2,2025-02-06T18:03:32.282Z,"146 km SSE of Perryville, Alaska",earthquake,,0,,,reviewed,ak,ak
2025-02-05T07:17:42.078Z,-19.1985,168.7218,35,4.8,mb,46,112,3.6,0.78,us,us7000pbfr,2025-02-05T08:55:46.040Z,"70 km WNW of Isangel, Vanuatu",earthquake,8.05,1.913,0.082,46,reviewed,us,us
2025-02-05T07:01:18.500Z,13.8202,-91.5748,57.548,5.6,mww,78,79,0.736,1.33,us,us7000pbfb,2025-02-09T00:36:41.412Z,"51 km SW of Nueva Concepción, Guatemala",earthquake,6.51,7.632,0.037,71,reviewed,us,us
2025-02-05T03:12:30.721Z,1.5585,127.1409,104.467,5.5,mww,143,32,0.813,0.72,us,us7000pbdp,2025-02-06T03:32:39.208Z,"89 km NNW of Ternate, Indonesia",earthquake,5.68,4.224,0.053,34,reviewed,us,us
2025-02-05T03:09:00.050Z,-35.3171,178.8129,10,4.9,mb,22,126,2.277,1.26,us,us7000pbdm,2025-02-05T03:34:37.040Z,"257 km N of Hicks Bay, New Zealand",earthquake,10.07,1.727,0.169,16,reviewed,us,us
2025-02-05T01:33:11.100Z,-22.5598,-12.7353,10,4.9,mb,28,136,27.523,0.55,us,us7000pbdd,2025-02-05T01:49:37.040Z,"southern Mid-Atlantic Ridge",earthquake,10.59,1.903,0.108,27,reviewed,us,us
2025-02-04T23:47:57.301Z,46.4936,153.5492,10,5,mb,54,98,7.144,0.81,us,us7000pbcy,2025-02-05T03:49:59.040Z,"Kuril Islands",earthquake,10.16,1.836,0.057,98,reviewed,us,us
2025-02-04T23:42:32.615Z,41.2848,83.8028,10,5,mb,64,92,3.797,0.66,us,us7000pbcv,2025-02-05T03:41:16.040Z,"87 km ESE of Kuqa, China",earthquake,7.95,1.861,0.053,115,reviewed,us,us
2025-02-04T20:00:23.784Z,36.5432,25.5937,10,4.7,mww,90,58,1.377,1.25,us,us7000pbba,2025-02-04T20:37:39.137Z,"19 km NE of Firá, Greece",earthquake,5.6,1.773,0.063,24,reviewed,us,us
2025-02-04T20:00:05.616Z,38.2135,76.4607,10,4.9,mb,85,76,1.893,0.76,us,us7000pbbc,2025-02-04T21:38:44.040Z,"43 km NNW of Huoshilafu, China",earthquake,7.84,1.811,0.064,76,reviewed,us,us
2025-02-04T19:32:28.512Z,53.3414,-163.9228,25.872,4.6,mwr,62,183,1.247,0.55,us,us7000pbb1,2025-02-04T21:23:04.823Z,"150 km SE of Akutan, Alaska",earthquake,5.86,5.63,0.075,17,reviewed,us,us
2025-02-04T19:27:46.916Z,53.4129,-163.957,8.195,5,mww,100,154,1.173,0.72,us,us7000pbau,2025-02-10T19:38:00.330Z,"144 km SE of Akutan, Alaska",earthquake,6.07,4.258,0.065,23,reviewed,us,us
2025-02-04T18:21:58.039Z,30.7758,-40.982,10,5.1,mb,64,67,23.711,1.01,us,us7000pbag,2025-02-04T18:40:56.040Z,"northern Mid-Atlantic Ridge",earthquake,7.86,1.822,0.056,104,reviewed,us,us
2025-02-04T17:42:28.271Z,-7.066,131.0192,33.271,4.6,mb,26,47,2.76,0.46,us,us7000pba8,2025-02-04T18:13:31.040Z,"249 km SW of Tual, Indonesia",earthquake,6.48,7.123,0.152,15,reviewed,us,us
2025-02-04T17:37:58.642Z,31.006,-41.4299,10,5,mb,103,108,25.36,0.35,us,us7000pba9,2025-02-04T18:03:28.040Z,"northern Mid-Atlantic Ridge",earthquake,12.1,1.851,0.054,110,reviewed,us,us
2025-02-04T17:18:23.175Z,-0.3804,-19.5069,10,4.9,mb,32,82,9.088,0.51,us,us7000pba7,2025-02-04T17:40:48.040Z,"central Mid-Atlantic Ridge",earthquake,11.55,1.881,0.108,27,reviewed,us,us
2025-02-04T17:10:52.210Z,36.6246,25.6082,10,4.5,mww,111,39,1.456,1.15,us,us7000pba3,2025-02-04T17:54:10.040Z,"27 km NE of Oía, Greece",earthquake,4.65,1.787,0.075,17,reviewed,us,us
2025-02-04T16:37:56.900Z,-15.1631,-172.7564,10,4.9,mb,52,77,1.564,0.9,us,us7000pb9p,2025-02-08T18:12:48.040Z,"141 km NE of Hihifo, Tonga",earthquake,9.31,1.875,0.077,57,reviewed,us,us
2025-02-04T13:04:14.724Z,36.5048,25.591,15.415,5.3,mww,150,58,1.341,0.61,us,us7000pb82,2025-02-10T20:34:51.306Z,"17 km ENE of Firá, Greece",earthquake,4.63,3.507,0.048,41,reviewed,us,us
2025-02-04T12:36:50.427Z,36.4717,25.497,10,4.7,mb,98,58,1.28,0.71,us,us7000pb7w,2025-02-04T13:30:48.040Z,"8 km NE of Firá, Greece",earthquake,4.99,1.865,0.063,77,reviewed,us,us
2025-02-04T11:17:58.008Z,-15.9822,-171.8256,10,4.6,mb,12,97,2.062,1.33,us,us7000pb7s,2025-02-04T11:55:54.040Z,"210 km E of Hihifo, Tonga",earthquake,7.91,1.926,0.224,6,reviewed,us,us
2025-02-04T09:36:46.018Z,-5.5488,151.8717,58.08,5.2,mb,37,125,1.38,0.58,us,us7000pb7j,2025-02-04T09:56:27.040Z,"140 km SSW of Kokopo, Papua New Guinea",earthquake,12.5,7.438,0.044,170,reviewed,us,us
2025-02-04T09:09:31.000Z,36.6545,25.6596,10,4.7,mb,65,82,1.5,1.41,us,us7000pb7g,2025-02-04T09:31:01.040Z,"29 km SW of Amorgós, Greece",earthquake,2.25,1.883,0.072,59,reviewed,us,us
2025-02-04T09:03:19.791Z,36.5152,25.701,10,4.5,mb,77,86,1.391,0.85,us,us7000pb7d,2025-02-04T12:30:06.040Z,"26 km ENE of Mesariá, Greece",earthquake,6,1.858,0.075,52,reviewed,us,us
2025-02-04T07:45:13.552Z,-3.6359,-80.0204,69.382,4.6,mb,54,125,1.39,1.17,us,us7000pb6s,2025-02-04T22:15:48.386Z,"20 km ENE of Matapalo, Peru",earthquake,8.42,8.379,0.053,108,reviewed,us,us
2025-02-04T06:53:24.992Z,36.5778,25.6669,10,4.6,mb,102,58,1.433,1.12,us,us7000pb6g,2025-02-04T07:21:37.040Z,"27 km NE of Firá, Greece",earthquake,4.71,1.835,0.06,82,reviewed,us,us
2025-02-04T06:09:12.400Z,36.6609,25.6429,10,4.7,mww,93,58,1.5,1.06,us,us7000pb69,2025-02-04T16:15:52.963Z,"29 km SW of Amorgós, Greece",earthquake,5.57,1.844,0.061,26,reviewed,us,us
2025-02-04T03:20:21.329Z,-22.8723,-12.8337,10,4.9,mb,44,62,27.583,0.69,us,us7000pb5n,2025-02-04T03:36:27.040Z,"southern Mid-Atlantic Ridge",earthquake,13.6,1.894,0.088,41,reviewed,us,us
2025-02-04T02:46:06.292Z,36.5816,25.636,10,5.1,mww,27,100,1.426,0.89,us,us7000pb5h,2025-02-04T13:24:46.399Z,"25 km NE of Firá, Greece",earthquake,5.47,1.941,0.098,10,reviewed,us,us
2025-02-04T01:40:33.545Z,-38.94,-92.496,10,5.7,mww,100,70,12.223,0.83,us,us7000pb59,2025-02-05T02:03:22.028Z,"West Chile Rise",earthquake,10.83,1.868,0.047,44,reviewed,us,us
2025-02-03T21:35:50.862Z,2.9875,128.1873,101,5.9,mww,133,18,2.349,0.58,us,us7000pb3j,2025-02-04T21:57:25.962Z,"140 km N of Tobelo, Indonesia",earthquake,6.71,1.861,0.042,54,reviewed,us,us
2025-02-03T21:30:47.259Z,-10.6332,120.1724,10,4.7,mb,35,102,0.966,0.79,us,us7000pb3i,2025-02-04T00:24:35.040Z,"108 km S of Waingapu, Indonesia",earthquake,7.56,1.889,0.078,50,reviewed,us,us
2025-02-03T20:39:14.424Z,36.6275,25.6477,10,4.6,mww,58,83,1.471,0.84,us,us7000pb37,2025-02-04T16:10:36.697Z,"30 km NE of Firá, Greece",earthquake,5.73,1.875,0.062,25,reviewed,us,us
2025-02-03T20:19:39.090Z,36.5336,25.6312,10,4.9,mww,89,84,1.381,0.75,us,us7000pb33,2025-02-04T01:49:39.720Z,"21 km NE of Firá, Greece",earthquake,4.56,1.58,0.052,36,reviewed,us,us
2025-02-03T19:15:00.680Z,28.7013,130.9469,35.999,5.4,mww,53,92,2.831,1.14,us,us7000pb2l,2025-02-04T19:44:07.020Z,"134 km ENE of Tatsugō, Japan",earthquake,6.96,7.767,0.08,15,reviewed,us,us
2025-02-03T17:44:58.989Z,36.5421,25.6563,10,4.7,mww,38,104,1.398,1.03,us,us7000pb28,2025-02-04T16:03:00.040Z,"24 km ENE of Firá, Greece",earthquake,5.03,1.87,0.059,28,reviewed,us,us
2025-02-03T13:02:18.534Z,-22.8411,171.3094,10,5.5,mww,82,36,3.573,1,us,us7000pb0i,2025-02-04T16:18:30.040Z,"southeast of the Loyalty Islands",earthquake,7.64,1.766,0.05,39,reviewed,us,us
2025-02-03T12:17:40.698Z,36.6001,25.615,10,4.9,mww,69,58,1.435,0.85,us,us7000pb0e,2025-02-04T16:43:30.710Z,"25 km NE of Firá, Greece",earthquake,5.42,1.811,0.047,43,reviewed,us,us
2025-02-03T11:50:49.005Z,36.7433,25.6197,10,4.6,mww,66,80,1.568,0.97,us,us7000pb0b,2025-02-04T15:58:45.832Z,"26 km WSW of Amorgós, Greece",earthquake,5.53,1.875,0.08,15,reviewed,us,us
2025-02-03T10:31:54.175Z,-20.4457,-174.7603,8.407,5.1,mb,45,106,4.751,0.82,us,us7000pb02,2025-02-03T10:51:07.040Z,"81 km SSW of Pangai, Tonga",earthquake,11.93,4.514,0.046,152,reviewed,us,us
2025-02-03T09:45:05.893Z,34.5951,9.6061,10,4.8,mww,82,38,4.213,0.78,us,us7000pazv,2025-02-03T18:49:00.040Z,"21 km W of Mezzouna, Tunisia",earthquake,7.91,1.842,0.071,19,reviewed,us,us
2025-02-03T09:29:43.438Z,36.6133,25.6841,10,5,mww,78,84,1.471,1.19,us,us7000pazp,2025-02-04T17:05:47.842Z,"30 km SW of Amorgós, Greece",earthquake,5.61,1.84,0.045,48,reviewed,us,us
2025-02-03T08:26:28.887Z,36.6229,25.6569,10,4.9,mww,97,58,1.47,0.72,us,us7000pazi,2025-02-04T17:41:12.040Z,"30 km NE of Firá, Greece",earthquake,4.54,1.83,0.059,28,reviewed,us,us
2025-02-03T08:13:08.621Z,36.6112,25.7037,10,4.8,mb,98,58,1.476,1.02,us,us7000paze,2025-02-04T01:23:49.812Z,"30 km SW of Amorgós, Greece",earthquake,4.01,1.672,0.058,92,reviewed,us,us
2025-02-03T08:10:16.955Z,36.6571,25.5887,10,4.5,mb,88,58,1.479,1.21,us,us7000pazc,2025-02-10T08:10:04.040Z,"28 km ESE of Íos, Greece",earthquake,3.98,1.705,0.069,61,reviewed,us,us
2025-02-03T08:01:05.724Z,39.1076,24.1346,10,4.6,mwr,35,127,1.614,1.02,us,us7000paz5,2025-02-05T17:14:44.004Z,"23 km E of Patitírion, Greece",earthquake,4.33,1.898,0.078,16,reviewed,us,us
2025-02-03T07:59:00.295Z,36.3825,25.6755,10,4.5,mb,96,59,1.265,0.52,us,us7000paz6,2025-02-04T08:12:38.493Z,"20 km E of Mesariá, Greece",earthquake,4.85,1.516,0.065,70,reviewed,us,us
2025-02-03T07:56:37.380Z,53.8151,161.6737,10,4.5,mb,52,155,1.976,0.54,us,us7000paz7,2025-02-03T13:37:57.040Z,"218 km ENE of Petropavlovsk-Kamchatsky, Russia",earthquake,14.37,1.93,0.065,69,reviewed,us,us
2025-02-03T06:36:04.293Z,65.4395,-169.0918,10,5,mb,,,,1.93,ak,ak0251kc24k9,2025-02-11T06:46:08.737Z,"36 km S of Diomede, Alaska",earthquake,,0,,,reviewed,ak,ak
2025-02-03T05:06:58.886Z,-15.4589,167.7453,201.774,4.7,mb,35,71,0.523,0.98,us,us7000pay3,2025-02-03T05:22:03.040Z,"62 km E of Luganville, Vanuatu",earthquake,10.02,4.721,0.1,30,reviewed,us,us
2025-02-03T02:33:24.083Z,71.6554,-2.8065,10,4.6,mb,76,86,5.75,1.04,us,us7000paxe,2025-02-03T02:47:34.040Z,"226 km ENE of Olonkinbyen, Svalbard and Jan Mayen",earthquake,8.13,1.88,0.065,70,reviewed,us,us
2025-02-02T23:54:41.798Z,36.5329,25.6191,10,4.5,mwr,65,51,1.376,0.58,us,us7000pawd,2025-02-10T22:08:03.040Z,"20 km NE of Firá, Greece",earthquake,5.97,1.846,0.071,19,reviewed,us,us
2025-02-02T23:47:04.473Z,9.1205,137.8332,10,4.6,mb,26,135,3.764,1.15,us,us7000pcq8,2025-02-10T21:59:06.040Z,"54 km SW of Colonia, Micronesia",earthquake,7.46,1.897,0.105,27,reviewed,us,us
2025-02-02T20:14:24.616Z,36.5404,25.5172,10,4.6,mb,48,83,1.35,0.59,us,us7000pavd,2025-02-03T14:52:29.635Z,"15 km NE of Oía, Greece",earthquake,5.23,1.862,0.096,32,reviewed,us,us
2025-02-02T20:07:41.227Z,1.1932,127.468,150.251,4.8,mb,37,97,0.431,0.54,us,us7000pavc,2025-02-02T20:23:37.040Z,"45 km NNE of Ternate, Indonesia",earthquake,7.38,5.07,0.103,29,reviewed,us,us
2025-02-02T17:45:43.070Z,36.5727,25.532,10,4.7,mww,91,55,1.384,1.01,us,us7000pauq,2025-02-03T11:43:29.880Z,"18 km NE of Oía, Greece",earthquake,5.25,1.848,0.06,27,reviewed,us,us
2025-02-02T17:41:20.451Z,36.5364,25.6278,10,4.7,mww,62,84,1.382,0.92,us,us7000paup,2025-02-03T11:45:58.762Z,"21 km NE of Firá, Greece",earthquake,3.87,1.867,0.062,25,reviewed,us,us
2025-02-02T15:43:11.981Z,10.2743,125.4967,123.151,5,mww,69,48,3.185,0.97,us,us7000pau4,2025-02-02T16:01:49.040Z,"9 km SW of Tubajon, Philippines",earthquake,9.8,7.877,0.071,19,reviewed,us,us
2025-02-02T13:54:16.715Z,-30.7109,-71.4793,43.185,5.1,mb,56,63,0.139,1.01,us,us7000patn,2025-02-07T00:52:20.470Z,"29 km WSW of Ovalle, Chile",earthquake,4.57,5.932,0.034,288,reviewed,us,us
2025-02-02T12:55:41.719Z,36.5545,25.676,10,4.8,mww,80,85,1.416,0.56,us,us7000patf,2025-02-03T11:47:34.401Z,"26 km NE of Firá, Greece",earthquake,4.94,1.846,0.06,27,reviewed,us,us
2025-02-02T12:31:54.285Z,-21.2948,-179.2451,628.3,4.5,mb,50,61,4.355,0.49,us,us7000pat6,2025-02-02T14:06:38.040Z,"Fiji region",earthquake,12.19,6.819,0.085,42,reviewed,us,us
2025-02-02T10:25:28.120Z,-44.5116,-79.4955,10,4.6,mb,38,144,4.304,0.86,us,us7000pasr,2025-02-09T10:01:02.040Z,"Off the coast of Aisen, Chile",earthquake,11.13,1.918,0.109,25,reviewed,us,us
2025-02-02T09:13:10.084Z,-23.384,-179.4452,538.11,4.6,mb,24,154,5.993,0.51,us,us7000pas9,2025-02-02T09:58:28.040Z,"south of the Fiji Islands",earthquake,19.52,15.707,0.1,30,reviewed,us,us
2025-02-02T08:57:00.325Z,-5.1482,151.9519,56.367,4.5,mb,20,152,0.974,0.83,us,us7000pas5,2025-02-03T07:01:23.040Z,"95 km SSW of Kokopo, Papua New Guinea",earthquake,14.73,9.238,0.121,20,reviewed,us,us
2025-02-02T07:37:21.271Z,-4.6321,127.0349,10,5,mb,40,67,4.287,0.82,us,us7000parr,2025-02-02T07:56:23.040Z,"164 km SW of Ambon, Indonesia",earthquake,7.84,1.911,0.103,30,reviewed,us,us
2025-02-02T07:22:05.306Z,36.6427,25.5935,10,4.6,mww,52,81,1.467,0.96,us,us7000parp,2025-02-04T15:46:20.322Z,"27 km NE of Oía, Greece",earthquake,5.12,1.858,0.063,24,reviewed,us,us
2025-02-02T02:05:36.581Z,2.4522,126.6145,52.439,4.5,mb,34,105,1.831,1.22,us,us7000paqs,2025-02-02T02:59:54.040Z,"174 km WNW of Tobelo, Indonesia",earthquake,5.95,8.014,0.115,24,reviewed,us,us
2025-02-02T01:35:53.929Z,9.0714,40.1442,10,4.6,mb,29,143,3.611,0.59,us,us7000paqb,2025-02-02T02:04:29.040Z,"10 km NNW of Āwash, Ethiopia",earthquake,12.07,1.915,0.122,20,reviewed,us,us
2025-02-01T20:24:31.792Z,-4.4586,134.4839,10,4.8,mww,50,47,1.689,0.65,us,us7000papc,2025-02-01T20:43:43.040Z,"165 km SW of Nabire, Indonesia",earthquake,7.12,1.899,0.073,18,reviewed,us,us
2025-02-01T17:48:27.090Z,16.9976,-85.5259,10,4.9,mww,82,44,3.374,0.64,us,us7000pann,2025-02-01T18:21:14.040Z,"69 km NNE of Savannah Bight, Honduras",earthquake,7.21,1.904,0.066,22,reviewed,us,us
2025-02-01T16:28:56.069Z,-31.4685,-68.7898,113.213,4.8,mb,92,44,0.118,0.78,us,us7000panb,2025-02-01T18:29:21.040Z,"10 km NNW of Villa Basilio Nievas, Argentina",earthquake,7.39,7.362,0.05,127,reviewed,us,us
2025-02-01T16:13:21.627Z,-60.0446,-27.0934,10,4.9,mb,67,65,7.703,0.76,us,us7000pan9,2025-02-01T19:38:00.040Z,"South Sandwich Islands region",earthquake,11.69,1.268,0.074,64,reviewed,us,us
2025-02-01T13:52:26.140Z,-23.6189,-176.8231,191.89,5,mb,32,133,5.69,0.78,us,us7000pamx,2025-02-01T14:09:47.040Z,"south of the Fiji Islands",earthquake,13.9,12.805,0.086,43,reviewed,us,us
2025-02-01T12:43:25.136Z,-23.1732,171.393,10,5.1,mb,33,142,3.682,1.31,us,us7000pamj,2025-02-01T13:02:27.040Z,"southeast of the Loyalty Islands",earthquake,9.07,1.87,0.114,25,reviewed,us,us
2025-02-01T11:27:31.075Z,-0.819,-78.1232,10,4.5,mb,38,90,0.267,1.1,us,us7000pam3,2025-02-01T14:24:41.664Z,"36 km WNW of Archidona, Ecuador",earthquake,1.13,1.88,0.108,25,reviewed,us,us
2025-02-01T11:05:50.805Z,-0.8503,-78.126,10,5.1,mb,64,64,0.268,0.96,us,us7000palx,2025-02-01T13:32:34.710Z,"36 km W of Archidona, Ecuador",earthquake,6.16,1.877,0.053,115,reviewed,us,us
2025-02-01T09:26:40.527Z,-42.3298,174.9435,10,4.7,mww,43,101,1.036,0.79,us,us7000palm,2025-02-01T10:05:58.260Z,"110 km S of Houghton Bay, New Zealand",earthquake,5.14,1.916,0.068,21,reviewed,us,us
2025-02-01T06:49:23.200Z,-9.0925,158.6813,9.985,5,mb,35,54,1.296,1.16,us,us7000pal5,2025-02-01T07:10:26.040Z,"131 km WNW of Malango, Solomon Islands",earthquake,10.74,4.364,0.089,40,reviewed,us,us
2025-02-01T02:40:02.106Z,14.3706,-92.7032,35,4.5,mb,37,182,1.126,1.08,us,us7000pak3,2025-02-01T03:42:01.040Z,"49 km SW of Puerto Madero, Mexico",earthquake,7.44,1.979,0.067,66,reviewed,us,us
2025-02-01T00:55:24.363Z,-7.4049,128.4091,128.442,4.5,mb,34,97,3.227,0.52,us,us7000paiy,2025-02-01T06:27:53.040Z,"198 km NE of Lospalos, Timor Leste",earthquake,8.38,8.617,0.099,30,reviewed,us,us
2025-02-01T00:40:16.828Z,-8.6877,110.3241,71.576,5,mww,71,118,1.632,0.94,us,us7000paiv,2025-02-01T02:55:32.018Z,"81 km S of Pundong, Indonesia",earthquake,6.82,5.739,0.098,10,reviewed,us,us
2025-01-31T23:19:31.745Z,53.0775,173.3685,10,4.9,mb,107,87,0.563,0.83,us,us7000pai0,2025-02-01T05:31:50.751Z,"28 km NNE of Attu Station, Alaska",earthquake,7.61,1.859,0.034,267,reviewed,us,us
2025-01-31T23:02:29.151Z,-0.8239,-78.1491,10,5.5,mb,78,60,0.242,0.86,us,us7000pahy,2025-02-03T18:46:01.040Z,"39 km WNW of Archidona, Ecuador",earthquake,5.03,1.854,0.028,429,reviewed,us,us
2025-01-31T19:50:08.213Z,-15.8543,-172.4235,10,4.7,mb,37,51,2.031,0.94,us,us7000pagf,2025-01-31T20:09:07.040Z,"147 km E of Hihifo, Tonga",earthquake,6.3,1.869,0.084,48,reviewed,us,us
2025-01-31T18:11:11.973Z,-6.7606,129.8208,170.07,4.5,mb,76,49,2.225,0.62,us,us7000pafc,2025-01-31T19:04:03.040Z,"Banda Sea",earthquake,8.7,7.478,0.07,66,reviewed,us,us
2025-01-31T15:58:04.705Z,-30.8906,-177.4585,10,4.9,mb,30,195,1.672,0.95,us,us7000pabn,2025-01-31T16:42:53.040Z,"Kermadec Islands, New Zealand",earthquake,11.9,1.929,0.125,26,reviewed,us,us
2025-01-31T12:04:10.653Z,-10.4918,163.3161,10,5.4,mww,67,55,3.479,1.17,us,us7000paai,2025-02-01T12:37:46.022Z,"152 km E of Kirakira, Solomon Islands",earthquake,9.35,1.811,0.066,22,reviewed,us,us
2025-01-31T11:03:42.669Z,3.1766,97.0339,68.595,5.8,mb,76,75,1.937,0.97,us,us7000pa9d,2025-02-03T18:58:05.040Z,"66 km SSE of Blangpidie, Indonesia",earthquake,6.31,5.516,0.058,107,reviewed,us,us
2025-01-31T09:10:21.774Z,25.4204,125.1234,137.884,4.6,mb,46,184,1.314,1.35,us,us7000pa8q,2025-01-31T09:40:24.040Z,"70 km NNW of Hirara, Japan",earthquake,13.57,3.729,0.071,59,reviewed,us,us
2025-01-31T09:04:51.145Z,0.5358,-25.1724,10,5.3,mb,79,41,12.437,0.73,us,us7000pa8p,2025-02-03T18:54:38.040Z,"central Mid-Atlantic Ridge",earthquake,8.41,1.198,0.052,123,reviewed,us,us
2025-01-31T07:58:44.718Z,-31.6548,-177.5411,10,4.5,mb,20,208,2.407,1.14,us,us7000pc3l,2025-02-09T13:36:39.040Z,"Kermadec Islands region",earthquake,12.06,2.002,0.14,15,reviewed,us,us
2025-01-31T07:07:56.996Z,-4.9724,102.7527,43.015,4.5,mb,28,142,1.268,0.83,us,us7000pa85,2025-01-31T11:27:57.974Z,"118 km SSW of Pagar Alam, Indonesia",earthquake,11.3,8.756,0.125,19,reviewed,us,us
2025-01-31T00:08:04.489Z,-17.7931,66.1556,10,4.5,mb,23,125,3.282,1.14,us,us7000pa6w,2025-02-01T03:07:20.040Z,"Mauritius - Reunion region",earthquake,9.08,1.871,0.124,19,reviewed,us,us
2025-01-30T23:24:39.938Z,9.8621,-104.4086,10,4.6,mb,41,204,9.527,0.94,us,us7000pa8c,2025-02-01T02:45:27.040Z,"northern East Pacific Rise",earthquake,12.71,1.965,0.089,41,reviewed,us,us
2025-01-30T22:17:13.732Z,-16.6771,-69.8184,174.109,4.5,mb,55,121,1.665,1.04,us,us7000pa6e,2025-01-31T01:54:17.040Z,"13 km WNW of Mazo Cruz, Peru",earthquake,6.84,7.22,0.076,51,reviewed,us,us
2025-01-30T19:48:44.120Z,6.892,126.0956,76.662,4.5,mb,46,56,0.542,0.45,us,us7000pa5e,2025-02-08T17:19:24.040Z,"4 km ENE of Manikling, Philippines",earthquake,8.14,6.72,0.096,32,reviewed,us,us
2025-01-30T16:51:41.208Z,18.6528,145.4966,208.266,4.6,mb,40,120,3.404,0.57,us,us7000pa3j,2025-01-30T17:08:43.040Z,"Pagan region, Northern Mariana Islands",earthquake,8.64,7.216,0.09,37,reviewed,us,us
2025-01-30T12:51:08.011Z,28.1508,52.488,10,4.6,mb,50,102,4.612,0.73,us,us7000pa15,2025-01-30T13:15:20.040Z,"76 km NNW of Mohr, Iran",earthquake,8.66,1.91,0.07,62,reviewed,us,us
2025-01-30T07:16:17.375Z,23.182,120.5884,10,4.8,mb,39,56,0.124,0.71,us,us7000p9zz,2025-01-30T15:40:54.604Z,"14 km ENE of Yujing, Taiwan",earthquake,4,1.796,0.107,27,reviewed,us,us
2025-01-30T05:03:43.207Z,6.7426,-73.0795,152.573,4.7,mb,80,38,0.845,0.57,us,us7000p9zc,2025-01-30T17:52:01.281Z,"2 km ENE of Jordán, Colombia",earthquake,8.54,5.74,0.066,71,reviewed,us,us
2025-01-30T04:40:08.488Z,62.9564,-156.323,10.4,5.2,mww,,,,0.87,ak,ak0251doqqfp,2025-02-11T04:50:21.622Z,"13 km WSW of Takotna, Alaska",earthquake,,0.2,,,reviewed,ak,ak
2025-01-30T04:27:58.581Z,34.0811,89.162,10,4.6,mb,52,80,4.673,1.01,us,us7000p9z1,2025-02-01T06:15:40.040Z,"Xizang-Qinghai border region",earthquake,9.04,1.914,0.09,37,reviewed,us,us
2025-01-30T03:26:38.932Z,29.078,-97.845,3.6865,4.5,ml,31,89,0.1,0.3,tx,tx2025cbgl,2025-02-11T03:36:45.319Z,"19 km ENE of Falls City, Texas",earthquake,1.1567225222368438,2.264497255513305,0.2,26,reviewed,tx,tx
2025-01-30T02:18:24.310Z,-2.6097,126.8607,10,5,mb,44,39,3.397,0.78,us,us7000p9yk,2025-01-30T02:37:54.040Z,"115 km ESE of Sanana, Indonesia",earthquake,6.92,1.868,0.082,48,reviewed,us,us
2025-01-30T02:11:53.871Z,23.1725,120.5796,10,5.1,mww,100,47,0.135,0.71,us,us7000p9yj,2025-01-30T16:28:59.120Z,"13 km ENE of Yujing, Taiwan",earthquake,4.86,1.749,0.086,13,reviewed,us,us
2025-01-29T20:03:59.513Z,-5.415,153.3989,76.858,4.9,mb,66,129,1.73,0.68,us,us7000p9wr,2025-02-09T16:58:50.040Z,"172 km SE of Kokopo, Papua New Guinea",earthquake,4.33,6.785,0.077,52,reviewed,us,us
2025-01-29T15:20:31.488Z,-35.1018,-179.3016,65.763,4.7,mb,29,213,3.124,0.77,us,us7000p9up,2025-01-29T22:44:21.040Z,"east of the North Island of New Zealand",earthquake,11.65,10.144,0.117,22,reviewed,us,us
2025-01-29T12:29:41.077Z,-3.1574,100.1952,28.229,4.5,mb,40,129,2.691,0.89,us,us7000p9u5,2025-01-29T13:18:07.040Z,"141 km SSE of Tuapejat, Indonesia",earthquake,8.05,5.123,0.106,26,reviewed,us,us
2025-01-29T04:11:21.820Z,-11.3691,-74.7642,97.777,4.8,mb,60,70,2.126,0.72,us,us7000p9rj,2025-01-29T04:26:15.040Z,"4 km NNW of Mariposa, Peru",earthquake,8.43,6.497,0.035,248,reviewed,us,us
2025-01-29T03:51:45.067Z,-3.9132,121.8102,26.716,4.6,mb,30,93,1.959,0.94,us,us7000p9rh,2025-01-29T07:04:47.013Z,"78 km W of Kendari, Indonesia",earthquake,7.34,5.732,0.125,19,reviewed,us,us
2025-01-29T01:56:43.025Z,11.431,124.2263,10,4.5,mb,43,128,4.535,1.16,us,us7000p9r3,2025-01-29T04:54:27.268Z,"13 km WNW of Tabing, Philippines",earthquake,7.83,1.9,0.098,31,reviewed,us,us
2025-01-29T01:32:59.222Z,-53.4247,-41.4854,10,5.6,mwb,130,40,3.082,0.63,us,us7000p9qx,2025-01-30T01:59:40.093Z,"South Atlantic Ocean",earthquake,9.03,1.73,0.063,24,reviewed,us,us
2025-01-29T00:50:41.149Z,-3.9643,121.8691,10.08,5,mww,68,74,1.281,0.77,us,us7000p9qm,2025-02-09T23:28:57.127Z,"71 km W of Kendari, Indonesia",earthquake,4.73,0.526,0.083,14,reviewed,us,us
2025-01-28T21:38:35.943Z,-38.0222,47.059,10,5,mb,18,75,18.936,0.72,us,us7000pblz,2025-02-05T22:08:06.040Z,"Southwest Indian Ridge",earthquake,10.43,1.891,0.137,17,reviewed,us,us
2025-01-28T21:06:30.111Z,-18.3343,-173.9934,55.486,5,mb,30,153,4.886,0.83,us,us7000p9p7,2025-02-05T21:00:52.855Z,"35 km N of Neiafu, Tonga",earthquake,14.68,8.231,0.109,27,reviewed,us,us
2025-01-28T20:22:52.994Z,9.1844,40.1475,10,4.5,mb,50,116,1.478,0.6,us,us7000p9p0,2025-02-06T20:49:43.104Z,"22 km N of Āwash, Ethiopia",earthquake,7.76,1.882,0.093,34,reviewed,us,us
2025-01-28T19:39:55.659Z,-41.26,-90.293,10,4.5,mb,25,158,13.806,1.11,us,us7000pbm4,2025-02-06T21:10:16.040Z,"southeast of Easter Island",earthquake,15.09,1.882,0.145,14,reviewed,us,us
2025-01-28T18:03:49.083Z,21.5822,143.0864,302.385,4.5,mb,112,46,5.55,0.75,us,us7000p9nd,2025-02-06T19:56:04.040Z,"Mariana Islands region",earthquake,9.92,6.107,0.053,104,reviewed,us,us
2025-01-28T17:00:09.496Z,-4.0553,121.7882,10.94,4.8,mb,67,51,1.275,0.74,us,us7000p9n3,2025-02-06T19:46:11.040Z,"81 km W of Kendari, Indonesia",earthquake,5.41,4.626,0.089,39,reviewed,us,us
2025-01-28T16:51:17.374Z,-31.6777,-69.0671,107.553,4.8,mww,113,41,0.352,0.73,us,us7000p9n5,2025-01-29T17:00:12.450Z,"34 km WSW of Villa Basilio Nievas, Argentina",earthquake,3.61,5.93,0.127,6,reviewed,us,us
2025-01-28T14:53:34.573Z,0.4607,121.1882,99.303,5.5,mww,234,36,0.763,0.73,us,us6000pmsr,2025-01-29T15:58:47.049Z,"208 km W of Gorontalo, Indonesia",earthquake,5.29,3.776,0.055,32,reviewed,us,us
2025-01-28T13:37:03.917Z,13.1879,-81.6642,10,4.9,mww,229,39,3.635,0.54,us,us6000pmsg,2025-01-29T15:39:14.729Z,"37 km WSW of Mountain, Colombia",earthquake,6.48,1.829,0.055,32,reviewed,us,us
2025-01-28T10:26:33.262Z,-40.5905,175.7885,44.778,5.1,mww,52,79,0.174,1.54,us,us6000pmru,2025-01-30T20:33:16.690Z,"15 km SSW of Pahiatua, New Zealand",earthquake,5.9,5.698,0.089,12,reviewed,us,us
2025-01-28T10:23:35.781Z,-30.3455,-177.9954,66.882,5.1,mb,56,69,1.082,1.17,us,us6000pmrw,2025-01-28T10:56:32.040Z,"Kermadec Islands, New Zealand",earthquake,11.46,7.049,0.04,203,reviewed,us,us
2025-01-28T09:54:00.186Z,-33.0626,166.6063,10,4.9,mb,28,70,4.166,1.2,us,us6000pmrp,2025-01-28T10:34:56.040Z,"northwest of New Zealand",earthquake,8.45,1.928,0.129,21,reviewed,us,us
2025-01-28T09:09:07.288Z,2.4078,132.8792,10,4.6,mb,47,102,5.154,0.48,us,us6000pmri,2025-01-28T10:21:39.040Z,"206 km ESE of Tobi Village, Palau",earthquake,9.25,1.889,0.094,34,reviewed,us,us
2025-01-28T07:57:42.913Z,15.4967,-93.2222,107.123,4.6,mb,54,130,1.304,0.91,us,us6000pmr8,2025-01-28T21:04:46.911Z,"0 km W of El Palmarcito, Mexico",earthquake,6.72,7.661,0.03,338,reviewed,us,us
2025-01-28T06:52:34.959Z,-28.1647,-175.9982,10,5.8,mww,40,138,2.009,0.84,us,us6000pmqw,2025-01-29T06:56:11.031Z,"Kermadec Islands region",earthquake,10.5,1.951,0.051,37,reviewed,us,us
2025-01-28T06:20:27.047Z,46.6553,145.0723,10,4.7,mb,80,126,1.617,0.64,us,us6000pmqt,2025-01-28T06:42:33.040Z,"175 km E of Korsakov, Russia",earthquake,5.34,1.799,0.054,103,reviewed,us,us
2025-01-28T05:09:28.200Z,-14.395,-76.4099,10,5,mb,54,158,2.43,1.01,us,us6000pmqh,2025-01-28T18:41:43.040Z,"60 km SSW of Paracas, Peru",earthquake,9.39,1.943,0.062,83,reviewed,us,us
2025-01-28T04:19:38.786Z,-28.9703,61.1528,10,4.6,mb,21,109,9.183,1.32,us,us6000pmqc,2025-01-28T05:06:59.040Z,"Southwest Indian Ridge",earthquake,12.65,1.909,0.158,12,reviewed,us,us
2025-01-28T00:59:47.990Z,-41.2057,-90.2398,10,5.7,mww,97,26,11.793,0.6,us,us6000pmpq,2025-02-05T20:44:44.803Z,"southeast of Easter Island",earthquake,9.3,1.737,0.063,24,reviewed,us,us
2025-01-28T00:29:10.124Z,-41.1675,-90.5707,10,5.1,mww,44,115,14.646,0.66,us,us6000pmpi,2025-02-05T20:29:32.040Z,"southeast of Easter Island",earthquake,13.62,1.849,0.069,20,reviewed,us,us
2025-01-27T22:41:48.160Z,1.3174,121.782,41.556,4.5,mb,36,101,1.021,0.72,us,us6000pmnt,2025-02-05T20:15:41.040Z,"166 km WNW of Gorontalo, Indonesia",earthquake,8.11,8.811,0.107,26,reviewed,us,us
2025-01-27T19:48:37.629Z,-55.9121,-24.967,10,4.7,mb,39,84,6.811,0.89,us,us7000pbi6,2025-02-07T17:14:41.040Z,"South Sandwich Islands region",earthquake,12.19,1.905,0.092,36,reviewed,us,us
2025-01-27T19:26:05.899Z,-18.6107,-178.0631,524.55,4.6,mb,95,49,3.24,0.66,us,us6000pmmd,2025-02-07T20:55:30.040Z,"283 km ESE of Levuka, Fiji",earthquake,12.25,7.247,0.029,351,reviewed,us,us
2025-01-27T19:01:00.464Z,-31.3269,-177.9669,35,4.8,mb,20,177,2.058,0.89,us,us6000pmm9,2025-02-07T20:41:57.040Z,"Kermadec Islands region",earthquake,11.2,1.97,0.139,16,reviewed,us,us
2025-01-27T18:08:55.655Z,-5.8217,152.865,10,4.5,mb,43,163,1.764,0.83,us,us6000pmm1,2025-02-07T20:35:33.040Z,"176 km SSE of Kokopo, Papua New Guinea",earthquake,9.43,1.92,0.101,29,reviewed,us,us
2025-01-27T17:37:40.359Z,-2.5093,121.217,9.712,4.5,mb,43,56,0.175,0.84,us,us6000pmlw,2025-02-07T19:41:44.040Z,"99 km E of Masamba, Indonesia",earthquake,4.49,4.498,0.112,23,reviewed,us,us
2025-01-27T14:51:23.500Z,18.0413,146.0169,143.939,5.3,mww,139,27,2.793,0.99,us,us6000pmjt,2025-02-10T15:01:26.982Z,"Pagan region, Northern Mariana Islands",earthquake,8.78,4.305,0.066,22,reviewed,us,us
2025-01-27T13:17:55.641Z,-2.6149,141.0096,24.124,4.5,mb,40,76,0.322,0.89,us,us7000pbhr,2025-02-05T16:17:53.040Z,"33 km WNW of Vanimo, Papua New Guinea",earthquake,8.49,5.788,0.109,25,reviewed,us,us
2025-01-27T10:50:12.687Z,-7.2594,129.1932,131.037,4.9,mww,68,60,2.81,0.78,us,us6000pmje,2025-01-27T11:13:00.040Z,"279 km ENE of Lospalos, Timor Leste",earthquake,4.69,5.75,0.093,11,reviewed,us,us
2025-01-27T09:33:38.040Z,28.6171,87.4185,10,4.9,mb,52,107,2.056,1.16,us,us6000pmj5,2025-01-27T11:15:15.040Z,"95 km NE of Lobuche, Nepal",earthquake,7.49,1.883,0.066,71,reviewed,us,us
2025-01-27T07:38:27.834Z,9.3347,40.2412,10,4.7,mb,58,92,3.366,0.93,us,us6000pmiy,2025-01-27T20:16:46.915Z,"39 km NNE of Āwash, Ethiopia",earthquake,10.69,1.925,0.084,43,reviewed,us,us
2025-01-27T06:55:03.771Z,-17.7488,168.0791,35,5.1,mww,57,70,2.438,0.86,us,us6000pmix,2025-02-05T03:57:40.994Z,"24 km W of Port-Vila, Vanuatu",earthquake,7.88,1.913,0.089,12,reviewed,us,us
2025-01-27T06:40:43.407Z,7.3991,124.4644,396.488,4.5,mb,83,45,1.153,0.76,us,us6000pmiv,2025-01-27T07:06:38.040Z,"6 km ESE of Nuyo, Philippines",earthquake,9.96,6.604,0.056,94,reviewed,us,us
2025-01-27T03:06:19.209Z,-50.0592,120.0284,10,4.9,mb,20,101,20.933,0.56,us,us6000pmi4,2025-01-27T03:21:28.040Z,"western Indian-Antarctic Ridge",earthquake,13.99,1.791,0.132,18,reviewed,us,us
2025-01-27T01:56:30.173Z,-9.0954,160.3017,86.122,4.6,mb,39,133,0.488,0.66,us,us6000pmhw,2025-01-27T03:43:41.545Z,"16 km E of Tulagi, Solomon Islands",earthquake,14.29,7.182,0.081,45,reviewed,us,us
2025-01-27T01:48:52.867Z,21.8222,120.3429,10,4.7,mb,61,70,1.203,0.79,us,us6000pmht,2025-01-27T02:07:00.040Z,"46 km WSW of Hengchun, Taiwan",earthquake,6.88,1.896,0.078,50,reviewed,us,us
2025-01-27T01:02:30.527Z,34.4787,45.4863,14.36,4.8,mb,62,75,0.211,1.17,us,us6000pmhp,2025-01-27T11:04:55.208Z,"34 km W of Sarpol-e Z̄ahāb, Iran",earthquake,5.01,4.933,0.068,67,reviewed,us,us
2025-01-27T00:53:05.837Z,-22.5575,172.2881,35,4.8,mb,27,130,4.475,0.94,us,us6000pmhn,2025-02-05T18:33:27.040Z,"southeast of the Loyalty Islands",earthquake,6.21,1.848,0.127,19,reviewed,us,us
2025-01-27T00:29:44.447Z,-7.5964,107.0241,51.136,4.5,mb,34,78,0.635,0.63,us,us6000pmhl,2025-02-05T18:16:43.040Z,"63 km SW of Banjar, Indonesia",earthquake,8.59,7.38,0.118,22,reviewed,us,us
2025-01-27T00:18:49.228Z,22.6832,121.1171,10,5,mb,74,88,0.138,0.64,us,us6000pmhf,2025-01-28T00:37:44.379Z,"72 km ENE of Donggang, Taiwan",earthquake,4.91,1.812,0.065,76,reviewed,us,us
2025-01-26T22:39:13.252Z,53.1731,-167.1997,59,5.6,mww,107,62,0.489,0.98,us,us6000pmgt,2025-02-09T22:49:24.214Z,"89 km SSW of Unalaska, Alaska",earthquake,4.29,1.849,0.048,41,reviewed,us,us
2025-01-26T22:20:11.036Z,-15.8661,-173.9984,99.65,4.5,mb,15,110,2.894,0.51,us,us7000pb9v,2025-02-04T22:36:24.040Z,"23 km WNW of Hihifo, Tonga",earthquake,15.59,10.744,0.191,9,reviewed,us,us
2025-01-26T21:32:51.099Z,-49.5739,125.4047,10,4.9,mb,16,135,16.528,0.58,us,us7000pb9s,2025-02-04T21:35:47.040Z,"western Indian-Antarctic Ridge",earthquake,9.75,1.883,0.15,14,reviewed,us,us
2025-01-26T21:22:39.205Z,-7.4255,156.0118,35,5,mb,70,34,4.377,0.6,us,us6000pmgl,2025-02-04T21:28:24.040Z,"118 km NW of Gizo, Solomon Islands",earthquake,8.83,1.811,0.07,65,reviewed,us,us
2025-01-26T19:22:30.571Z,-2.5298,141.2386,27.921,4.7,mb,50,56,0.535,0.6,us,us6000pmgh,2025-02-07T19:00:22.040Z,"18 km NNW of Vanimo, Papua New Guinea",earthquake,7.05,5.382,0.086,41,reviewed,us,us
2025-01-26T18:45:58.346Z,5.75,127.0098,134.526,4.6,mb,95,94,1.829,0.49,us,us6000pmgd,2025-02-07T18:43:32.040Z,"114 km SE of Pondaguitan, Philippines",earthquake,7.77,5.73,0.048,133,reviewed,us,us
2025-01-26T16:31:46.982Z,25.0985,125.5015,35,4.8,mb,61,73,1.356,0.96,us,us6000pmg4,2025-02-10T21:12:06.430Z,"38 km NNE of Hirara, Japan",earthquake,6.95,1.904,0.057,101,reviewed,us,us
2025-01-26T15:32:30.833Z,6.6868,-73.1248,162.148,4.5,mb,43,81,0.79,0.45,us,us6000pmg0,2025-02-10T17:29:50.040Z,"5 km ENE of Villanueva, Colombia",earthquake,8.34,7.348,0.046,136,reviewed,us,us
2025-01-26T14:47:59.267Z,17.101,147.2578,41.707,4.9,mb,51,116,2.327,0.75,us,us6000pmft,2025-01-26T15:03:41.040Z,"263 km NE of Saipan, Northern Mariana Islands",earthquake,11.7,7.247,0.084,44,reviewed,us,us
2025-01-26T13:52:05.948Z,-6.4153,143.5736,10,4.8,mb,52,54,4.032,0.89,us,us7000pb9h,2025-02-07T21:47:33.040Z,"30 km SSW of Mendi, Papua New Guinea",earthquake,7.56,1.87,0.078,51,reviewed,us,us
2025-01-26T13:37:33.048Z,53.174,159.9854,69.822,5.3,mb,59,119,0.819,1.01,us,us6000pmfn,2025-01-26T13:57:01.040Z,"91 km E of Petropavlovsk-Kamchatsky, Russia",earthquake,9.9,7.214,0.022,703,reviewed,us,us
2025-01-26T13:18:03.867Z,-56.2596,-26.9527,119.395,4.5,mb,28,86,5.799,0.55,us,us7000pb9r,2025-02-08T21:33:29.040Z,"South Sandwich Islands region",earthquake,6.61,8.007,0.096,32,reviewed,us,us
2025-01-26T11:24:03.017Z,-59.5687,-26.4695,115.248,5.1,mb,63,81,19.351,0.54,us,us6000pmf5,2025-01-26T11:43:14.040Z,"South Sandwich Islands region",earthquake,13.45,7.648,0.064,79,reviewed,us,us
2025-01-26T06:13:38.139Z,-17.7001,168.0872,47.197,5.3,mww,65,123,2.395,0.55,us,us6000pme3,2025-02-09T12:33:56.894Z,"24 km W of Port-Vila, Vanuatu",earthquake,9.41,6.889,0.075,17,reviewed,us,us
2025-01-26T05:57:24.552Z,-15.6329,-174.5584,170.546,4.5,mb,36,53,3.186,0.49,us,us6000pme2,2025-02-09T12:28:01.040Z,"89 km WNW of Hihifo, Tonga",earthquake,12.3,7.636,0.097,31,reviewed,us,us
2025-01-25T23:38:52.790Z,23.1079,120.4476,10,5.2,mww,102,33,0.254,0.69,us,us6000pmct,2025-02-10T04:53:47.153Z,"2 km SW of Yujing, Taiwan",earthquake,5.41,1.82,0.052,35,reviewed,us,us
2025-01-25T23:19:38.792Z,-2.9,141.717,35,4.6,mb,41,77,1.083,0.84,us,us6000pmcm,2025-02-10T05:40:48.040Z,"51 km ESE of Vanimo, Papua New Guinea",earthquake,4.57,1.924,0.072,58,reviewed,us,us
2025-01-25T16:10:50.281Z,22.7148,120.6742,16.833,4.7,mwr,125,40,0.388,0.78,us,us6000pmbc,2025-01-28T17:45:04.091Z,"36 km NE of Donggang, Taiwan",earthquake,4.99,3.79,0.061,26,reviewed,us,us
2025-01-25T13:00:31.173Z,23.2642,120.4426,10,4.5,mb,48,122,0.176,1.06,us,us6000pmam,2025-01-25T13:20:41.040Z,"15 km N of Yujing, Taiwan",earthquake,3.13,1.819,0.103,28,reviewed,us,us
2025-01-25T11:49:17.384Z,23.221,120.5073,10,5.1,mww,106,39,0.138,0.86,us,us6000pmaf,2025-02-09T07:26:34.208Z,"11 km NNE of Yujing, Taiwan",earthquake,4.84,1.829,0.068,21,reviewed,us,us
2025-01-25T10:46:14.354Z,-19.1227,169.5438,253.607,4.5,mb,53,109,3.988,0.95,us,us6000pmab,2025-02-09T07:16:37.040Z,"53 km NNE of Isangel, Vanuatu",earthquake,12.14,8.368,0.081,44,reviewed,us,us
2025-01-25T10:06:57.016Z,-7.0941,129.2823,164.481,4.5,mb,45,89,2.629,0.59,us,us6000pma3,2025-02-09T07:14:26.040Z,"297 km ENE of Lospalos, Timor Leste",earthquake,9.35,7.647,0.089,37,reviewed,us,us
2025-01-25T07:11:20.801Z,20.2853,94.8928,10,4.5,mb,30,187,0.916,1,us,us6000pm9m,2025-01-25T13:27:40.040Z,"11 km N of Minbu, Myanmar",earthquake,6.82,1.948,0.115,22,reviewed,us,us
2025-01-25T05:36:41.019Z,43.2894,-126.8461,10,4.7,mb,188,184,1.604,0.71,us,us6000pm9b,2025-02-10T05:46:52.520Z,"199 km W of Bandon, Oregon",earthquake,7.17,1.94,0.046,147,reviewed,us,us
2025-01-25T04:57:56.150Z,-3.5872,131.3548,10,4.8,mb,36,78,1.112,0.63,us,us6000pm95,2025-01-25T05:20:11.040Z,"127 km SW of Fakfak, Indonesia",earthquake,5.8,1.909,0.097,35,reviewed,us,us
2025-01-25T03:39:34.806Z,-27.5808,-72.2502,10,4.6,mb,34,144,1.212,1.02,us,us6000pm8t,2025-01-25T11:24:05.195Z,"183 km NW of Vallenar, Chile",earthquake,5.79,1.902,0.095,33,reviewed,us,us
2025-01-25T03:08:22.807Z,22.0754,144.3988,43.46,4.9,mb,82,97,5.389,0.91,us,us6000pm8m,2025-01-25T03:32:24.040Z,"Volcano Islands, Japan region",earthquake,11.06,7.148,0.044,166,reviewed,us,us
2025-01-24T22:01:56.527Z,23.161,120.4274,10,4.9,mb,66,72,0.232,0.9,us,us6000pm7g,2025-02-10T23:57:16.403Z,"5 km NW of Yujing, Taiwan",earthquake,3.38,1.824,0.057,96,reviewed,us,us
2025-01-24T18:55:15.907Z,81.5539,-3.9623,10,4.5,mb,127,33,1.869,0.56,us,us6000pm62,2025-01-24T21:55:08.040Z,"north of Svalbard",earthquake,5.02,1.87,0.051,118,reviewed,us,us
2025-01-24T18:26:51.855Z,-3.9254,150.7678,10,5.7,mww,154,24,1.417,0.56,us,us6000pm5y,2025-01-28T16:50:55.771Z,"149 km S of Kavieng, Papua New Guinea",earthquake,6.02,1.751,0.054,33,reviewed,us,us
2025-01-24T16:19:05.056Z,-18.0678,-69.3147,122.665,5.3,mww,114,56,1.022,1.09,us,us6000pm4b,2025-02-10T20:28:20.068Z,"75 km ESE of Palca, Peru",earthquake,6.46,4.846,0.078,16,reviewed,us,us
2025-01-24T16:05:23.458Z,-11.3212,163.196,57.294,4.6,mb,29,127,3.703,0.63,us,us6000pm46,2025-02-10T18:12:56.040Z,"169 km SE of Kirakira, Solomon Islands",earthquake,10.5,9.117,0.103,28,reviewed,us,us
2025-01-24T15:51:48.288Z,28.104,52.3599,10,4.7,mb,40,103,4.664,0.71,us,us6000pm3b,2025-01-25T04:42:04.771Z,"79 km NW of Mohr, Iran",earthquake,8.09,1.803,0.07,62,reviewed,us,us
2025-01-24T13:56:53.202Z,9.1487,40.0209,10,4.6,mb,27,121,1.349,0.86,us,us6000pm7l,2025-02-08T08:00:16.040Z,"24 km NW of Āwash, Ethiopia",earthquake,8.03,1.804,0.14,15,reviewed,us,us
2025-01-24T13:54:26.703Z,9.1373,40.163,10,4.7,mb,35,185,1.485,0.67,us,us6000pm1e,2025-02-06T13:21:22.844Z,"17 km N of Āwash, Ethiopia",earthquake,7.28,1.76,0.11,25,reviewed,us,us
2025-01-24T13:37:10.907Z,-4.0441,121.8301,10,5,mb,69,55,1.252,0.86,us,us6000pm1b,2025-02-09T12:44:15.622Z,"76 km W of Kendari, Indonesia",earthquake,5.1,1.852,0.067,70,reviewed,us,us
2025-01-24T11:18:41.411Z,23.1407,120.4284,10,4.8,mww,83,96,0.244,0.9,us,us6000pm0v,2025-01-27T11:48:44.040Z,"3 km WNW of Yujing, Taiwan",earthquake,3.36,1.854,0.073,18,reviewed,us,us
2025-01-24T08:03:32.670Z,-48.9273,122.9527,10,4.5,mb,15,137,16.547,0.89,us,us7000paej,2025-02-01T07:36:55.040Z,"western Indian-Antarctic Ridge",earthquake,9.74,1.93,0.144,14,reviewed,us,us
2025-01-24T06:27:37.733Z,-46.8387,32.854,10,4.9,mb,19,103,13.071,1.03,us,us6000plzq,2025-02-08T07:30:50.040Z,"Prince Edward Islands region",earthquake,12.39,1.906,0.128,19,reviewed,us,us
2025-01-24T05:59:17.789Z,28.8632,87.5218,10,4.6,mb,67,97,2.243,0.52,us,us6000plzm,2025-02-06T12:42:17.146Z,"Southern Tibetan Plateau",earthquake,9.84,1.865,0.067,66,reviewed,us,us
2025-01-24T04:26:57.909Z,-41.0888,-86.1322,10,4.9,mb,31,217,10.079,1.13,us,us6000plzg,2025-01-24T04:48:03.040Z,"West Chile Rise",earthquake,11.95,1.984,0.062,83,reviewed,us,us
2025-01-24T03:30:06.508Z,30.8267,142.1121,10,4.5,mb,16,156,3.718,0.36,us,us7000paem,2025-02-05T01:40:45.040Z,"Izu Islands, Japan region",earthquake,11.5,1.843,0.156,12,reviewed,us,us
2025-01-24T02:53:59.754Z,-1.9784,138.9072,23.076,4.6,mb,36,79,1.872,0.74,us,us6000plz7,2025-01-24T04:18:11.040Z,"203 km WNW of Abepura, Indonesia",earthquake,7.19,4.037,0.103,34,reviewed,us,us
2025-01-24T01:01:43.693Z,9.3248,40.1013,10,4.7,mb,33,114,3.478,1.19,us,us6000plyr,2025-01-24T01:41:55.040Z,"38 km N of Āwash, Ethiopia",earthquake,12.02,1.938,0.108,26,reviewed,us,us
2025-01-23T23:01:20.498Z,-19.3363,115.1962,35,4.8,mb,24,74,3.411,0.76,us,us6000ply9,2025-02-11T03:12:06.040Z,"216 km NW of Dampier, Australia",earthquake,9.97,1.933,0.109,26,reviewed,us,us
2025-01-23T20:03:32.613Z,13.0732,145.7334,10,4.5,mb,62,85,0.986,0.84,us,us7000padr,2025-01-31T18:44:04.040Z,"104 km ESE of Yigo Village, Guam",earthquake,6.41,1.904,0.08,46,reviewed,us,us
2025-01-23T19:59:27.787Z,-27.6207,-13.2861,10,4.9,mb,65,58,9.455,0.81,us,us6000plwx,2025-01-31T21:11:06.040Z,"southern Mid-Atlantic Ridge",earthquake,10.71,1.861,0.064,77,reviewed,us,us
2025-01-23T19:23:36.273Z,24.6223,95.093,117.542,5,mb,127,25,3.404,0.59,us,us6000plwf,2025-01-31T21:02:45.399Z,"104 km E of Wāngjing, India",earthquake,7.82,6.114,0.036,243,reviewed,us,us
2025-01-23T18:51:46.454Z,10.6816,125.5357,17.206,4.6,mb,70,96,3.589,0.86,us,us6000plwd,2025-01-31T19:57:43.040Z,"35 km N of Loreto, Philippines",earthquake,10.36,4.458,0.065,71,reviewed,us,us
2025-01-23T16:19:28.833Z,8.9016,40.0624,10,4.6,mb,49,78,1.366,0.91,us,us6000plte,2025-02-10T17:07:32.040Z,"14 km SW of Āwash, Ethiopia",earthquake,6.57,1.896,0.072,57,reviewed,us,us
2025-01-23T15:04:48.944Z,53.0878,159.717,66.886,4.7,mb,112,97,0.647,0.72,us,us6000plt6,2025-02-10T16:53:35.040Z,"73 km E of Petropavlovsk-Kamchatsky, Russia",earthquake,10.56,5.914,0.043,166,reviewed,us,us
2025-01-23T11:14:03.975Z,-12.8369,168.919,621.413,5.6,mww,77,34,3.082,0.71,us,us6000plst,2025-01-25T19:02:00.182Z,"187 km NE of Sola, Vanuatu",earthquake,7.77,7.156,0.061,26,reviewed,us,us
2025-01-23T09:53:15.261Z,-7.2372,120.8541,493.914,4.5,mb,53,34,1.952,0.69,us,us6000plsl,2025-01-23T10:44:09.040Z,"157 km NNE of Ruteng, Indonesia",earthquake,11.34,6.85,0.121,20,reviewed,us,us
2025-01-23T09:50:54.525Z,11.9278,142.2578,51.245,4.9,mb,43,111,3.035,1.12,us,us6000plsn,2025-01-24T11:04:46.249Z,"south of the Mariana Islands",earthquake,12.67,6.752,0.05,127,reviewed,us,us
2025-01-23T08:23:27.245Z,-10.6283,163.9831,10,4.5,mb,39,93,4.147,0.64,us,us7000padg,2025-02-08T12:26:51.040Z,"198 km W of Lata, Solomon Islands",earthquake,10.88,1.902,0.083,43,reviewed,us,us
2025-01-23T06:17:42.997Z,-19.0622,169.5089,259.936,4.7,mb,85,86,4.025,0.48,us,us6000plrx,2025-01-23T06:36:52.040Z,"58 km NNE of Isangel, Vanuatu",earthquake,5.57,8.421,0.063,75,reviewed,us,us
2025-01-23T05:42:13.120Z,28.1866,52.3153,10,4.7,mb,98,74,4.748,0.65,us,us6000plru,2025-01-23T05:57:53.040Z,"77 km SSW of Fīrūzābād, Iran",earthquake,8.07,1.87,0.062,80,reviewed,us,us
2025-01-23T05:22:53.721Z,8.9934,39.9601,10,4.9,mb,69,90,3.798,0.54,us,us6000plrr,2025-01-28T21:16:38.104Z,"11 km NNE of Metahāra, Ethiopia",earthquake,8.76,1.789,0.076,55,reviewed,us,us
2025-01-23T03:41:09.640Z,7.6743,122.0595,10,5.4,mww,82,32,3.542,1.01,us,us6000plrc,2025-01-25T17:49:24.916Z,"9 km WSW of Siocon, Philippines",earthquake,8.4,1.853,0.068,21,reviewed,us,us
2025-01-23T02:18:06.604Z,8.9228,39.8699,10,4.5,mb,32,141,3.911,1.1,us,us6000plr5,2025-01-28T20:40:10.039Z,"5 km WNW of Metahāra, Ethiopia",earthquake,12.36,1.945,0.121,20,reviewed,us,us
2025-01-23T01:56:56.198Z,14.4748,-90.5114,187.367,4.8,mb,89,109,0.058,0.96,us,us6000plr3,2025-01-23T02:20:31.040Z,"2 km ESE of Villa Canales, Guatemala",earthquake,8.93,6.702,0.036,243,reviewed,us,us
2025-01-22T23:39:46.079Z,10.131,125.1803,9,5.7,mww,139,37,3.067,0.87,us,us6000plql,2025-01-27T19:16:28.689Z,"7 km ESE of Liloan, Philippines",earthquake,8.86,1.76,0.047,43,reviewed,us,us
2025-01-22T23:09:04.977Z,36.9676,139.358,10,4.5,mb,49,121,1.018,0.81,us,us6000plqf,2025-01-22T23:35:30.040Z,"16 km NNE of Katashina, Japan",earthquake,6.81,1.87,0.081,45,reviewed,us,us
2025-01-22T19:40:39.315Z,-29.5467,-177.2628,59.925,4.6,mb,14,215,0.64,0.92,us,us7000pacl,2025-02-03T17:07:09.040Z,"Kermadec Islands, New Zealand",earthquake,12.97,7.322,0.193,8,reviewed,us,us
2025-01-22T19:30:53.007Z,-27.7765,-176.4304,10,4.6,mb,30,135,1.97,0.59,us,us7000pacm,2025-02-03T16:50:04.040Z,"Kermadec Islands region",earthquake,14.03,1.864,0.133,17,reviewed,us,us
2025-01-22T19:06:32.823Z,11.7692,143.7395,10,4.7,mb,46,145,2.118,0.68,us,us6000plnt,2025-02-03T16:27:49.040Z,"193 km SSW of Merizo Village, Guam",earthquake,10.33,1.931,0.093,35,reviewed,us,us
2025-01-22T18:42:00.710Z,-22.5521,-179.2497,542.558,4.6,mb,84,100,6.181,1,us,us6000plnj,2025-02-03T16:07:44.040Z,"south of the Fiji Islands",earthquake,11.82,7.366,0.062,78,reviewed,us,us
2025-01-22T18:26:08.476Z,-42.1,88.2908,10,5.3,mww,85,51,24.623,0.52,us,us6000plnf,2025-02-03T15:54:55.040Z,"southeast Indian Ridge",earthquake,11.28,1.779,0.098,10,reviewed,us,us
2025-01-22T17:49:29.759Z,37.0225,139.311,10,4.8,mww,122,68,1.007,0.81,us,us6000plms,2025-02-03T15:43:04.890Z,"20 km NNE of Katashina, Japan",earthquake,6.2,1.79,0.073,18,reviewed,us,us
2025-01-22T15:27:43.568Z,24.7277,93.1005,10,4.5,mb,47,87,3.884,0.81,us,us6000pll1,2025-01-22T16:19:42.823Z,"11 km SE of Lakhipur, India",earthquake,5.83,1.913,0.099,30,reviewed,us,us
2025-01-22T13:33:18.834Z,9.6959,126.2155,14.651,4.7,mb,77,69,2.684,0.73,us,us6000plkt,2025-01-22T21:49:00.028Z,"13 km ESE of Union, Philippines",earthquake,7.88,4.486,0.061,82,reviewed,us,us
2025-01-22T13:26:09.059Z,51.5924,-176.7303,60.766,4.9,mb,85,135,0.369,0.77,us,us6000plkr,2025-01-22T14:04:19.792Z,"32 km SSW of Adak, Alaska",earthquake,8.2,4.266,0.033,289,reviewed,us,us
2025-01-22T11:36:52.763Z,-53.5742,-136.1241,10,4.6,mb,17,172,28.147,0.86,us,us7000pacd,2025-02-09T14:31:31.040Z,"Pacific-Antarctic Ridge",earthquake,15.8,1.926,0.137,16,reviewed,us,us
2025-01-22T10:06:52.451Z,-24.7829,178.8059,579.419,4.6,mb,23,83,5.313,0.34,us,us7000paca,2025-02-08T14:49:11.040Z,"south of the Fiji Islands",earthquake,14.32,16.171,0.105,27,reviewed,us,us
2025-01-22T09:47:50.724Z,-20.8169,168.5583,10,5,mb,53,86,2.065,0.71,us,us6000plk7,2025-02-08T14:46:20.040Z,"107 km NE of Tadine, New Caledonia",earthquake,9.76,1.871,0.052,119,reviewed,us,us
2025-01-22T08:11:47.033Z,22.0402,121.4742,30.131,4.9,mb,51,74,0.855,1.05,us,us6000pljv,2025-01-22T08:46:14.040Z,"75 km E of Hengchun, Taiwan",earthquake,8.58,6.334,0.07,63,reviewed,us,us
2025-01-22T00:26:12.834Z,-27.8423,-13.3851,10,4.6,mb,18,92,29.603,0.78,us,us7000pac2,2025-02-02T23:15:11.040Z,"southern Mid-Atlantic Ridge",earthquake,12.5,1.88,0.129,18,reviewed,us,us
2025-01-22T00:14:16.435Z,23.2434,120.6026,12.255,4.5,mb,37,93,0.062,0.59,us,us6000plis,2025-01-31T00:29:54.040Z,"19 km NE of Yujing, Taiwan",earthquake,1.77,2.678,0.131,17,reviewed,us,us
2025-01-22T00:06:59.284Z,-27.63,-13.2994,10,4.9,mb,43,74,29.368,0.83,us,us7000pabr,2025-02-02T22:33:05.040Z,"southern Mid-Atlantic Ridge",earthquake,11.81,1.872,0.089,40,reviewed,us,us
2025-01-21T23:34:45.595Z,-17.7789,-178.6954,538.501,4.6,mb,50,76,2.257,0.78,us,us6000plip,2025-01-31T00:27:46.040Z,"213 km E of Levuka, Fiji",earthquake,13.41,7.931,0.092,37,reviewed,us,us
2025-01-21T22:37:20.498Z,35.5029,89.4117,59.423,4.5,mb,63,99,5.961,0.93,us,us6000plig,2025-01-31T00:21:20.040Z,"western Xizang",earthquake,9.64,7.498,0.072,57,reviewed,us,us
2025-01-21T22:05:38.041Z,-27.7039,-13.4588,10,4.6,mb,15,96,9.387,0.57,us,us7000pa52,2025-01-31T00:15:52.040Z,"southern Mid-Atlantic Ridge",earthquake,12.09,1.914,0.152,13,reviewed,us,us
2025-01-21T21:44:48.870Z,9.1415,40.0752,10,5.1,mww,64,91,1.4,0.41,us,us6000pli7,2025-01-30T23:58:16.298Z,"20 km NNW of Āwash, Ethiopia",earthquake,7.11,1.888,0.093,11,reviewed,us,us
2025-01-21T21:12:21.256Z,-55.6557,-25.8183,10,4.7,mb,29,188,6.297,0.93,us,us7000pa4w,2025-01-30T23:31:03.040Z,"South Sandwich Islands region",earthquake,12.48,1.971,0.104,28,reviewed,us,us
2025-01-21T21:03:21.070Z,-27.8504,-13.3538,10,4.6,mb,14,78,19.833,0.61,us,us7000pa53,2025-01-30T23:15:10.040Z,"southern Mid-Atlantic Ridge",earthquake,14.75,1.932,0.151,13,reviewed,us,us
2025-01-21T20:46:28.515Z,-23.8187,-179.7575,536.33,4.8,mb,49,98,5.665,0.86,us,us6000plhu,2025-02-02T21:46:39.040Z,"south of the Fiji Islands",earthquake,10.74,7.06,0.08,48,reviewed,us,us
2025-01-21T20:38:43.890Z,39.4549,26.2835,10,5,mww,130,22,0.616,0.7,us,us6000plhn,2025-02-02T21:41:39.269Z,"6 km SW of Behram, Turkey",earthquake,5.27,1.767,0.053,34,reviewed,us,us
2025-01-21T20:00:51.944Z,-3.0273,148.4775,10,5.3,mww,97,83,1.479,0.76,us,us6000plhj,2025-02-02T21:22:45.040Z,"173 km SE of Lorengau, Papua New Guinea",earthquake,7.04,1.814,0.063,24,reviewed,us,us
2025-01-21T19:05:44.983Z,-27.575,-13.4771,10,4.5,mb,18,92,29.638,0.52,us,us7000pa50,2025-02-02T20:36:26.040Z,"southern Mid-Atlantic Ridge",earthquake,13.41,1.596,0.164,12,reviewed,us,us
2025-01-21T18:52:56.457Z,-3.383,149.0355,28.382,4.6,mb,39,135,2.133,0.71,us,us7000pa4s,2025-02-02T19:42:16.040Z,"215 km WSW of Kavieng, Papua New Guinea",earthquake,5.93,5.936,0.101,29,reviewed,us,us
2025-01-21T18:48:21.736Z,21.4057,121.0111,11.338,5.1,mww,148,44,1.407,0.82,us,us6000plh9,2025-02-02T19:31:53.209Z,"71 km SSE of Hengchun, Taiwan",earthquake,7.05,3.569,0.065,23,reviewed,us,us
2025-01-21T18:42:14.541Z,-31.4304,-178.0207,35.772,4.8,mb,29,176,2.163,1.1,us,us6000plh8,2025-02-02T19:16:42.002Z,"Kermadec Islands region",earthquake,14.54,6.577,0.1,31,reviewed,us,us
2025-01-21T18:37:47.480Z,-27.4457,-13.1986,10,4.6,mb,12,99,13.358,0.6,us,us7000pa4z,2025-02-02T19:12:34.040Z,"southern Mid-Atlantic Ridge",earthquake,14.93,1.62,0.165,11,reviewed,us,us
2025-01-21T16:58:16.828Z,-21.358,-68.569,116.638,4.7,mww,100,46,0.763,0.94,us,us6000plfq,2025-01-22T13:44:02.820Z,"35 km WSW of Ollagüe, Chile",earthquake,5.12,5.61,0.103,9,reviewed,us,us
2025-01-21T13:40:18.062Z,23.3572,-108.2196,10,5.3,mww,218,172,7.217,0.72,us,us6000plfb,2025-01-26T05:46:37.138Z,"132 km SSW of Las Arenitas, Mexico",earthquake,10.01,1.925,0.04,59,reviewed,us,us
2025-01-21T13:32:53.619Z,-1.2582,-24.3086,10,4.9,mb,43,93,11.924,0.67,us,us6000plfc,2025-01-21T14:16:08.040Z,"central Mid-Atlantic Ridge",earthquake,10.38,1.874,0.092,37,reviewed,us,us
2025-01-21T11:55:04.853Z,52.6777,-166.6143,17.822,5,mb,111,136,1.074,0.85,us,us6000plew,2025-02-09T12:05:13.100Z,"133 km S of Unalaska, Alaska",earthquake,5.73,4.916,0.043,172,reviewed,us,us
2025-01-21T11:16:02.010Z,0.8502,126.571,48.425,4.9,mb,97,61,0.799,0.64,us,us6000plem,2025-01-21T16:00:09.040Z,"90 km W of Ternate, Indonesia",earthquake,5.76,6.803,0.062,83,reviewed,us,us
2025-01-21T11:15:30.546Z,-3.7368,151.5823,10,5.5,mww,72,84,0.735,0.58,us,us6000plel,2025-01-22T14:37:20.040Z,"82 km NW of Rabaul, Papua New Guinea",earthquake,6.05,1.81,0.066,22,reviewed,us,us
2025-01-21T10:57:25.604Z,-3.6476,151.5443,10,4.8,mb,39,85,0.82,0.65,us,us6000plei,2025-01-21T11:20:35.040Z,"91 km NW of Rabaul, Papua New Guinea",earthquake,6.68,1.916,0.107,28,reviewed,us,us
2025-01-21T07:25:46.587Z,-19.3997,169.3777,209.43,4.9,mb,54,113,3.671,0.79,us,us6000pldv,2025-01-21T07:43:33.040Z,"18 km NNE of Isangel, Vanuatu",earthquake,10.17,7.884,0.04,196,reviewed,us,us
2025-01-21T06:05:14.046Z,-27.5196,-13.4234,10,5.5,mww,93,42,13.529,0.73,us,us6000pldh,2025-02-10T13:41:32.343Z,"southern Mid-Atlantic Ridge",earthquake,10.61,1.786,0.139,5,reviewed,us,us
2025-01-21T05:47:51.148Z,13.4344,144.3969,137.242,5.5,mww,100,54,0.484,0.83,us,us6000pldf,2025-02-09T05:57:56.304Z,"29 km WNW of Agat Village, Guam",earthquake,8.76,4.951,0.065,23,reviewed,us,us
2025-01-21T05:36:11.488Z,-27.4672,-13.3529,10,5.1,mb,88,68,26.999,0.48,us,us6000plde,2025-02-10T13:54:28.040Z,"southern Mid-Atlantic Ridge",earthquake,6.64,1.824,0.064,80,reviewed,us,us
2025-01-21T05:29:32.506Z,-27.1926,-13.3658,10,4.9,mb,41,67,27.972,0.59,us,us6000pldc,2025-01-21T05:46:06.040Z,"southern Mid-Atlantic Ridge",earthquake,13.5,1.894,0.089,40,reviewed,us,us
2025-01-21T05:13:36.180Z,-27.7265,-13.1569,10,5.2,mww,44,58,27.818,0.55,us,us6000pld9,2025-02-10T14:02:44.040Z,"southern Mid-Atlantic Ridge",earthquake,12.35,1.702,0.11,8,reviewed,us,us
2025-01-21T04:01:34.577Z,-28.2226,-13.5597,10,4.8,mb,23,100,28.209,1.46,us,us6000pld4,2025-01-21T05:40:45.040Z,"southern Mid-Atlantic Ridge",earthquake,11.8,1.885,0.124,20,reviewed,us,us
2025-01-21T02:10:42.030Z,18.4423,145.7779,189.666,4.8,mb,50,112,3.184,0.56,us,us6000plcp,2025-01-21T02:22:38.040Z,"Pagan region, Northern Mariana Islands",earthquake,9.46,8.249,0.087,41,reviewed,us,us
2025-01-21T00:14:23.524Z,28.3379,87.4351,52.722,4.8,mb,62,74,1.979,0.59,us,us6000plca,2025-01-30T22:56:18.040Z,"Southern Tibetan Plateau",earthquake,5.54,7.253,0.051,120,reviewed,us,us
2025-01-20T23:26:07.107Z,15.4733,145.7011,132.1,4.8,mb,55,129,0.246,0.38,us,us6000plc2,2025-01-30T23:36:13.188Z,"29 km N of Saipan, Northern Mariana Islands",earthquake,14.74,7.396,0.088,40,reviewed,us,us
2025-01-20T21:03:12.174Z,28.4295,87.4664,10,5,mb,96,39,2.031,0.79,us,us6000plbf,2025-01-30T21:57:59.142Z,"Southern Tibetan Plateau",earthquake,7.32,1.464,0.041,194,reviewed,us,us
2025-01-20T19:19:18.128Z,43.9425,147.9665,35,4.6,mb,65,137,3.879,0.71,us,us6000plb2,2025-01-31T17:13:36.040Z,"101 km E of Shikotan, Russia",earthquake,10.73,1.932,0.078,49,reviewed,us,us
2025-01-20T18:14:37.084Z,38.8131,141.5197,76.386,4.6,mb,57,97,2.005,0.69,us,us6000play,2025-01-31T16:54:41.040Z,"33 km SSW of Ōfunato, Japan",earthquake,8.24,7.667,0.069,63,reviewed,us,us
2025-01-20T17:42:31.395Z,23.1586,120.4736,10.872,4.8,mwr,71,58,0.201,0.73,us,us6000pl9y,2025-01-31T16:23:06.040Z,"3 km NNE of Yujing, Taiwan",earthquake,3.36,4.121,0.069,20,reviewed,us,us
2025-01-20T16:56:56.940Z,23.1837,120.4274,10,4.6,mb,52,87,0.219,0.73,us,us7000pa2g,2025-02-02T17:06:44.067Z,"7 km NNW of Yujing, Taiwan",earthquake,3.46,1.735,0.088,38,reviewed,us,us
2025-01-20T16:29:22.637Z,23.1503,120.4457,10,4.6,mb,57,80,0.226,0.69,us,us7000pa2f,2025-02-02T15:47:44.040Z,"3 km NNW of Yujing, Taiwan",earthquake,3.23,0.79,0.091,36,reviewed,us,us
2025-01-20T16:26:24.700Z,23.134,120.4374,10,5.1,mb,102,103,0.242,0.7,us,us6000pl8l,2025-02-02T15:35:50.587Z,"2 km WNW of Yujing, Taiwan",earthquake,5.52,1.812,0.059,94,reviewed,us,us
2025-01-20T16:17:26.768Z,23.1678,120.5468,16,6,mww,151,29,0.152,0.65,us,us6000pl8h,2025-02-03T09:24:39.265Z,"9 km ENE of Yujing, Taiwan",earthquake,4.72,1.721,0.044,50,reviewed,us,us
2025-01-20T14:49:37.698Z,-23.8013,-112.0219,10,5.4,mww,98,65,4.081,0.45,us,us6000pl89,2025-01-31T20:26:54.296Z,"Easter Island region",earthquake,6.93,1.79,0.073,18,reviewed,us,us
2025-01-20T14:46:13.061Z,-23.9012,-111.7931,10,5.2,mb,68,72,3.882,0.84,us,us7000pa2l,2025-01-30T20:07:43.040Z,"Easter Island region",earthquake,12.78,1.814,0.047,151,reviewed,us,us
2025-01-20T14:39:02.124Z,-23.8399,-111.7499,10,4.9,mb,74,72,3.912,0.69,us,us7000pa2c,2025-01-30T19:32:35.040Z,"Easter Island region",earthquake,13.09,1.815,0.077,53,reviewed,us,us
2025-01-20T13:59:55.434Z,29.5398,104.9021,10,4.5,mb,54,39,4.054,0.55,us,us6000pl82,2025-01-30T18:21:45.040Z,"16 km WSW of Neijiang, China",earthquake,6.53,1.824,0.088,38,reviewed,us,us
2025-01-20T11:20:36.839Z,7.4323,91.5683,10,5.3,mww,109,33,5.777,0.63,us,us6000pl7f,2025-02-10T14:27:49.825Z,"Nicobar Islands, India region",earthquake,6.85,1.731,0.093,11,reviewed,us,us
2025-01-20T10:43:02.069Z,13.9717,120.6437,136.164,5.4,mww,126,18,8.808,0.86,us,us6000pl78,2025-01-21T17:07:29.040Z,"0 km ENE of Binubusan, Philippines",earthquake,9.24,4.81,0.043,52,reviewed,us,us
2025-01-20T08:49:04.079Z,-11.711,165.2979,35,4.9,mb,37,65,4.15,0.54,us,us6000pl6v,2025-01-20T10:08:35.040Z,"121 km SSW of Lata, Solomon Islands",earthquake,6.88,1.881,0.106,29,reviewed,us,us
2025-01-20T08:38:43.517Z,-11.3327,165.8206,35,5.6,mww,55,36,4.305,0.97,us,us6000pl6q,2025-01-22T14:23:53.040Z,"67 km S of Lata, Solomon Islands",earthquake,10.05,1.852,0.062,25,reviewed,us,us
2025-01-20T05:57:17.075Z,10.3092,91.7575,10,5,mb,57,154,7.204,0.98,us,us6000pl6c,2025-01-20T06:18:20.040Z,"184 km SW of Port Blair, India",earthquake,10.38,1.898,0.083,46,reviewed,us,us
2025-01-19T21:07:51.467Z,33.133,102.6644,27.009,4.7,mb,90,41,2.942,0.54,us,us6000pl4q,2025-01-29T21:42:34.040Z,"58 km ESE of Cairima, China",earthquake,7.55,4.445,0.071,60,reviewed,us,us
2025-01-19T20:30:44.524Z,-23.7219,-111.8328,10,4.5,mb,39,157,4.052,0.5,us,us7000p9vb,2025-01-30T17:02:42.040Z,"Easter Island region",earthquake,12.75,1.919,0.093,34,reviewed,us,us
2025-01-19T19:45:47.207Z,-10.6739,163.9432,10,4.5,mb,54,97,4.122,0.48,us,us7000p9va,2025-01-30T16:12:29.040Z,"202 km W of Lata, Solomon Islands",earthquake,10.18,1.874,0.085,41,reviewed,us,us
2025-01-19T17:56:44.997Z,28.3527,87.5481,10,4.5,mb,77,106,2.079,0.67,us,us6000pl3u,2025-01-31T15:53:08.040Z,"Southern Tibetan Plateau",earthquake,5.36,1.822,0.064,71,reviewed,us,us
2025-01-19T17:51:30.024Z,38.7,-27.2052,10,4.6,mb,76,59,1.621,0.83,us,us7000p9v8,2025-02-09T13:41:42.664Z,"4 km NNW of Ribeirinha, Portugal",earthquake,8.72,1.861,0.063,74,reviewed,us,us
2025-01-19T11:31:41.412Z,-35.7862,179.4543,75.988,4.5,mb,18,262,1.998,0.68,us,us6000pl33,2025-01-30T06:33:47.040Z,"226 km NNE of Hicks Bay, New Zealand",earthquake,13.66,13.455,0.156,12,reviewed,us,us
2025-01-19T11:20:29.023Z,0.0558,126.7046,56.167,4.5,mb,37,58,0.972,0.58,us,us6000pl2z,2025-01-30T06:32:04.040Z,"111 km SW of Ternate, Indonesia",earthquake,4.68,8.604,0.119,22,reviewed,us,us
2025-01-19T10:27:23.532Z,-5.4925,147.0696,197.896,4.8,mb,36,50,3.439,0.69,us,us6000pl2t,2025-01-30T06:21:51.040Z,"136 km N of Lae, Papua New Guinea",earthquake,5.42,8.464,0.109,26,reviewed,us,us
2025-01-19T09:58:43.922Z,-4.9245,144.5043,113.665,4.5,mb,76,64,4.043,0.9,us,us6000pl2r,2025-01-30T06:19:59.040Z,"107 km SSE of Angoram, Papua New Guinea",earthquake,8.06,7.608,0.068,64,reviewed,us,us
2025-01-19T06:28:33.580Z,7.5187,-74.7977,75.464,4.5,mb,44,101,1.506,0.72,us,us6000pl25,2025-01-30T08:50:45.040Z,"8 km ENE of Zaragoza, Colombia",earthquake,6.35,7.873,0.083,42,reviewed,us,us
2025-01-19T02:20:25.798Z,29.9577,50.6703,10,4.6,mb,64,78,6.504,0.66,us,us6000pl0x,2025-02-07T00:07:53.707Z,"44 km NNE of Bandar-e Genāveh, Iran",earthquake,9.12,1.918,0.069,65,reviewed,us,us
2025-01-19T00:59:15.408Z,-33.831,-178.961,33.578,4.9,mb,28,115,4.336,0.74,us,us6000pl0k,2025-02-10T00:13:52.040Z,"south of the Kermadec Islands",earthquake,8.93,6.36,0.12,22,reviewed,us,us
2025-01-18T23:15:38.424Z,-58.5779,158.235,10,5,mb,31,121,4.109,0.8,us,us6000pl09,2025-02-09T06:04:26.040Z,"Macquarie Island region",earthquake,13.86,1.874,0.118,23,reviewed,us,us
2025-01-18T20:32:35.238Z,-19.6549,-174.9282,80.434,4.6,mb,33,88,4.756,1.06,us,us6000pkzn,2025-02-09T05:24:50.040Z,"62 km WNW of Pangai, Tonga",earthquake,10.25,7.816,0.102,32,reviewed,us,us
2025-01-18T20:01:47.716Z,24.4445,95.1109,128.424,4.5,mb,59,52,3.229,0.68,us,us6000pkzi,2025-02-09T04:09:59.040Z,"107 km E of Wāngjing, India",earthquake,9.53,7.598,0.084,42,reviewed,us,us
2025-01-18T19:44:18.024Z,24.9397,123.4511,10,5,mww,70,62,0.618,0.7,us,us6000pkzg,2025-02-09T03:22:54.040Z,"69 km NE of Yonakuni, Japan",earthquake,6.4,1.881,0.056,31,reviewed,us,us
2025-01-18T19:38:01.868Z,-2.7725,128.1549,45.571,4.5,mb,50,39,2.464,0.9,us,us6000pkzd,2025-02-08T23:24:08.040Z,"102 km N of Ambon, Indonesia",earthquake,6.35,5.875,0.093,34,reviewed,us,us
2025-01-18T19:31:29.159Z,24.9047,123.4363,10,5,mww,64,44,0.583,0.85,us,us6000pkzc,2025-02-08T04:54:51.040Z,"65 km NE of Yonakuni, Japan",earthquake,6.24,1.883,0.054,33,reviewed,us,us
2025-01-18T18:55:03.783Z,24.9996,123.5159,10,4.7,mww,155,62,0.701,0.62,us,us6000pkza,2025-01-18T23:20:05.040Z,"78 km NE of Yonakuni, Japan",earthquake,5.27,1.612,0.063,24,reviewed,us,us
2025-01-18T18:38:53.621Z,-4.2116,142.9161,111.363,4.7,mb,118,50,2.779,0.54,us,us6000pkz1,2025-01-18T22:17:19.040Z,"10 km E of Ambunti, Papua New Guinea",earthquake,7.47,6.783,0.054,109,reviewed,us,us
2025-01-18T18:27:09.830Z,24.998,123.5449,10,4.5,mb,53,68,0.717,0.76,us,us6000pkz0,2025-01-18T21:51:44.040Z,"80 km NE of Yonakuni, Japan",earthquake,3.81,1.89,0.088,38,reviewed,us,us
2025-01-18T16:53:59.982Z,25.0558,123.4087,10,4.9,mww,138,61,1.736,0.71,us,us6000pkyr,2025-01-21T19:44:34.040Z,"77 km NNE of Yonakuni, Japan",earthquake,7.17,1.857,0.055,32,reviewed,us,us
2025-01-18T16:26:30.405Z,28.5413,87.5623,10,4.6,mb,74,98,2.147,0.58,us,us6000pkyi,2025-01-23T04:52:38.705Z,"Southern Tibetan Plateau",earthquake,6.91,1.838,0.054,107,reviewed,us,us
2025-01-18T16:09:04.742Z,24.9338,123.4799,10,4.8,mww,158,63,0.631,0.7,us,us6000pkyg,2025-01-18T23:17:12.040Z,"70 km NE of Yonakuni, Japan",earthquake,5.64,1.838,0.055,32,reviewed,us,us
2025-01-18T15:36:54.445Z,28.4625,87.6102,10,4.8,mb,132,39,2.162,0.51,us,us6000pky9,2025-01-23T04:51:31.007Z,"Southern Tibetan Plateau",earthquake,2.46,1.821,0.045,157,reviewed,us,us
2025-01-18T13:19:21.207Z,-8.2409,119.9898,171.329,4.5,mb,29,65,1.451,0.65,us,us6000pkxx,2025-02-08T21:09:58.040Z,"30 km NNE of Labuan Bajo, Indonesia",earthquake,7.52,8.324,0.127,18,reviewed,us,us
2025-01-18T13:02:16.220Z,24.9853,123.5514,10,4.5,mb,54,47,0.712,0.68,us,us6000pkxv,2025-02-08T21:05:25.040Z,"80 km NE of Yonakuni, Japan",earthquake,3.82,1.891,0.099,34,reviewed,us,us
2025-01-18T08:37:46.156Z,0.0554,126.7219,57.984,5.1,mb,68,76,0.96,0.52,us,us6000pkwy,2025-01-29T13:50:32.040Z,"109 km SW of Ternate, Indonesia",earthquake,6.09,7.169,0.077,54,reviewed,us,us
2025-01-18T06:04:40.236Z,-20.7074,-178.7708,612.463,4.8,mb,101,81,4.206,0.58,us,us6000pkwe,2025-01-29T11:00:56.040Z,"Fiji region",earthquake,13.84,8.509,0.056,97,reviewed,us,us
2025-01-18T05:04:22.659Z,3.8315,93.6857,10,4.9,mb,53,158,3.535,0.59,us,us6000pkw9,2025-01-29T10:51:29.040Z,"263 km SW of Banda Aceh, Indonesia",earthquake,4.52,1.888,0.082,46,reviewed,us,us
2025-01-18T04:43:20.745Z,52.072,160.6323,10,4.6,mb,29,191,1.541,0.68,us,us6000pkw5,2025-02-06T23:58:57.040Z,"175 km SE of Petropavlovsk-Kamchatsky, Russia",earthquake,13.05,1.976,0.136,17,reviewed,us,us
2025-01-18T04:41:58.933Z,-34.2753,-178.8218,10,4.9,mb,29,169,4.023,0.8,us,us6000pkw2,2025-02-06T23:56:16.040Z,"south of the Kermadec Islands",earthquake,11.16,1.873,0.132,20,reviewed,us,us
2025-01-18T03:16:15.730Z,-5.1621,153.2456,33.352,4.6,mb,23,170,1.447,0.97,us,us6000pkvv,2025-02-06T23:49:01.040Z,"141 km SE of Kokopo, Papua New Guinea",earthquake,13.62,7.471,0.119,21,reviewed,us,us
2025-01-18T02:19:01.457Z,-16.364,-69.0381,235.03,4.5,mb,46,99,0.875,0.63,us,us6000pkvp,2025-02-06T23:43:40.040Z,"13 km SSE of Yunguyo, Peru",earthquake,9.21,6.155,0.091,36,reviewed,us,us
2025-01-18T01:55:48.361Z,-23.8225,-179.8865,539.084,4.5,mb,30,97,5.678,0.96,us,us7000p9ly,2025-01-29T00:27:05.040Z,"south of the Fiji Islands",earthquake,9.09,9.254,0.113,23,reviewed,us,us
2025-01-18T01:55:26.473Z,8.2023,-39.6644,10,4.6,mb,40,113,13.252,0.67,us,us6000pkvm,2025-02-06T23:37:45.040Z,"central Mid-Atlantic Ridge",earthquake,11.68,1.896,0.09,37,reviewed,us,us
2025-01-18T00:33:52.966Z,-10.4212,161.534,85.97,4.7,mb,29,77,1.843,0.62,us,us6000pkv1,2025-02-04T05:44:43.040Z,"42 km W of Kirakira, Solomon Islands",earthquake,11.45,7.931,0.079,48,reviewed,us,us
2025-01-18T00:00:47.931Z,-23.1791,-179.8609,538.361,4.6,mb,42,96,5.749,0.83,us,us6000pkuv,2025-02-10T03:19:34.040Z,"south of the Fiji Islands",earthquake,10.41,9.025,0.103,28,reviewed,us,us
2025-01-17T19:19:32.446Z,-49.8962,118.119,10,4.8,mww,134,46,16.887,0.41,us,us6000pkt6,2025-01-21T19:49:43.040Z,"western Indian-Antarctic Ridge",earthquake,9.96,1.75,0.103,9,reviewed,us,us
2025-01-17T18:53:55.372Z,-8.57,149.0001,10.169,4.6,mb,36,145,1.998,0.79,us,us6000pkt1,2025-01-17T19:49:15.040Z,"87 km ENE of Popondetta, Papua New Guinea",earthquake,10.14,4.356,0.096,36,reviewed,us,us
2025-01-17T18:21:56.964Z,-6.983,154.9752,10,5,mww,91,48,3.94,0.74,us,us6000pksw,2025-01-17T18:54:14.040Z,"92 km SW of Panguna, Papua New Guinea",earthquake,8.48,1.777,0.098,10,reviewed,us,us
2025-01-17T18:15:18.990Z,-6.8201,154.8011,10,4.7,mb,83,43,3.703,0.7,us,us6000pkst,2025-01-17T20:22:31.040Z,"93 km SW of Panguna, Papua New Guinea",earthquake,8.57,1.866,0.065,77,reviewed,us,us
2025-01-17T17:34:33.554Z,-14.8263,167.4993,138.621,4.8,mb,39,121,0.68,0.64,us,us6000pkq9,2025-01-17T18:29:41.040Z,"51 km ENE of Port-Olry, Vanuatu",earthquake,12.35,5.952,0.095,36,reviewed,us,us
2025-01-17T17:18:39.379Z,9.2414,39.8888,10,4.5,mb,92,92,3.693,0.67,us,us6000pkpl,2025-01-17T18:05:01.040Z,"37 km N of Metahāra, Ethiopia",earthquake,10.82,1.885,0.059,84,reviewed,us,us
2025-01-17T12:35:46.466Z,33.0768,141.7682,30.698,4.7,mb,52,123,1.641,0.91,us,us6000pkm8,2025-01-17T14:55:23.040Z,"265 km SSE of Katsuura, Japan",earthquake,7.36,5.556,0.088,39,reviewed,us,us
2025-01-17T11:32:56.464Z,31.8147,132.1862,37.837,4.5,mb,44,94,1.509,0.52,us,us6000pkm3,2025-01-21T09:57:06.040Z,"73 km E of Miyazaki, Japan",earthquake,6.66,7.205,0.093,34,reviewed,us,us
2025-01-17T08:55:52.080Z,8.4942,125.8032,10,5,mb,46,113,1.433,0.95,us,us6000pkld,2025-01-29T14:05:54.725Z,"4 km NNE of Talacogon, Philippines",earthquake,7,1.875,0.075,56,reviewed,us,us
2025-01-17T08:52:00.007Z,-39.049,46.3528,10,5,mb,24,57,8.414,0.65,us,us6000pkle,2025-01-29T14:12:16.040Z,"Southwest Indian Ridge",earthquake,11.31,1.841,0.129,19,reviewed,us,us
2025-01-17T07:43:54.237Z,-10.422,161.3749,79.33,4.9,mb,61,76,1.712,0.7,us,us6000pkl5,2025-01-29T13:48:26.040Z,"59 km W of Kirakira, Solomon Islands",earthquake,5.79,6.997,0.046,152,reviewed,us,us
2025-01-17T07:09:31.197Z,26.7972,128.9572,10,4.6,mb,37,99,0.613,0.72,us,us6000pkl2,2025-01-29T13:26:09.040Z,"70 km SSE of China, Japan",earthquake,6.14,1.896,0.105,27,reviewed,us,us
2025-01-17T05:02:55.726Z,29.4731,130.55,27.305,4.6,mb,48,123,2.031,0.83,us,us6000pkke,2025-01-29T13:18:08.040Z,"84 km S of Koshima, Japan",earthquake,7.63,5.036,0.092,35,reviewed,us,us
2025-01-17T04:24:02.605Z,-10.7247,164.3779,10,4.9,mb,40,91,4.546,0.56,us,us6000pkkb,2025-02-06T23:31:01.040Z,"155 km W of Lata, Solomon Islands",earthquake,7.38,1.887,0.078,52,reviewed,us,us
2025-01-17T01:46:17.610Z,9.4483,40.0545,10,4.7,mb,50,115,1.465,0.96,us,us6000pkjx,2025-02-06T23:23:27.278Z,"52 km NNW of Āwash, Ethiopia",earthquake,4.69,1.895,0.082,45,reviewed,us,us
2025-01-17T01:35:54.268Z,7.1796,-35.3277,10,4.8,mb,40,58,12.933,1.42,us,us6000pkjv,2025-02-06T22:47:26.892Z,"central Mid-Atlantic Ridge",earthquake,5.94,1.828,0.07,63,reviewed,us,us
2025-01-17T01:10:38.887Z,-7.2424,155.1382,10,5,mb,32,101,4.236,0.97,us,us6000pkjr,2025-02-06T22:36:12.040Z,"109 km SSW of Panguna, Papua New Guinea",earthquake,12.52,1.13,0.103,33,reviewed,us,us
2025-01-17T01:10:20.985Z,-25.1271,-14.0681,10,5,mb,31,90,11.993,1.38,us,us6000pkla,2025-02-06T22:00:07.040Z,"southern Mid-Atlantic Ridge",earthquake,5.86,1.889,0.1,32,reviewed,us,us
2025-01-16T20:24:27.081Z,8.9655,40.1118,10,4.7,mb,75,79,1.417,0.44,us,us6000pkih,2025-01-26T16:43:37.587Z,"6 km WSW of Āwash, Ethiopia",earthquake,7.94,1.88,0.068,65,reviewed,us,us
2025-01-16T19:20:53.312Z,29.6505,51.0919,10,4.7,mb,92,53,6.53,0.62,us,us6000pki5,2025-01-26T16:19:24.040Z,"43 km NNW of Borāzjān, Iran",earthquake,3.35,1.851,0.049,126,reviewed,us,us
2025-01-16T13:27:33.615Z,-20.8462,169.1777,35.75,5,mww,64,88,2.383,1.08,us,us6000pkeg,2025-02-08T17:45:19.040Z,"144 km S of Isangel, Vanuatu",earthquake,7.63,4.773,0.075,17,reviewed,us,us
2025-01-16T13:17:33.284Z,-7.7295,117.4811,10,4.7,mb,35,73,1.129,0.75,us,us6000pked,2025-02-08T17:28:13.686Z,"75 km N of Pototano, Indonesia",earthquake,5.68,1.918,0.123,20,reviewed,us,us
2025-01-16T13:12:33.002Z,33.6312,81.8182,10,4.5,mb,44,79,6.531,0.71,us,us6000pkea,2025-02-08T17:06:31.040Z,"western Xizang",earthquake,4.8,1.839,0.089,37,reviewed,us,us
2025-01-16T12:02:14.744Z,-24.3337,-176.5757,97.85,4.9,mb,34,135,5.039,0.91,us,us6000pke3,2025-02-10T15:03:16.040Z,"south of the Fiji Islands",earthquake,11.99,7.767,0.096,34,reviewed,us,us
2025-01-16T05:58:39.443Z,-2.7874,-11.6001,10,4.6,mb,18,119,5.803,0.62,us,us6000pm4s,2025-01-29T09:31:06.040Z,"north of Ascension Island",earthquake,11.48,1.911,0.152,13,reviewed,us,us
2025-01-16T05:49:59.190Z,-5.7686,70.2957,10,4.9,mb,41,122,6.778,0.98,us,us6000pkck,2025-01-29T08:39:00.040Z,"Chagos Archipelago region",earthquake,12.28,1.914,0.1,31,reviewed,us,us
2025-01-16T04:06:10.100Z,-11.8074,166.4055,63.042,4.6,mb,11,227,3.7,0.45,us,us6000pm4m,2025-02-09T04:07:58.040Z,"136 km SSE of Lata, Solomon Islands",earthquake,13.86,18.681,0.222,6,reviewed,us,us
2025-01-16T03:44:12.516Z,-55.5293,-28.9605,10,4.6,mb,18,127,4.52,1.12,us,us6000pm4w,2025-02-09T05:10:34.040Z,"South Sandwich Islands region",earthquake,10.99,1.855,0.132,17,reviewed,us,us
2025-01-16T03:20:02.734Z,28.7987,87.4344,10,4.9,mb,64,88,2.145,1.1,us,us6000pkc3,2025-01-16T05:46:12.578Z,"Southern Tibetan Plateau",earthquake,8.45,1.9,0.064,77,reviewed,us,us
2025-01-16T02:36:51.610Z,8.5579,40.2007,10,4.5,mb,27,265,3.939,0.68,us,us6000pkbw,2025-01-16T02:58:57.040Z,"45 km SW of Gelemso, Ethiopia",earthquake,7.72,2.006,0.128,18,reviewed,us,us
2025-01-16T01:07:27.025Z,-3.0609,102.7448,201.079,4.8,mb,47,136,1.308,0.83,us,us6000pkbn,2025-01-16T01:20:30.040Z,"28 km NNW of Lubuklinggau, Indonesia",earthquake,9.89,7.642,0.104,29,reviewed,us,us
2025-01-16T00:07:26.860Z,34.6197,139.958,56.494,4.5,mb,82,111,1.505,0.51,us,us6000pkb1,2025-02-11T05:00:37.040Z,"41 km SSE of Tateyama, Japan",earthquake,6.9,6.913,0.067,65,reviewed,us,us
2025-01-15T22:38:22.246Z,41.5847,142.0528,55.333,4.8,mwr,208,113,0.931,0.53,us,us6000pka6,2025-02-10T23:26:51.040Z,"77 km ENE of Mutsu, Japan",earthquake,5.96,5.54,0.073,18,reviewed,us,us
2025-01-15T21:37:01.080Z,-10.8585,165.9976,42,5.7,mww,195,38,4.709,0.54,us,us6000pk9u,2025-02-10T05:41:26.776Z,"26 km SE of Lata, Solomon Islands",earthquake,8.75,1.832,0.057,30,reviewed,us,us
2025-01-15T20:04:39.004Z,-22.4471,-179.1167,492.851,4.6,mb,29,86,5.381,0.63,us,us6000pk95,2025-01-29T21:40:12.040Z,"south of the Fiji Islands",earthquake,12.04,14.034,0.096,32,reviewed,us,us
2025-01-15T19:22:02.916Z,28.7546,130.1184,35,4.9,mb,82,65,2.515,0.74,us,us6000pk8m,2025-01-29T21:08:10.040Z,"60 km ENE of Tatsugō, Japan",earthquake,6.09,1.847,0.057,97,reviewed,us,us
2025-01-15T18:03:22.759Z,11.6469,124.6543,10,4.9,mb,68,62,4.639,0.81,us,us6000pk85,2025-01-29T17:24:10.706Z,"11 km NE of Caibiran, Philippines",earthquake,4.63,1.855,0.074,57,reviewed,us,us
2025-01-15T16:59:48.301Z,-31.1937,-177.7358,10,4.5,mb,16,184,1.932,0.85,us,us6000pm3r,2025-02-02T05:51:28.040Z,"Kermadec Islands region",earthquake,14.39,1.976,0.151,13,reviewed,us,us
2025-01-15T16:29:19.989Z,-14.8197,-177.4209,10,4.5,mb,13,175,3.503,0.9,us,us6000pm3q,2025-02-02T05:44:50.040Z,"93 km SE of Alo, Wallis and Futuna",earthquake,10.89,1.88,0.172,10,reviewed,us,us
2025-01-15T14:58:35.964Z,29.7753,92.1579,10,4.5,mb,58,60,0.899,0.31,us,us6000pk5z,2025-01-20T15:52:36.040Z,"103 km E of Lhasa, China",earthquake,6.29,1.878,0.073,56,reviewed,us,us
2025-01-15T14:12:37.464Z,45.3484,151.2159,10,4.9,mb,73,137,6.091,0.63,us,us6000pk5t,2025-01-15T15:16:04.040Z,"262 km E of Kuril’sk, Russia",earthquake,9.75,1.9,0.072,61,reviewed,us,us
2025-01-15T12:51:30.604Z,-3.8126,150.1045,10,4.6,mb,14,82,2.088,0.88,us,us6000pk5e,2025-01-29T08:22:37.040Z,"157 km SSW of Kavieng, Papua New Guinea",earthquake,8.23,1.805,0.193,8,reviewed,us,us
2025-01-15T12:06:36.363Z,-55.7407,-29.371,10,5.1,mb,58,66,4.349,0.66,us,us6000pk50,2025-01-29T07:39:18.040Z,"South Sandwich Islands region",earthquake,10.76,1.86,0.078,53,reviewed,us,us
2025-01-15T10:05:53.998Z,5.3054,127.3209,25.906,4.5,mb,56,75,2.464,0.76,us,us6000pk4k,2025-01-29T06:37:41.040Z,"172 km SE of Pondaguitan, Philippines",earthquake,4.35,5.039,0.082,44,reviewed,us,us
2025-01-15T07:32:21.504Z,-17.4025,168.1387,76.576,5,mww,54,41,4.805,0.63,us,us6000pk3x,2025-01-15T19:59:45.809Z,"41 km NNW of Port-Vila, Vanuatu",earthquake,8.01,7.416,0.11,8,reviewed,us,us
2025-01-15T04:20:48.770Z,-30.4172,-178.142,55.443,5.2,mb,48,69,1.167,1.17,us,us6000pk2k,2025-01-15T11:21:10.040Z,"Kermadec Islands, New Zealand",earthquake,9.91,7.162,0.079,54,reviewed,us,us
2025-01-15T03:04:19.648Z,46.3391,152.505,40.035,4.6,mb,59,127,6.737,1.1,us,us6000pk2c,2025-01-15T03:28:10.040Z,"Kuril Islands",earthquake,9.51,7.351,0.086,40,reviewed,us,us
2025-01-15T02:08:41.039Z,-2.8196,141.4749,26.993,5,mb,48,56,0.828,0.96,us,us6000pk28,2025-01-15T02:36:37.040Z,"24 km SE of Vanimo, Papua New Guinea",earthquake,7.02,4.568,0.075,57,reviewed,us,us
2025-01-14T20:51:53.279Z,5.8855,126.6769,72.017,4.6,mb,79,107,1.604,0.82,us,us6000pk0k,2025-01-29T16:30:18.040Z,"76 km SE of Pondaguitan, Philippines",earthquake,4.48,6.574,0.075,54,reviewed,us,us
2025-01-14T19:40:24.723Z,-5.0573,149.6962,391.805,5.1,mb,110,24,2.439,0.76,us,us6000pjz0,2025-01-29T15:53:35.040Z,"73 km NW of Kimbe, Papua New Guinea",earthquake,8.73,5.348,0.038,224,reviewed,us,us
2025-01-14T19:02:04.457Z,7.2664,-35.4561,10,5.6,mww,139,57,13.014,0.6,us,us6000pjym,2025-02-04T17:18:24.456Z,"central Mid-Atlantic Ridge",earthquake,10.31,1.829,0.05,39,reviewed,us,us
2025-01-14T17:12:39.509Z,31.7088,131.8103,37.94,5.3,mww,135,64,1.175,1.03,us,us6000pjxl,2025-01-28T22:50:07.564Z,"43 km ENE of Nichinan, Japan",earthquake,4.81,3.101,0.086,13,reviewed,us,us
2025-01-14T16:16:58.600Z,-8.8691,118.6323,13.173,4.7,mb,54,54,0.847,0.66,us,us6000pjxh,2025-02-07T18:46:51.444Z,"41 km SSE of Dompu, Indonesia",earthquake,4.73,3.742,0.104,33,reviewed,us,us
2025-01-14T14:55:56.553Z,8.7904,40.0596,10,5,mb,129,59,1.368,0.64,us,us6000pjx5,2025-02-07T17:01:16.040Z,"19 km SE of Metahāra, Ethiopia",earthquake,7.57,1.804,0.051,121,reviewed,us,us
2025-01-14T14:39:03.915Z,-11.5344,162.9077,10,4.6,mb,23,55,3.579,0.93,us,us6000pm2i,2025-02-07T16:32:42.040Z,"160 km SE of Kirakira, Solomon Islands",earthquake,10.2,1.877,0.145,18,reviewed,us,us
2025-01-14T14:09:23.297Z,-4.5162,-104.9945,10,5.2,mww,156,81,14.577,0.69,us,us6000pjx0,2025-02-07T00:01:53.040Z,"central East Pacific Rise",earthquake,12.45,1.87,0.08,15,reviewed,us,us
2025-01-14T08:05:21.537Z,64.6751,-17.4925,10,5.2,mww,117,42,1.648,0.76,us,us6000pjw8,2025-02-03T13:49:12.040Z,"115 km SSE of Akureyri, Iceland",earthquake,7.17,1.784,0.046,46,reviewed,us,us
2025-01-14T07:47:26.578Z,64.5781,-17.8871,10,4.5,mb,22,118,1.49,1.36,us,us6000pjw6,2025-02-06T12:01:10.040Z,"123 km S of Akureyri, Iceland",earthquake,9.45,1.925,0.191,8,reviewed,us,us
2025-01-14T07:38:34.297Z,45.2768,151.0184,43.118,4.5,mb,55,144,5.982,0.63,us,us6000pjw5,2025-02-03T14:41:38.040Z,"246 km E of Kuril’sk, Russia",earthquake,10.35,7.669,0.086,39,reviewed,us,us
2025-01-14T07:35:23.249Z,-17.7971,168.2932,19.54,4.5,mb,34,116,2.56,0.99,us,us6000pm24,2025-02-06T08:24:05.650Z,"7 km SSW of Port-Vila, Vanuatu",earthquake,7.92,4.284,0.113,26,reviewed,us,us
2025-01-14T04:12:22.044Z,-16.2905,-175.4253,322.588,5,mb,134,28,4.241,0.48,us,us6000pjvf,2025-02-04T04:48:53.040Z,"178 km WSW of Hihifo, Tonga",earthquake,10.53,5.379,0.04,196,reviewed,us,us
2025-01-14T01:31:39.719Z,9.0032,39.9748,10,4.6,mb,39,134,1.284,0.59,us,us6000pjuu,2025-02-04T06:06:57.040Z,"13 km NNE of Metahāra, Ethiopia",earthquake,9.36,1.951,0.103,28,reviewed,us,us
2025-01-14T00:23:29.517Z,-20.2622,-69.2372,91.224,4.6,mb,44,144,0.592,0.53,us,us6000pjue,2025-02-05T02:04:55.075Z,"44 km E of La Tirana, Chile",earthquake,5.35,3.813,0.077,50,reviewed,us,us
2025-01-13T22:48:34.256Z,-6.3287,151.0416,10,4.6,mb,45,110,2.399,0.76,us,us6000pju2,2025-02-05T01:48:17.040Z,"131 km SE of Kimbe, Papua New Guinea",earthquake,6.14,1.772,0.095,33,reviewed,us,us
2025-01-13T22:23:30.972Z,-21.2843,-67.7854,185.082,4.5,mb,26,114,1.448,0.7,us,us6000pjtr,2025-02-05T01:24:01.040Z,"49 km E of Ollagüe, Chile",earthquake,7.43,6.438,0.124,19,reviewed,us,us
2025-01-13T20:50:19.577Z,74.4924,-92.6823,10,4.5,mb,56,37,0.624,0.69,us,us6000pjt7,2025-01-25T20:15:15.040Z,"Devon Island, Nunavut, Canada",earthquake,6.8,1.902,0.055,96,reviewed,us,us
2025-01-13T20:24:35.175Z,9.1389,40.0888,10,4.8,mb,80,59,1.413,0.85,us,us6000pjsw,2025-01-25T19:57:40.132Z,"19 km NNW of Āwash, Ethiopia",earthquake,7.52,1.89,0.061,83,reviewed,us,us
2025-01-13T19:36:23.029Z,27.8045,142.5722,10,4.5,mb,32,149,0.786,0.53,us,us6000plvk,2025-01-25T18:33:00.040Z,"Bonin Islands, Japan region",earthquake,10.18,1.922,0.118,21,reviewed,us,us
2025-01-13T19:24:58.532Z,27.9836,52.3117,10,4.6,mb,70,76,4.618,0.76,us,us6000pjsj,2025-01-31T13:42:20.994Z,"73 km NW of Mohr, Iran",earthquake,8.11,1.869,0.056,96,reviewed,us,us
2025-01-13T19:00:12.835Z,-22.5074,170.7696,10,4.5,mb,31,126,3.073,0.9,us,us6000pjse,2025-01-25T14:02:38.040Z,"southeast of the Loyalty Islands",earthquake,11.23,1.876,0.111,24,reviewed,us,us
2025-01-13T18:41:20.898Z,-31.7502,57.9514,10,4.6,mb,46,73,10.72,0.42,us,us6000plvs,2025-01-25T18:52:41.040Z,"Southwest Indian Ridge",earthquake,12.27,1.872,0.092,35,reviewed,us,us
2025-01-13T18:36:31.670Z,11.8197,144.2964,10,4.6,mb,59,157,1.845,0.73,us,us6000plvh,2025-01-25T18:12:48.040Z,"165 km SSW of Merizo Village, Guam",earthquake,8.49,1.929,0.081,45,reviewed,us,us
2025-01-13T17:52:08.992Z,-31.5501,57.9047,10,5,mb,69,95,10.517,0.59,us,us6000pjqv,2025-01-25T19:49:43.357Z,"Southwest Indian Ridge",earthquake,5.93,1.741,0.072,61,reviewed,us,us
2025-01-13T16:35:21.647Z,-18.1807,-178.3072,496.617,4.5,mb,64,71,2.791,0.79,us,us6000pjqd,2025-01-23T18:03:45.040Z,"251 km E of Levuka, Fiji",earthquake,13.56,6.481,0.063,73,reviewed,us,us
2025-01-13T16:14:57.255Z,32.0119,131.7181,40.319,5.2,mb,110,87,1.189,1.04,us,us6000pjqa,2025-01-28T17:04:28.605Z,"24 km ESE of Takanabe, Japan",earthquake,6.28,6.272,0.046,152,reviewed,us,us
2025-01-13T15:44:42.737Z,28.4247,87.169,10,4.6,mb,82,130,3.692,0.81,us,us6000pjq9,2025-01-28T16:55:35.498Z,"Southern Tibetan Plateau",earthquake,9.38,1.815,0.06,84,reviewed,us,us
2025-01-13T15:18:59.089Z,9.3083,39.9826,10,4.5,mb,16,104,1.351,0.56,us,us6000plv2,2025-01-28T16:06:50.040Z,"41 km NNW of Āwash, Ethiopia",earthquake,5.98,1.914,0.191,8,reviewed,us,us
2025-01-13T12:58:21.918Z,28.4046,87.3378,10,5.1,mb,90,39,3.561,0.93,us,us6000pjpb,2025-02-06T11:44:27.713Z,"Southern Tibetan Plateau",earthquake,6.83,1.731,0.072,63,reviewed,us,us
2025-01-13T12:57:38.094Z,28.4565,87.3979,10,5,mb,115,35,3.493,0.87,us,us6000pjp9,2025-02-06T11:38:42.114Z,"Southern Tibetan Plateau",earthquake,8.3,1.762,0.053,113,reviewed,us,us
2025-01-13T12:54:37.032Z,-2.7815,139.687,47.202,5.1,mb,75,48,1.049,1.37,us,us6000pjp8,2025-02-06T07:45:23.040Z,"107 km W of Abepura, Indonesia",earthquake,5.39,6.268,0.072,62,reviewed,us,us
2025-01-13T12:24:06.394Z,7.1085,-35.1915,10,5,mb,38,71,12.869,1.01,us,us6000pjp4,2025-02-04T13:24:49.040Z,"central Mid-Atlantic Ridge",earthquake,9.71,1.893,0.091,39,reviewed,us,us
2025-01-13T12:19:32.300Z,31.8525,131.53,39,6.8,mww,151,18,0.98,0.99,us,us6000pjny,2025-02-04T14:37:52.023Z,"12 km ESE of Miyazaki, Japan",earthquake,6,1.889,0.033,87,reviewed,us,us
2025-01-13T11:47:08.141Z,-7.5829,127.6268,138.933,4.9,mb,90,39,3.791,0.63,us,us6000pjnw,2025-02-04T15:21:08.040Z,"124 km NNE of Lospalos, Timor Leste",earthquake,7.92,5.508,0.056,101,reviewed,us,us
2025-01-13T11:41:11.740Z,5.5765,125.271,62.372,5,mb,93,43,0.863,1.01,us,us6000pjnv,2025-02-06T07:33:29.924Z,"9 km W of Balangonan, Philippines",earthquake,6.83,5.658,0.055,105,reviewed,us,us
2025-01-13T10:14:39.963Z,-55.5042,-26.8435,10,4.5,mb,23,181,5.699,0.87,us,us6000plur,2025-02-06T11:19:48.040Z,"South Sandwich Islands region",earthquake,9.64,1.914,0.128,22,reviewed,us,us
2025-01-13T09:41:20.794Z,-11.7557,166.0606,10,4.5,mb,24,199,3.834,0.68,us,us6000pluq,2025-02-06T15:45:46.040Z,"117 km SSE of Lata, Solomon Islands",earthquake,11.73,1.968,0.164,14,reviewed,us,us
2025-01-13T07:08:04.121Z,-6.2425,146.9358,67.616,5,mww,139,35,3.149,0.73,us,us6000pjn2,2025-02-06T14:25:17.202Z,"53 km N of Lae, Papua New Guinea",earthquake,7.26,6.408,0.098,10,reviewed,us,us
2025-01-13T06:22:14.357Z,8.9472,39.9698,10,4.6,mb,50,59,1.276,0.38,us,us6000pjnm,2025-02-06T15:01:55.040Z,"7 km NE of Metahāra, Ethiopia",earthquake,5.99,1.294,0.09,37,reviewed,us,us
2025-01-13T03:10:23.580Z,-2.5522,138.9598,73.472,4.8,mb,73,65,0.954,0.73,us,us6000pjmh,2025-02-05T02:55:47.040Z,"186 km W of Abepura, Indonesia",earthquake,5.04,1.208,0.07,63,reviewed,us,us
2025-01-13T02:20:54.400Z,-2.2551,-79.7568,89.521,5,mww,177,54,0.541,0.64,us,us6000pjm2,2025-02-05T04:02:04.823Z,"14 km SE of Eloy Alfaro, Ecuador",earthquake,8.26,4.351,0.061,26,reviewed,us,us
2025-01-13T00:21:36.122Z,6.7145,123.9153,552.944,4.8,mb,50,109,1.689,0.52,us,us6000plvw,2025-02-05T01:11:45.040Z,"13 km W of Taguisa, Philippines",earthquake,11.99,8.286,0.094,35,reviewed,us,us
2025-01-13T00:21:17.635Z,6.6151,123.9218,552.886,4.8,mb,61,88,1.706,0.57,us,us6000pjn1,2025-02-05T01:02:58.040Z,"15 km NW of Bantogon, Philippines",earthquake,12.89,6.514,0.128,19,reviewed,us,us
2025-01-13T00:19:47.761Z,6.6926,123.8661,544.228,5.4,mww,122,24,1.742,0.67,us,us6000pjlq,2025-02-05T01:05:39.431Z,"18 km W of Taguisa, Philippines",earthquake,8.87,5.586,0.083,14,reviewed,us,us
2025-01-12T22:21:10.396Z,28.2684,142.1421,10,5.2,mb,118,26,1.169,0.42,us,us6000pjlb,2025-02-05T00:42:52.040Z,"Bonin Islands, Japan region",earthquake,6.81,1.694,0.034,292,reviewed,us,us
2025-01-12T20:21:13.785Z,-10.8642,114.3781,10,4.5,mb,42,118,2.389,0.81,us,us6000pjl0,2025-01-25T19:44:00.040Z,"244 km SSW of Jimbaran, Indonesia",earthquake,8.55,1.902,0.096,32,reviewed,us,us
2025-01-12T20:05:50.224Z,62.3113,4.7823,10,4.5,mb,46,71,3.314,0.84,us,us6000pjkz,2025-01-25T19:42:54.197Z,"43 km WNW of Larsnes, Norway",earthquake,8.13,1.901,0.084,41,reviewed,us,us
2025-01-12T19:49:15.327Z,8.857,39.903,10,4.9,mb,63,59,1.209,0.74,us,us6000pjkx,2025-01-25T19:36:19.040Z,"4 km SSW of Metahāra, Ethiopia",earthquake,8,1.756,0.072,61,reviewed,us,us
2025-01-12T18:06:50.868Z,-31.0486,-70.2643,114.004,4.5,mb,38,48,0.421,0.89,us,us6000pjkt,2025-01-25T19:32:15.040Z,"77 km ESE of Monte Patria, Chile",earthquake,3.78,5.095,0.118,21,reviewed,us,us
2025-01-12T17:58:32.543Z,28.1242,139.91,407.452,4.5,mb,84,65,2.263,0.49,us,us6000pjkq,2025-01-25T19:29:50.040Z,"Bonin Islands, Japan region",earthquake,11,7.906,0.053,104,reviewed,us,us
2025-01-12T15:03:57.239Z,-17.8504,-178.4485,608.249,5,mb,78,72,2.492,0.67,us,us6000pjk4,2025-01-31T21:37:30.387Z,"237 km E of Levuka, Fiji",earthquake,12.47,6.992,0.053,112,reviewed,us,us
2025-01-12T14:49:09.144Z,44.687,36.608,31.324,4.5,mb,54,34,3.323,0.73,us,us6000pjk1,2025-01-27T22:01:51.040Z,"51 km SSE of Zavetnoye, Ukraine",earthquake,7.12,5.994,0.083,42,reviewed,us,us
2025-01-12T11:55:43.401Z,9.1322,39.9015,10,4.5,mb,47,81,1.23,0.64,us,us6000pjjs,2025-01-26T12:04:49.769Z,"25 km N of Metahāra, Ethiopia",earthquake,9.36,1.906,0.092,35,reviewed,us,us
2025-01-12T11:33:13.647Z,-32.7619,-178.4508,35,4.5,mb,17,172,3.518,0.72,us,us6000pltu,2025-01-26T11:58:39.040Z,"south of the Kermadec Islands",earthquake,12.28,1.932,0.131,17,reviewed,us,us
2025-01-12T10:46:33.659Z,18.7088,-103.2117,66.215,4.9,mb,229,170,2.095,1.01,us,us6000pjjf,2025-01-26T11:26:08.668Z,"9 km SW of Coalcomán de Vázquez Pallares, Mexico",earthquake,9.76,7.503,0.034,274,reviewed,us,us
2025-01-12T09:54:01.572Z,28.6622,87.4427,10,4.5,mb,58,132,3.385,0.53,us,us6000pjjb,2025-01-26T11:14:54.040Z,"Southern Tibetan Plateau",earthquake,10.37,1.892,0.071,58,reviewed,us,us
2025-01-12T09:18:28.825Z,18.5771,-103.1709,65.665,4.8,mb,114,171,2.123,0.67,us,us6000pjiy,2025-01-26T09:07:00.481Z,"22 km S of Coalcomán de Vázquez Pallares, Mexico",earthquake,9.05,5.432,0.047,140,reviewed,us,us
2025-01-12T09:15:57.948Z,-32.8081,-178.4274,35,4.6,mb,19,172,3.562,0.96,us,us6000pjj4,2025-01-26T08:49:19.040Z,"south of the Kermadec Islands",earthquake,15.89,1.989,0.132,17,reviewed,us,us
2025-01-12T08:32:50.219Z,18.5928,-103.2404,39,6.2,mww,124,48,2.173,1.22,us,us6000pjig,2025-01-31T08:18:43.913Z,"22 km SSW of Coalcomán de Vázquez Pallares, Mexico",earthquake,8.79,1.861,0.032,96,reviewed,us,us
2025-01-12T08:05:27.288Z,-12.0892,166.8079,212.199,4.6,mb,45,124,3.36,0.52,us,us6000pjie,2025-01-26T12:39:23.040Z,"186 km SE of Lata, Solomon Islands",earthquake,14.67,8.935,0.078,49,reviewed,us,us
2025-01-12T07:21:47.201Z,9,39.7349,10,4.8,mb,50,118,1.048,1.01,us,us6000pji9,2025-01-26T12:33:26.040Z,"22 km WNW of Metahāra, Ethiopia",earthquake,8.64,1.9,0.085,43,reviewed,us,us
2025-01-12T05:53:19.650Z,-3.9019,134.7848,10,4.5,mb,28,98,2.713,0.9,us,us6000pji5,2025-01-26T12:03:13.040Z,"99 km SW of Nabire, Indonesia",earthquake,6.76,1.916,0.106,26,reviewed,us,us
2025-01-12T00:55:00.648Z,8.1094,40.1636,10,4.5,mb,17,157,1.662,0.53,us,us6000pltk,2025-01-31T00:35:56.040Z,"78 km ESE of Sīrē, Ethiopia",earthquake,6.25,1.944,0.18,9,reviewed,us,us
2025-01-11T20:31:45.257Z,11.7891,125.9037,35,4.5,mb,22,122,4.7,0.66,us,us6000pln4,2025-02-02T05:42:06.040Z,"48 km E of San Julian, Philippines",earthquake,11.95,0.699,0.15,13,reviewed,us,us
2025-01-11T20:21:16.299Z,-32.4427,-177.8914,10,5.1,mb,30,136,3.171,1.37,us,us6000pjg3,2025-01-30T23:09:31.040Z,"south of the Kermadec Islands",earthquake,7.89,1.933,0.104,30,reviewed,us,us
2025-01-11T20:13:28.437Z,-16.2385,-173.1676,35,5.1,mb,59,117,2.675,1.08,us,us6000pjg2,2025-02-03T03:58:44.040Z,"74 km ESE of Hihifo, Tonga",earthquake,12.61,1.844,0.083,47,reviewed,us,us
2025-01-11T18:44:38.436Z,12.0912,143.8566,11.284,4.6,mb,98,61,1.786,0.59,us,us6000pln2,2025-02-06T23:38:03.040Z,"157 km SW of Merizo Village, Guam",earthquake,8.29,4.57,0.059,94,reviewed,us,us
2025-01-11T17:48:36.531Z,7.584,126.6395,89.95,4.6,mb,114,58,1.169,0.86,us,us6000pjfn,2025-02-06T19:54:45.040Z,"8 km E of Baganga, Philippines",earthquake,8.61,6.952,0.056,105,reviewed,us,us
2025-01-11T15:19:44.872Z,9.0768,40.2736,10,5.2,mww,156,34,1.585,0.77,us,us6000pjfb,2025-02-05T15:27:22.162Z,"15 km NE of Āwash, Ethiopia",earthquake,6.75,1.81,0.066,22,reviewed,us,us
2025-01-11T13:46:30.904Z,-9.0651,122.3851,103.239,4.5,mb,29,89,0.451,1,us,us6000pjf5,2025-01-31T19:57:07.040Z,"52 km SSE of Maumere, Indonesia",earthquake,6.91,4.525,0.108,25,reviewed,us,us
2025-01-11T12:02:32.198Z,-4.0249,123.3807,10,4.6,mb,38,74,3.025,0.36,us,us6000plmz,2025-01-23T09:45:35.040Z,"96 km E of Kendari, Indonesia",earthquake,7.51,1.891,0.109,25,reviewed,us,us
2025-01-11T07:51:49.299Z,13.7311,145.0762,99.185,5,mb,166,73,0.246,0.56,us,us6000pjed,2025-02-08T08:02:01.414Z,"29 km NE of Yigo Village, Guam",earthquake,8.3,1.211,0.046,149,reviewed,us,us
2025-01-11T07:25:11.753Z,-8.7422,110.9995,65.2,4.5,mb,50,114,1.771,0.4,us,us6000pje9,2025-01-26T08:11:35.040Z,"95 km S of Jatiroto, Indonesia",earthquake,8.49,7.573,0.084,42,reviewed,us,us
2025-01-11T03:33:38.729Z,15.8515,-92.3265,204.068,4.9,mb,52,125,0.465,0.89,us,us6000pjd4,2025-01-31T23:54:45.744Z,"5 km WNW of Pablo L. Sidar, Mexico",earthquake,7.41,4.635,0.041,186,reviewed,us,us
2025-01-11T02:52:45.178Z,-32.0369,138.7396,10,4.9,mb,51,38,2.394,1.05,us,us6000pjcz,2025-01-31T23:32:41.726Z,"74 km ENE of Quorn, Australia",earthquake,6.02,1.771,0.099,32,reviewed,us,us
2025-01-11T00:22:29.398Z,9.251,40.0124,10,4.5,mb,13,200,1.363,0.63,us,us6000pln9,2025-01-28T04:14:46.040Z,"34 km NNW of Āwash, Ethiopia",earthquake,9.64,1.986,0.222,6,reviewed,us,us
2025-01-11T00:19:00.755Z,9.2627,40.1665,10,5.2,mb,55,57,3.468,0.83,us,us6000pjby,2025-01-11T15:37:55.405Z,"30 km N of Āwash, Ethiopia",earthquake,3.51,1.887,0.067,74,reviewed,us,us
2025-01-10T23:58:28.499Z,9,40.1239,10,4.5,mb,45,188,1.431,0.91,us,us6000pjbk,2025-01-28T03:55:03.040Z,"5 km WNW of Āwash, Ethiopia",earthquake,9.89,1.964,0.089,37,reviewed,us,us
2025-01-10T23:43:15.514Z,9.4012,40.066,10,4.6,mb,47,221,3.458,1.16,us,us6000plmf,2025-02-03T01:14:06.040Z,"47 km NNW of Āwash, Ethiopia",earthquake,13.87,1.984,0.087,39,reviewed,us,us
2025-01-10T23:42:57.414Z,9.0825,40.0564,10,4.6,mb,20,188,1.373,1.11,us,us6000pjbe,2025-01-28T03:12:52.683Z,"16 km NW of Āwash, Ethiopia",earthquake,7.47,1.917,0.152,13,reviewed,us,us
2025-01-10T23:07:10.591Z,-56.6432,-24.9224,10,4.5,mb,17,170,6.988,0.8,us,us6000plm5,2025-02-04T02:31:50.040Z,"South Sandwich Islands region",earthquake,14.52,1.917,0.156,12,reviewed,us,us
2025-01-10T22:45:36.050Z,37.0674,74.7057,10,4.5,mb,51,182,3.32,1.19,us,us6000pjb8,2025-01-28T02:57:47.040Z,"82 km N of Barishal, Pakistan",earthquake,9.92,1.972,0.088,38,reviewed,us,us
2025-01-10T22:22:39.289Z,-60.415,-50.8927,10,4.7,mb,15,114,9.903,0.65,us,us6000plm2,2025-01-28T05:50:46.040Z,"Scotia Sea",earthquake,6.91,1.941,0.183,9,reviewed,us,us
2025-01-10T17:48:47.680Z,41.2692,79.1395,10,4.5,mb,96,59,2.073,0.57,us,us6000pj8x,2025-02-05T14:10:05.040Z,"90 km WNW of Aykol, China",earthquake,7.41,1.883,0.065,75,reviewed,us,us
2025-01-10T15:55:20.892Z,-9.8378,154.973,10,4.6,mb,37,61,4.921,0.85,us,us6000pj8j,2025-01-31T19:50:27.040Z,"281 km SW of Gizo, Solomon Islands",earthquake,5.77,1.883,0.094,34,reviewed,us,us
2025-01-10T14:31:33.877Z,-35.8785,-102.8521,10,4.9,mb,42,88,10.327,0.93,us,us6000pj66,2025-01-25T08:20:05.040Z,"southeast of Easter Island",earthquake,13.09,1.892,0.068,72,reviewed,us,us
2025-01-10T13:10:28.054Z,8.7918,39.9655,10,4.8,mb,54,79,1.275,0.59,us,us6000pj5v,2025-01-25T07:41:21.040Z,"13 km SSE of Metahāra, Ethiopia",earthquake,7.79,1.927,0.086,42,reviewed,us,us
2025-01-10T12:31:21.713Z,36.1981,111.2095,10,4.5,mb,61,49,5.461,0.49,us,us6000pj5q,2025-02-06T15:10:37.040Z,"30 km WNW of Linfen, China",earthquake,8.24,1.899,0.09,39,reviewed,us,us
2025-01-10T11:24:22.275Z,-9.6668,66.7313,10,4.7,mb,54,55,21.036,0.43,us,us6000pj5g,2025-02-06T12:14:22.040Z,"Mid-Indian Ridge",earthquake,11.4,1.834,0.084,43,reviewed,us,us
2025-01-10T10:26:30.048Z,-7.4328,128.1467,161.573,4.5,mb,63,73,3.379,0.53,us,us6000pj54,2025-02-06T11:57:09.040Z,"174 km NE of Lospalos, Timor Leste",earthquake,8.82,7.982,0.078,50,reviewed,us,us
2025-01-10T09:57:50.931Z,8.9105,39.9145,10,4.7,mb,84,46,1.22,0.5,us,us6000pj51,2025-02-06T14:50:06.040Z,"1 km NNW of Metahāra, Ethiopia",earthquake,5.99,1.879,0.069,65,reviewed,us,us
2025-01-10T08:14:31.688Z,5.9161,-77.4676,10,5.6,mww,81,91,1.947,0.7,us,us6000pj4s,2025-01-25T07:34:56.425Z,"31 km NW of Nuquí, Colombia",earthquake,2.63,1.841,0.052,36,reviewed,us,us
2025-01-10T05:49:44.491Z,8.4901,126.5803,63.071,4.8,mb,61,109,1.725,1.05,us,us6000pj4g,2025-01-23T12:40:32.856Z,"30 km ENE of Hinatuan, Philippines",earthquake,10.43,5.72,0.067,70,reviewed,us,us
2025-01-10T05:29:31.513Z,9.2797,39.9354,10,4.5,mb,55,115,1.298,0.97,us,us6000pj4c,2025-01-23T12:13:37.040Z,"41 km NW of Āwash, Ethiopia",earthquake,8.76,1.927,0.084,42,reviewed,us,us
2025-01-10T02:02:34.494Z,9.034,40.1403,10,4.5,mb,14,190,1.449,0.56,us,us6000pll8,2025-01-23T02:39:30.040Z,"6 km NNW of Āwash, Ethiopia",earthquake,10.97,1.985,0.272,4,reviewed,us,us
2025-01-10T01:34:39.970Z,-19.6147,-175.1721,10,5.3,mb,98,46,4.981,1.2,us,us6000pj2q,2025-02-05T23:28:19.040Z,"88 km WNW of Pangai, Tonga",earthquake,8.97,1.774,0.064,82,reviewed,us,us
2025-01-09T20:52:31.016Z,-19.0283,-69.5232,103.324,4.7,mwr,40,105,0.69,0.91,us,us6000pj17,2025-01-25T19:27:32.611Z,"33 km NNW of Camiña, Chile",earthquake,4.54,4.323,0.068,21,reviewed,us,us
2025-01-09T20:10:09.713Z,-28.6262,-176.3431,10,4.7,mb,26,120,1.521,0.41,us,us6000plgr,2025-01-25T15:24:31.040Z,"Kermadec Islands region",earthquake,15.45,1.916,0.123,20,reviewed,us,us
2025-01-09T19:11:11.518Z,5.7029,126.4539,155.3,4.5,mb,54,96,1.612,0.8,us,us6000pj06,2025-01-25T19:02:08.040Z,"78 km SSE of Pondaguitan, Philippines",earthquake,8.4,1.923,0.076,51,reviewed,us,us
2025-01-09T16:42:14.567Z,1.6732,127.3499,10,4.7,mb,77,42,0.896,0.87,us,us6000pixy,2025-01-31T20:10:06.040Z,"73 km W of Tobelo, Indonesia",earthquake,5.59,1.844,0.071,66,reviewed,us,us
2025-01-09T16:31:45.323Z,13.599,-89.7339,95,5.8,mww,169,37,0.304,1.05,us,us6000pixh,2025-02-05T07:20:15.154Z,"10 km E of Acajutla, El Salvador",earthquake,6.07,1.88,0.034,85,reviewed,us,us
2025-01-09T15:57:13.059Z,35.6065,144.2021,21.629,4.5,mb,26,120,4.399,1.13,us,us6000plgm,2025-01-26T17:12:00.040Z,"off the east coast of Honshu, Japan",earthquake,8.13,5.859,0.145,14,reviewed,us,us
2025-01-09T15:22:22.434Z,-19.947,66.557,10,4.5,mb,32,73,3.006,0.7,us,us6000plgj,2025-01-26T15:58:48.040Z,"Mauritius - Reunion region",earthquake,9.77,1.796,0.101,29,reviewed,us,us
2025-01-09T14:50:16.158Z,-9.8777,66.4524,10,4.6,mb,19,133,10.261,0.52,us,us6000plgg,2025-01-25T21:40:20.040Z,"Mid-Indian Ridge",earthquake,14.87,1.933,0.182,11,reviewed,us,us
2025-01-09T14:48:41.632Z,-14.3201,170.9154,623.083,4.5,mb,57,68,3.76,0.8,us,us6000pivu,2025-01-27T20:42:54.040Z,"Vanuatu region",earthquake,13.25,8.09,0.062,77,reviewed,us,us
2025-01-09T14:35:05.826Z,-8.2573,159.205,72.562,4.5,mb,28,127,1.384,0.73,us,us6000plgh,2025-01-25T21:33:11.040Z,"44 km WSW of Buala, Solomon Islands",earthquake,11.07,6.768,0.113,23,reviewed,us,us
2025-01-09T11:18:54.949Z,-28.3377,-177.2565,40.035,4.5,mb,23,135,1.08,0.64,us,us6000plg8,2025-02-06T15:49:41.040Z,"Kermadec Islands region",earthquake,12.32,6.728,0.135,18,reviewed,us,us
2025-01-09T10:52:34.463Z,-53.6405,139.7037,10,4.9,mb,28,140,11.334,0.58,us,us6000piv5,2025-02-05T10:45:16.040Z,"west of Macquarie Island",earthquake,9.88,1.772,0.112,25,reviewed,us,us
2025-01-09T09:51:19.277Z,20.0049,145.9828,26.227,4.5,mb,48,104,4.742,1.39,us,us6000plg4,2025-02-06T10:55:16.040Z,"Maug Islands region, Northern Mariana Islands",earthquake,11.86,5.892,0.096,43,reviewed,us,us
2025-01-09T08:20:21.595Z,-23.4011,-114.9307,10,4.7,mb,41,189,6.225,0.27,us,us6000plgc,2025-01-26T07:56:11.040Z,"Easter Island region",earthquake,15.5,1.957,0.092,36,reviewed,us,us
2025-01-09T04:38:39.259Z,9.1258,40.0863,10,4.5,mb,50,186,1.408,0.85,us,us6000pit5,2025-01-30T23:06:33.170Z,"18 km NNW of Āwash, Ethiopia",earthquake,9.33,1.959,0.089,37,reviewed,us,us
2025-01-09T02:43:58.578Z,-18.293,167.7401,10,4.7,mb,36,115,2.876,0.92,us,us6000pisp,2025-01-31T01:37:51.824Z,"86 km SW of Port-Vila, Vanuatu",earthquake,8.94,1.903,0.106,27,reviewed,us,us
2025-01-09T01:23:16.984Z,9.0548,40.1678,10,4.6,mb,21,190,1.479,1.03,us,us6000plg1,2025-01-31T02:29:37.040Z,"7 km N of Āwash, Ethiopia",earthquake,8.73,1.826,0.173,10,reviewed,us,us
2025-01-08T22:17:08.791Z,9.1666,39.9447,10,4.6,mb,75,76,1.278,0.65,us,us6000pir9,2025-02-06T02:47:59.932Z,"29 km N of Metahāra, Ethiopia",earthquake,7.82,1.899,0.07,61,reviewed,us,us
2025-01-08T22:07:41.946Z,9.1826,40.0417,10,4.9,mb,113,85,1.375,0.49,us,us6000pir6,2025-02-06T23:03:25.646Z,"25 km NNW of Āwash, Ethiopia",earthquake,6.86,1.862,0.057,96,reviewed,us,us
2025-01-08T21:31:26.393Z,-59.8945,-61.3142,10,5.3,mww,121,39,5.061,0.61,us,us6000piqu,2025-02-06T23:22:58.040Z,"Drake Passage",earthquake,8.72,1.766,0.08,15,reviewed,us,us
2025-01-08T21:01:37.963Z,-19.3739,-173.3492,10,4.7,mb,24,109,3.247,0.41,us,us6000pla8,2025-02-06T23:17:49.040Z,"104 km SE of Neiafu, Tonga",earthquake,10.93,1.893,0.11,25,reviewed,us,us
2025-01-08T20:58:57.082Z,53.1177,-35.0754,10,4.6,mb,52,153,15.856,0.69,us,us6000piqq,2025-01-21T21:43:57.040Z,"Reykjanes Ridge",earthquake,11.54,1.94,0.08,48,reviewed,us,us
2025-01-08T20:56:14.729Z,8.8807,40.0795,10,4.6,mb,54,196,1.383,0.52,us,us6000piql,2025-01-22T15:40:22.040Z,"14 km SW of Āwash, Ethiopia",earthquake,9.23,1.969,0.083,43,reviewed,us,us
2025-01-08T20:30:19.542Z,-23.1684,-70.7958,23.388,4.6,mwr,78,143,0.409,0.9,us,us6000piqd,2025-01-21T21:37:24.040Z,"36 km WSW of Mejillones, Chile",earthquake,6.04,4.952,0.05,38,reviewed,us,us
2025-01-08T20:16:09.195Z,53.0538,-35.1387,10,4.5,mb,22,163,15.901,0.57,us,us6000pla6,2025-01-21T17:54:39.040Z,"Reykjanes Ridge",earthquake,15.5,1.934,0.163,11,reviewed,us,us
2025-01-08T20:00:07.488Z,-6.4839,-81.2579,10,4.5,mb,57,139,4.462,0.63,us,us6000piq7,2025-01-21T17:41:23.040Z,"113 km SSW of Sechura, Peru",earthquake,9.36,1.864,0.083,43,reviewed,us,us
2025-01-08T19:15:50.293Z,36.3401,139.7143,94.286,4.5,mb,36,126,1.23,0.64,us,us6000pla3,2025-01-21T17:25:58.040Z,"5 km SSW of Tochigi, Japan",earthquake,4.71,7.006,0.106,26,reviewed,us,us
2025-01-08T19:12:32.462Z,10.4626,125.2052,10,4.5,mb,54,108,3.391,0.65,us,us6000pipw,2025-01-21T17:17:12.040Z,"8 km SSE of Silago, Philippines",earthquake,11.79,1.893,0.086,40,reviewed,us,us
2025-01-08T15:19:25.881Z,-62.4979,-158.0391,10,4.6,mb,12,162,18.919,0.81,us,us6000pla5,2025-01-31T03:21:37.040Z,"Pacific-Antarctic Ridge",earthquake,15.82,1.793,0.173,10,reviewed,us,us
2025-01-08T15:05:34.518Z,-62.3742,-158.1273,10,4.6,mb,12,159,19.019,0.88,us,us6000pl9w,2025-01-31T03:43:46.040Z,"Pacific-Antarctic Ridge",earthquake,15.73,1.931,0.165,11,reviewed,us,us
2025-01-08T14:40:29.385Z,30.0812,131.1826,20.716,4.7,mb,85,122,1.556,0.25,us,us6000pikx,2025-02-05T19:12:45.040Z,"61 km ESE of Koseda, Japan",earthquake,7.03,5.343,0.065,71,reviewed,us,us
2025-01-08T14:15:59.944Z,53.1088,-35.0226,10,5,mb,177,73,10.788,0.44,us,us6000piks,2025-02-06T14:00:28.693Z,"Reykjanes Ridge",earthquake,8.73,1.863,0.042,184,reviewed,us,us
2025-01-08T12:45:59.040Z,54.8175,159.8573,130.62,4.7,mb,108,121,1.934,0.75,us,us6000pikk,2025-01-24T09:05:08.040Z,"80 km E of Mil’kovo, Russia",earthquake,13.78,7.987,0.054,104,reviewed,us,us
2025-01-08T12:01:22.798Z,-9.1397,158.0254,10,4.8,mb,42,102,1.92,0.49,us,us6000pikd,2025-01-24T08:35:47.040Z,"173 km SE of Gizo, Solomon Islands",earthquake,8.46,1.894,0.096,34,reviewed,us,us
2025-01-08T08:27:36.302Z,9.0508,40.2249,10,4.5,mb,27,144,1.534,1.21,us,us6000pijq,2025-02-05T10:38:49.040Z,"9 km NE of Āwash, Ethiopia",earthquake,8.23,1.924,0.14,15,reviewed,us,us
2025-01-08T07:44:22.703Z,34.7612,97.4769,10,5.5,mww,112,57,5.22,0.67,us,us6000pijd,2025-02-05T10:22:40.597Z,"Southern Qinghai, China",earthquake,8.07,1.811,0.065,23,reviewed,us,us
2025-01-08T07:23:50.828Z,-44.413,-78.1001,10,4.6,mb,46,143,3.349,1.06,us,us6000pij7,2025-02-04T18:11:11.040Z,"Off the coast of Aisen, Chile",earthquake,8.49,1.829,0.114,23,reviewed,us,us
2025-01-08T03:51:21.676Z,28.4359,87.3648,10,5,mb,133,39,3.527,0.81,us,us6000piij,2025-01-31T05:15:01.115Z,"Southern Tibetan Plateau",earthquake,8.4,1.839,0.05,127,reviewed,us,us
2025-01-08T01:30:03.933Z,39.9033,41.7608,10,4.6,mb,77,41,1.367,0.98,us,us6000pii1,2025-01-31T06:31:27.040Z,"11 km SE of Pasinler, Turkey",earthquake,4.72,1.834,0.079,48,reviewed,us,us
2025-01-08T01:08:31.755Z,-6.3629,150.1026,10,4.5,mb,23,93,2.8,0.89,us,us6000pihy,2025-01-31T22:42:49.040Z,"63 km ESE of Kandrian, Papua New Guinea",earthquake,6.32,1.93,0.131,17,reviewed,us,us
2025-01-08T00:53:28.200Z,9.0325,40.0665,10,5.3,mww,101,79,1.377,0.74,us,us6000pihw,2025-02-05T00:39:12.117Z,"12 km WNW of Āwash, Ethiopia",earthquake,9.51,1.868,0.098,10,reviewed,us,us
2025-01-08T00:49:47.704Z,9.2331,40.0431,10,4.7,mb,54,121,1.388,0.69,us,us6000pihu,2025-02-05T00:29:40.125Z,"30 km NNW of Āwash, Ethiopia",earthquake,8.35,1.919,0.081,46,reviewed,us,us
2025-01-07T23:12:19.930Z,-20.5959,-174.2522,35,4.6,mb,15,166,4.343,0.43,us,us6000pkrs,2025-01-29T03:43:52.040Z,"87 km S of Pangai, Tonga",earthquake,12.48,1.943,0.152,13,reviewed,us,us
2025-01-07T20:58:49.833Z,-37.3362,77.3833,10,4.6,mb,12,191,0.482,0.29,us,us6000pkrv,2025-01-20T22:07:39.040Z,"Mid-Indian Ridge",earthquake,8.02,1.968,0.206,7,reviewed,us,us
2025-01-07T20:12:56.803Z,-63.0063,144.7042,10,4.7,mb,19,170,14.204,0.36,us,us6000pigm,2025-02-06T15:38:27.040Z,"south of Australia",earthquake,12.62,1.958,0.133,17,reviewed,us,us
2025-01-07T19:52:52.207Z,28.7108,87.3437,10,4.5,mb,78,129,3.452,0.98,us,us6000pigg,2025-01-20T21:43:27.040Z,"Southern Tibetan Plateau ",earthquake,9.88,1.85,0.067,66,reviewed,us,us
2025-01-07T17:52:21.671Z,-8.2744,119.3325,10,5,mb,62,73,1.634,0.82,us,us6000pifl,2025-02-06T15:29:32.427Z,"38 km NNW of Komodo, Indonesia",earthquake,5.55,1.804,0.082,47,reviewed,us,us
2025-01-07T17:23:48.611Z,24.2827,142.0996,534.482,5.3,mww,164,24,2.802,0.67,us,us6000pife,2025-01-20T17:43:44.040Z,"Volcano Islands, Japan region",earthquake,8.17,5.267,0.098,10,reviewed,us,us
2025-01-07T16:44:13.398Z,-37.5523,77.8519,15.234,4.9,mb,68,36,0.331,0.6,us,us6000pifs,2025-02-08T15:55:19.040Z,"Mid-Indian Ridge",earthquake,9.87,4.054,0.075,57,reviewed,us,us
2025-01-07T16:38:59.524Z,-37.6508,77.9555,10,5.2,mww,112,28,0.339,0.66,us,us6000pifb,2025-01-30T14:48:01.040Z,"Mid-Indian Ridge",earthquake,7.29,1.761,0.103,9,reviewed,us,us
2025-01-07T15:40:57.515Z,8.6761,39.6387,10,4.5,mb,16,215,4.245,0.62,us,us6000pksj,2025-01-29T23:06:09.040Z,"39 km SW of Metahāra, Ethiopia",earthquake,14.81,1.95,0.191,8,reviewed,us,us
2025-01-07T13:29:35.125Z,28.5993,87.2148,10,4.6,mb,126,49,3.595,0.52,us,us6000pif0,2025-01-29T21:50:05.040Z,"Southern Tibetan Plateau ",earthquake,8.42,1.626,0.049,125,reviewed,us,us
2025-01-07T13:16:06.614Z,-6.9539,129.9045,155.011,4.5,mb,67,85,2.415,0.4,us,us6000piez,2025-01-29T21:47:07.040Z,"Banda Sea",earthquake,8.04,7.111,0.072,62,reviewed,us,us
2025-01-07T10:19:49.553Z,27.424,128.8448,48.076,4.5,mb,39,95,0.777,0.61,us,us6000pidl,2025-01-08T09:48:29.040Z,"19 km ENE of Wadomari, Japan",earthquake,6.33,6.646,0.102,28,reviewed,us,us
2025-01-07T09:18:58.362Z,9.7888,126.0508,10,4.6,mb,68,106,2.742,0.58,us,us6000pidf,2025-01-30T08:55:38.966Z,"3 km N of Dapa, Philippines",earthquake,10.59,1.879,0.073,55,reviewed,us,us
2025-01-07T09:06:56.835Z,-19.0501,-173.1429,10,4.9,mb,55,49,3.041,0.62,us,us6000pidi,2025-01-29T12:51:17.040Z,"98 km ESE of Neiafu, Tonga",earthquake,9.62,1.18,0.088,40,reviewed,us,us
2025-01-07T08:31:32.423Z,31.6482,138.3252,375.978,5.6,mww,139,32,1.93,0.68,us,us6000pida,2025-02-03T19:36:29.040Z,"Izu Islands, Japan region",earthquake,8.51,5.406,0.083,14,reviewed,us,us
2025-01-07T08:25:52.992Z,8.9514,39.9514,10,4.9,mb,71,64,1.258,0.82,us,us6000pidb,2025-01-29T13:43:11.908Z,"6 km NE of Metahāra, Ethiopia",earthquake,7.34,1.89,0.069,66,reviewed,us,us
2025-01-07T07:34:15.048Z,-5.378,151.8499,105.708,4.5,mb,34,99,1.079,1.17,us,us6000picz,2025-01-30T10:30:48.040Z,"123 km SSW of Kokopo, Papua New Guinea",earthquake,9.05,7.285,0.11,24,reviewed,us,us
2025-01-07T05:57:16.316Z,28.8918,87.5814,10,4.6,mb,80,87,3.201,1.09,us,us6000pick,2025-01-30T05:46:11.040Z,"Southern Tibetan Plateau",earthquake,9.04,1.818,0.069,63,reviewed,us,us
2025-01-07T04:15:30.187Z,-17.6376,-176.843,370.004,5,mb,146,77,3.532,0.6,us,us6000pic9,2025-01-24T04:05:52.040Z,"Fiji region",earthquake,11.15,5.696,0.052,121,reviewed,us,us
2025-01-07T03:45:54.911Z,28.6558,87.3207,10,4.5,mb,93,46,3.489,0.45,us,us6000pic2,2025-01-24T05:46:13.996Z,"Southern Tibetan Plateau",earthquake,9.54,1.859,0.057,91,reviewed,us,us
2025-01-07T03:37:29.214Z,-1.9216,-77.2282,161.491,4.7,mb,120,65,0.903,0.62,us,us6000pibx,2025-01-28T02:11:43.040Z,"85 km ESE of Palora, Ecuador",earthquake,9.03,5.653,0.055,101,reviewed,us,us
2025-01-07T03:22:31.656Z,-11.459,125.0679,10,4.6,mb,29,85,1.867,0.78,us,us6000pibt,2025-01-28T02:31:49.040Z,"196 km SSE of Soe, Indonesia",earthquake,8.93,1.891,0.114,23,reviewed,us,us
2025-01-07T02:47:21.934Z,41.2283,140.2823,158.63,4.8,mb,127,60,0.737,0.56,us,us6000pibm,2025-01-28T03:48:07.040Z,"17 km WNW of Imabetsu, Japan",earthquake,8.5,6.835,0.055,103,reviewed,us,us
2025-01-07T02:27:38.392Z,28.3017,87.1134,10,4.5,mb,35,170,3.783,0.81,us,us6000pkrz,2025-01-28T04:41:34.040Z,"49 km NE of Lobuche, Nepal",earthquake,6.85,1.91,0.103,28,reviewed,us,us
2025-01-07T02:14:28.496Z,33.4365,87.154,10.975,4.9,mb,91,81,5.034,0.54,us,us6000piba,2025-01-30T00:54:26.040Z,"Tibetan Plateau",earthquake,8.63,4.151,0.061,84,reviewed,us,us
2025-01-07T02:01:06.777Z,28.7477,87.3101,10,4.5,mb,65,83,3.47,0.8,us,us6000pkpu,2025-01-30T03:17:11.040Z,"101 km NNE of Lobuche, Nepal",earthquake,9.87,1.873,0.077,49,reviewed,us,us
2025-01-07T01:59:48.239Z,28.779,87.3465,10,4.6,mb,75,97,3.43,0.77,us,us6000pib7,2025-01-30T04:01:00.040Z,"Southern Tibetan Plateau",earthquake,9.96,1.888,0.061,80,reviewed,us,us
2025-01-07T01:43:49.062Z,28.3885,87.2633,10,4.9,mb,96,93,3.628,0.72,us,us6000piav,2025-01-30T04:41:33.951Z,"Southern Tibetan Plateau",earthquake,6.38,1.869,0.058,94,reviewed,us,us
2025-01-07T01:37:13.647Z,28.7969,87.2321,10,5,mb,88,44,3.522,0.68,us,us6000piar,2025-01-30T05:08:25.040Z,"Southern Tibetan Plateau",earthquake,9.31,1.802,0.062,82,reviewed,us,us
2025-01-07T01:31:59.676Z,28.8053,87.608,10,4.9,mb,91,96,3.203,0.53,us,us6000piap,2025-01-30T05:48:42.613Z,"Southern Tibetan Plateau",earthquake,9.49,1.796,0.062,82,reviewed,us,us
2025-01-07T01:24:25.911Z,28.4845,87.4575,10,5,mb,110,88,3.434,0.51,us,us6000piak,2025-01-29T06:18:11.374Z,"Southern Tibetan Plateau",earthquake,9.47,1.852,0.056,106,reviewed,us,us
2025-01-07T01:20:47.587Z,28.5147,87.1381,10,4.5,mb,12,177,3.686,0.78,us,us6000pkq7,2025-01-29T05:46:14.040Z,"70 km NNE of Lobuche, Nepal",earthquake,14.37,1.959,0.271,4,reviewed,us,us
2025-01-07T01:18:30.934Z,28.5411,87.4266,10,4.6,mb,39,106,3.439,0.61,us,us6000pkq5,2025-01-29T05:39:48.040Z,"89 km NE of Lobuche, Nepal",earthquake,8.9,1.772,0.114,23,reviewed,us,us
2025-01-07T01:17:24.736Z,28.3398,87.1798,10,4.7,mb,30,151,3.714,0.84,us,us6000pks2,2025-01-29T05:34:04.536Z,"56 km NE of Lobuche, Nepal",earthquake,13.2,1.918,0.12,21,reviewed,us,us
2025-01-07T01:14:42.239Z,28.5282,87.356,10,5.2,mb,97,60,3.501,0.44,us,us6000pkpp,2025-01-29T05:14:38.040Z,"83 km NE of Lobuche, Nepal",earthquake,9.78,1.754,0.065,79,reviewed,us,us
2025-01-07T01:13:27.197Z,28.4421,87.4659,10,5.2,mb,72,82,3.443,0.6,us,us6000pia7,2025-01-29T04:58:41.164Z,"Southern Tibetan Plateau",earthquake,9.27,1.856,0.072,63,reviewed,us,us
2025-01-07T01:10:54.880Z,28.8057,87.1343,10,5.2,mb,15,177,3.602,0.66,us,us6000pks6,2025-01-29T04:43:49.040Z,"100 km NNE of Lobuche, Nepal",earthquake,9.18,1.859,0.159,13,reviewed,us,us
2025-01-07T01:09:13.529Z,28.7537,87.1968,10,5.4,mb,30,64,3.563,0.35,us,us6000pks1,2025-01-30T03:59:04.822Z,"96 km NNE of Lobuche, Nepal",earthquake,9.8,1.849,0.09,42,reviewed,us,us
2025-01-07T01:05:16.716Z,28.5733,87.375,10,7.1,mww,315,17,3.47,0.57,us,us6000pi9w,2025-01-29T03:29:18.298Z,"2025 Southern Tibetan Plateau Earthquake",earthquake,8.2,1.722,0.039,63,reviewed,us,us
2025-01-07T00:50:02.045Z,23.897,125.7835,10,4.5,mb,16,226,1.494,1.08,us,us6000pkpn,2025-01-29T03:38:03.040Z,"109 km SSE of Miyakojima, Japan",earthquake,5.66,1.996,0.222,6,reviewed,us,us
2025-01-06T23:22:57.513Z,9.2364,39.9932,10,4.5,mb,46,115,1.341,0.88,us,us6000pi9f,2025-01-29T02:40:37.070Z,"33 km NW of Āwash, Ethiopia",earthquake,7.62,1.643,0.091,35,reviewed,us,us
2025-01-06T21:20:45.820Z,-17.9111,167.9443,35,5,mww,54,110,2.551,0.55,us,us6000pi8v,2025-01-20T02:53:24.173Z,"43 km WSW of Port-Vila, Vanuatu",earthquake,8.94,1.883,0.093,11,reviewed,us,us
2025-01-06T21:18:56.009Z,-9.7605,-79.6514,10,4.6,mb,40,134,3.537,0.35,us,us6000pi8s,2025-01-20T02:23:11.040Z,"138 km WSW of Chimbote, Peru",earthquake,6.34,1.886,0.111,24,reviewed,us,us
2025-01-06T19:28:39.667Z,28.1251,52.4035,10,4.9,mb,77,74,4.649,0.55,us,us6000pi8c,2025-01-24T20:03:39.040Z,"78 km NW of Mohr, Iran",earthquake,8.36,1.867,0.049,131,reviewed,us,us
2025-01-06T17:24:06.939Z,28.2017,52.2924,10,4.8,mb,64,74,4.773,0.63,us,us6000pi7n,2025-01-24T19:31:32.040Z,"76 km SSW of Fīrūzābād, Iran",earthquake,8.61,1.882,0.066,71,reviewed,us,us
2025-01-06T17:23:55.821Z,-53.7258,-133.6692,10,4.6,mb,22,131,29.614,0.34,us,us6000pknx,2025-01-18T16:45:06.040Z,"Pacific-Antarctic Ridge",earthquake,14.11,1.903,0.119,21,reviewed,us,us
2025-01-06T17:23:42.881Z,28.1788,52.2845,10,4.5,mb,29,75,4.763,0.32,us,us6000pknh,2025-01-17T18:02:39.040Z,"78 km SSW of Fīrūzābād, Iran",earthquake,6.11,1.875,0.136,18,reviewed,us,us
2025-01-06T16:59:50.092Z,28.1592,52.3922,10,5.2,mww,106,54,4.679,0.56,us,us6000pi7c,2025-02-06T15:27:51.040Z,"77 km SSW of Fīrūzābād, Iran",earthquake,7.27,1.644,0.073,18,reviewed,us,us
2025-01-06T16:44:39.772Z,35.8134,142.081,10,5.1,mww,95,56,3.216,0.7,us,us6000pi7a,2025-01-19T21:14:18.040Z,"113 km E of Hasaki, Japan",earthquake,7.65,1.824,0.059,28,reviewed,us,us
2025-01-06T15:26:46.849Z,33.4298,87.0306,10,5.2,mb,124,36,5.101,0.75,us,us6000pi67,2025-01-19T18:11:35.247Z,"Tibetan Plateau",earthquake,8.33,1.777,0.046,157,reviewed,us,us
2025-01-06T15:16:08.006Z,-23.4498,-179.7427,539.314,4.5,mb,43,122,5.996,1.09,us,us6000pi65,2025-02-06T15:17:13.040Z,"south of the Fiji Islands",earthquake,13.75,9.613,0.092,35,reviewed,us,us
2025-01-06T12:29:34.624Z,-7.2511,129.3531,138.613,4.7,mb,83,40,2.766,0.78,us,us6000pi5h,2025-01-28T14:59:46.040Z,"295 km ENE of Lospalos, Timor Leste",earthquake,7.69,7.196,0.066,69,reviewed,us,us
2025-01-06T10:40:15.489Z,23.6861,141.8737,119.31,4.5,mb,55,126,3.406,0.82,us,us6000pknd,2025-01-30T06:35:57.040Z,"Volcano Islands, Japan region",earthquake,12.76,7.791,0.065,71,reviewed,us,us
2025-01-06T09:47:56.872Z,37.2692,21.5571,10,4.9,mb,103,51,0.307,1.3,us,us6000pi50,2025-01-28T14:44:32.739Z,"10 km W of Kyparissía, Greece",earthquake,6.32,1.849,0.054,110,reviewed,us,us
2025-01-06T08:46:56.186Z,36.5503,26.8011,150.935,4.5,mb,49,62,1.117,0.58,us,us6000pi4u,2025-01-30T10:28:43.040Z,"25 km SSW of Kéfalos, Greece",earthquake,6.47,7.117,0.106,26,reviewed,us,us
2025-01-06T07:34:21.777Z,26.7009,96.9229,10,4.5,mb,100,40,5.77,0.56,us,us6000pkn9,2025-01-30T17:48:37.040Z,"55 km NNE of Sarupathar, India",earthquake,8.43,1.863,0.06,81,reviewed,us,us
2025-01-06T07:17:57.855Z,36.7099,68.001,10,4.5,mb,52,108,2.103,0.77,us,us6000pi4k,2025-01-30T09:49:46.040Z,"27 km E of Khulm, Afghanistan",earthquake,6.36,1.868,0.088,38,reviewed,us,us
2025-01-06T03:59:11.131Z,33.4327,142.18,10,4.6,mb,49,152,2.007,0.65,us,us6000pi3y,2025-01-28T23:45:42.040Z,"256 km SE of Katsuura, Japan",earthquake,8.49,1.91,0.089,37,reviewed,us,us
2025-01-06T03:54:15.488Z,28.1236,57.552,10,4.5,mb,66,87,3.388,0.59,us,us6000pi3x,2025-01-28T23:39:07.040Z,"119 km NNE of Mīnāb, Iran",earthquake,12.64,1.897,0.067,65,reviewed,us,us
2025-01-06T03:24:59.011Z,19.2207,-104.9536,10,4.7,mww,35,175,3.542,0.86,us,us6000pi4t,2025-01-28T06:52:09.040Z,"18 km S of Emiliano Zapata, Mexico",earthquake,10.22,1.948,0.065,23,reviewed,us,us
2025-01-06T02:43:23.884Z,23.7843,122.7346,14.126,4.6,mb,61,74,0.725,0.73,us,us6000pi3h,2025-01-28T05:53:41.040Z,"80 km SSW of Yonakuni, Japan",earthquake,3.9,4.164,0.083,43,reviewed,us,us
2025-01-06T02:00:30.399Z,-33.7123,-14.3383,10,4.7,mb,14,145,3.734,0.74,us,us6000pkn8,2025-01-28T05:31:04.040Z,"southern Mid-Atlantic Ridge",earthquake,13.57,1.962,0.134,17,reviewed,us,us
2025-01-06T01:39:45.523Z,33.4017,142.1674,10,4.5,mb,50,127,1.993,0.68,us,us6000pkmy,2025-01-24T00:38:16.040Z,"257 km SE of Katsuura, Japan",earthquake,8.9,1.888,0.094,33,reviewed,us,us
2025-01-06T01:33:19.915Z,9.2419,40.0597,10,4.5,mb,36,126,1.406,0.7,us,us6000pi3d,2025-01-24T00:04:41.040Z,"30 km NNW of Āwash, Ethiopia",earthquake,8.36,1.915,0.104,27,reviewed,us,us
2025-01-06T00:52:11.514Z,-10.734,161.868,97.196,5.2,mww,100,31,2.288,0.6,us,us6000pi39,2025-01-29T01:27:11.013Z,"31 km S of Kirakira, Solomon Islands",earthquake,10.01,4.659,0.093,11,reviewed,us,us
2025-01-06T00:01:19.293Z,9.2432,40.1161,10,4.5,mb,43,116,1.46,0.7,us,us6000pi33,2025-01-28T23:29:05.264Z,"29 km N of Āwash, Ethiopia",earthquake,6.01,1.846,0.097,31,reviewed,us,us
2025-01-05T22:40:25.848Z,25.3295,142.877,10,4.6,mb,27,157,1.866,0.67,us,us6000pkha,2025-01-29T03:08:40.040Z,"Volcano Islands, Japan region",earthquake,12.92,1.941,0.137,16,reviewed,us,us
2025-01-05T21:08:14.951Z,-19.5091,-173.0436,10,4.8,mb,25,80,2.975,0.65,us,us6000pi1x,2025-01-19T23:43:22.040Z,"136 km ENE of Fangale’ounga, Tonga",earthquake,11.58,1.894,0.113,24,reviewed,us,us
2025-01-05T21:03:54.083Z,-36.2849,177.4571,10,4.5,mb,23,215,1.445,0.78,us,us6000pkh3,2025-01-19T23:36:04.040Z,"163 km ENE of Pauanui, New Zealand",earthquake,7.45,1.965,0.172,10,reviewed,us,us
2025-01-05T21:00:22.619Z,-36.248,177.5771,10,4.8,mb,23,95,1.436,0.76,us,us6000pkh4,2025-01-29T02:57:32.040Z,"163 km NNW of Hicks Bay, New Zealand",earthquake,7.54,1.244,0.176,10,reviewed,us,us
2025-01-05T18:46:15.504Z,-37.688,179.5566,10,4.6,mb,23,209,1,0.82,us,us6000pi1m,2025-02-06T15:43:50.040Z,"111 km E of Hicks Bay, New Zealand",earthquake,7.27,1.893,0.136,16,reviewed,us,us
2025-01-05T17:24:43.116Z,-3.7391,151.6914,10,5,mww,82,81,0.651,0.68,us,us6000pi0k,2025-02-06T15:27:52.040Z,"73 km NW of Rabaul, Papua New Guinea",earthquake,6.59,1.871,0.089,12,reviewed,us,us
2025-01-05T17:18:45.784Z,13.0007,-89.1775,46,6.2,mww,131,79,0.746,1.19,us,us6000pi09,2025-02-09T04:29:46.400Z,"56 km SSE of La Libertad, El Salvador",earthquake,6.61,1.95,0.037,70,reviewed,us,us
2025-01-05T15:37:00.655Z,41.4441,81.9288,10,4.5,mb,36,116,2.611,0.79,us,us6000pi02,2025-01-25T20:09:19.040Z,"88 km WSW of Kuqa, China",earthquake,8.34,1.934,0.093,34,reviewed,us,us
2025-01-05T13:35:00.645Z,33.4555,142.0606,17.82,4.9,mb,69,126,1.912,0.95,us,us6000phzr,2025-01-25T14:44:12.040Z,"246 km SE of Katsuura, Japan",earthquake,8.67,4.846,0.066,71,reviewed,us,us
2025-01-05T12:31:27.511Z,-57.7627,-140.8384,10,4.5,mb,14,125,27.502,0.47,us,us6000pkhh,2025-01-23T09:43:52.040Z,"Pacific-Antarctic Ridge",earthquake,15.72,1.926,0.151,13,reviewed,us,us
2025-01-05T12:30:15.711Z,9.2306,39.9971,10,4.5,mb,52,205,1.343,0.92,us,us6000phzf,2025-01-23T09:34:16.046Z,"33 km NW of Āwash, Ethiopia",earthquake,9.31,1.981,0.084,42,reviewed,us,us
2025-01-05T12:22:22.982Z,8.7795,39.7366,10,4.5,mb,18,277,4.104,0.47,us,us6000pkgn,2025-01-23T09:29:19.040Z,"23 km SW of Metahāra, Ethiopia",earthquake,14.61,1.983,0.163,11,reviewed,us,us
2025-01-05T12:14:59.730Z,9.1928,39.9963,10,4.5,mb,35,115,1.334,0.81,us,us6000phzd,2025-01-23T09:19:51.866Z,"29 km NW of Āwash, Ethiopia",earthquake,7.61,1.9,0.115,22,reviewed,us,us
2025-01-05T09:16:42.355Z,6.4682,126.5325,132.697,5.1,mww,107,37,1.12,0.68,us,us6000phz2,2025-01-23T09:06:48.305Z,"40 km ENE of Pondaguitan, Philippines",earthquake,7.29,5.669,0.065,23,reviewed,us,us
2025-01-05T05:15:47.211Z,-20.9185,-178.6637,546.314,4.7,mb,42,101,4.425,0.9,us,us6000phy6,2025-01-18T13:58:27.040Z,"Fiji region",earthquake,13.28,10.378,0.097,32,reviewed,us,us
2025-01-05T05:02:13.203Z,-17.6434,168.1179,49.503,4.9,mb,24,167,2.353,0.59,us,us6000phy5,2025-01-18T13:40:35.640Z,"23 km WNW of Port-Vila, Vanuatu",earthquake,9.34,4.991,0.126,20,reviewed,us,us
2025-01-04T23:03:57.103Z,8.8475,40.0324,10,4.6,mb,37,198,1.338,0.88,us,us6000phwv,2025-01-26T02:58:40.040Z,"13 km ESE of Metahāra, Ethiopia",earthquake,10.54,1.98,0.104,28,reviewed,us,us
2025-01-04T23:00:19.891Z,32.0306,140.6002,70.067,4.6,mb,20,162,1.269,0.33,us,us6000pkfp,2025-02-07T06:23:03.040Z,"Izu Islands, Japan region",earthquake,9.1,7.834,0.132,17,reviewed,us,us
2025-01-04T22:53:59.028Z,8.9228,40.0287,10,4.5,mb,16,222,1.333,0.51,us,us6000pkfl,2025-01-17T06:10:37.040Z,"12 km ENE of Metahāra, Ethiopia",earthquake,9.37,2.01,0.204,7,reviewed,us,us
2025-01-04T22:40:07.359Z,-23.3751,171.4028,10,4.6,mb,24,198,3.724,1.12,us,us6000pkfj,2025-02-08T03:13:30.040Z,"southeast of the Loyalty Islands",earthquake,10.78,1.972,0.126,19,reviewed,us,us
2025-01-04T22:23:37.252Z,-16.1014,167.4828,36.934,5.3,mww,76,74,0.704,0.8,us,us6000phws,2025-01-29T02:43:40.755Z,"7 km E of Lakatoro, Vanuatu",earthquake,7.4,7.123,0.083,14,reviewed,us,us
2025-01-04T20:05:45.733Z,34.634,140.884,51.23,4.6,mb,39,146,1.757,0.73,us,us6000pkfe,2025-01-27T00:00:41.040Z,"77 km SE of Katsuura, Japan",earthquake,8.9,8.173,0.105,27,reviewed,us,us
2025-01-04T20:05:45.606Z,9.2988,40.1365,10,5,mb,104,34,1.494,0.62,us,us6000phw1,2025-01-26T02:56:10.373Z,"35 km N of Āwash, Ethiopia",earthquake,8.36,1.858,0.056,104,reviewed,us,us
2025-01-04T19:15:28.278Z,9.1525,40.0627,10,4.5,mb,29,169,1.39,0.71,us,us6000phvy,2025-02-07T01:40:06.040Z,"21 km NNW of Āwash, Ethiopia",earthquake,8.4,1.841,0.131,20,reviewed,us,us
2025-01-04T16:36:44.435Z,8.4667,40.1183,10,4.9,mww,118,60,1.485,0.76,us,us6000phvc,2025-02-08T16:51:12.040Z,"52 km SSE of Metahāra, Ethiopia",earthquake,6.62,1.878,0.098,10,reviewed,us,us
2025-01-04T15:55:12.268Z,-21.2211,-173.8194,10,4.6,mb,43,87,4.234,0.73,us,us6000pkf7,2025-01-29T19:35:04.040Z,"118 km E of ‘Ohonua, Tonga",earthquake,8.78,1.883,0.094,39,reviewed,us,us
2025-01-04T15:50:41.127Z,-55.9422,-27.5485,67.136,4.5,mb,28,198,5.393,0.66,us,us6000pkfg,2025-02-08T16:54:33.040Z,"South Sandwich Islands region",earthquake,14.4,11.959,0.106,28,reviewed,us,us
2025-01-04T15:29:13.504Z,9.1294,39.9723,13.097,4.6,mb,87,105,1.298,0.63,us,us6000phv2,2025-02-08T17:07:26.040Z,"26 km NNE of Metahāra, Ethiopia",earthquake,8.09,5.15,0.062,77,reviewed,us,us
2025-01-04T14:51:49.837Z,-3.0587,29.2209,10,4.5,mb,36,128,2.873,0.59,us,us6000phuy,2025-01-24T21:46:34.218Z,"19 km W of Bubanza, Burundi",earthquake,10.51,1.889,0.102,28,reviewed,us,us
2025-01-04T14:24:36.264Z,13.2345,-89.261,74.061,4.5,mb,43,133,0.57,1.01,us,us6000phuu,2025-01-24T21:44:21.367Z,"28 km SSE of La Libertad, El Salvador",earthquake,6.42,7.11,0.057,89,reviewed,us,us
2025-01-04T10:59:07.242Z,45.696,151.7367,32.415,4.6,mb,44,198,6.682,0.64,us,us6000phud,2025-02-10T06:52:41.040Z,"Kuril Islands",earthquake,14.35,8.609,0.085,42,reviewed,us,us
2025-01-04T10:27:18.962Z,-5.132,129.5773,228.17,4.5,mb,61,43,0.688,0.67,us,us6000phua,2025-01-18T12:36:55.040Z,"211 km SSE of Amahai, Indonesia",earthquake,9.56,5.726,0.075,52,reviewed,us,us
2025-01-04T09:40:31.801Z,8.9617,40.0986,10,4.6,mb,39,71,1.403,0.75,us,us6000phu8,2025-01-18T12:32:30.654Z,"7 km WSW of Āwash, Ethiopia",earthquake,8.24,1.929,0.104,28,reviewed,us,us
2025-01-04T08:17:20.197Z,4.5895,-76.4695,10,4.7,mb,82,110,1.846,0.76,us,us6000phtp,2025-01-23T09:00:00.528Z,"20 km ESE of Sipí, Colombia",earthquake,7.22,1.877,0.067,67,reviewed,us,us
2025-01-04T07:26:24.764Z,9.0796,40.0112,10,4.6,mb,41,188,1.328,0.48,us,us6000phtm,2025-01-23T08:48:51.040Z,"20 km WNW of Āwash, Ethiopia",earthquake,9.39,1.962,0.099,30,reviewed,us,us
2025-01-04T07:00:22.734Z,9.1219,40.012,10,4.7,mb,52,115,1.335,0.65,us,us6000phtf,2025-01-23T08:27:31.661Z,"22 km NW of Āwash, Ethiopia",earthquake,5.69,1.907,0.088,39,reviewed,us,us
2025-01-04T06:03:39.046Z,49.6256,-28.43,10,4.9,mww,84,91,14.209,0.59,us,us6000pht5,2025-01-23T08:16:21.040Z,"northern Mid-Atlantic Ridge",earthquake,11.53,1.894,0.073,18,reviewed,us,us
2025-01-04T03:12:23.612Z,9.2309,40.1037,10,4.5,mb,51,116,1.445,0.95,us,us6000phsb,2025-01-18T01:45:49.040Z,"28 km NNW of Āwash, Ethiopia",earthquake,4.54,1.721,0.09,37,reviewed,us,us
2025-01-04T00:52:21.078Z,9.4591,40.1219,8,5.7,mww,112,33,1.53,0.92,us,us6000phrk,2025-02-07T01:22:00.927Z,"52 km N of Āwash, Ethiopia",earthquake,8.29,1.832,0.056,31,reviewed,us,us
2025-01-03T22:55:26.242Z,-27.9633,63.4991,10,5,mww,89,49,8.171,0.93,us,us6000phr5,2025-02-06T19:38:01.040Z,"Southwest Indian Ridge",earthquake,9.25,1.824,0.11,8,reviewed,us,us
2025-01-03T20:46:52.068Z,21.7002,144.1308,135.202,4.5,mb,53,105,5.656,0.53,us,us6000pk71,2025-01-29T18:22:06.040Z,"Mariana Islands region",earthquake,7.67,7.892,0.085,45,reviewed,us,us
2025-01-03T20:32:03.046Z,-15.7442,-172.3824,10,4.5,mb,20,149,1.915,0.75,us,us6000pk70,2025-01-29T18:06:04.040Z,"153 km E of Hihifo, Tonga",earthquake,12.24,1.923,0.139,16,reviewed,us,us
2025-01-03T20:15:49.240Z,-38.3926,48.2139,10,4.5,mb,26,57,8.471,0.52,us,us6000pk6z,2025-01-29T17:22:39.040Z,"Southwest Indian Ridge",earthquake,7.98,1.761,0.124,21,reviewed,us,us
2025-01-03T19:41:58.189Z,-17.9178,167.7302,35,4.6,mb,31,117,2.508,0.73,us,us6000pk6y,2025-01-29T17:11:27.040Z,"65 km WSW of Port-Vila, Vanuatu",earthquake,9.35,1.944,0.111,26,reviewed,us,us
2025-01-03T17:59:54.378Z,2.3865,128.1744,140.869,4.5,mb,137,51,1.796,1.02,us,us6000phpb,2025-02-08T17:16:39.040Z,"75 km NNE of Tobelo, Indonesia",earthquake,7.28,6.763,0.051,127,reviewed,us,us
2025-01-03T17:01:46.324Z,9.3575,40.3457,10,5.5,mww,167,34,1.708,0.63,us,us6000phnz,2025-01-28T20:09:30.369Z,"45 km NNE of Āwash, Ethiopia",earthquake,6.23,1.831,0.08,15,reviewed,us,us
2025-01-03T15:56:45.188Z,-30.0077,-177.7772,74.23,4.7,mb,25,189,0.754,1.17,us,us6000phm8,2025-02-07T19:54:55.040Z,"Kermadec Islands, New Zealand",earthquake,15.98,15.269,0.115,24,reviewed,us,us
2025-01-03T14:44:43.033Z,-4.8117,102.8052,63.724,4.8,mb,75,93,0.473,0.63,us,us6000phl7,2025-01-18T12:24:30.040Z,"99 km SSW of Pagar Alam, Indonesia",earthquake,7.99,5.989,0.061,83,reviewed,us,us
2025-01-03T14:27:16.790Z,9.0119,39.7855,10,5.2,mww,70,151,1.099,0.7,us,us6000phl5,2025-01-29T07:02:14.744Z,"19 km NW of Metahāra, Ethiopia",earthquake,10.59,1.984,0.066,22,reviewed,us,us
2025-01-03T13:51:02.330Z,36.4681,31.9278,10,4.5,mwr,78,56,1.649,0.84,us,us6000phj9,2025-01-30T08:22:01.664Z,"10 km SW of Alanya, Turkey",earthquake,4.49,1.579,0.061,26,reviewed,us,us
2025-01-03T12:21:49.362Z,-17.2432,168.6136,10,4.5,mb,23,87,2.241,0.55,us,us6000pk6q,2025-01-30T13:28:33.040Z,"63 km NNE of Port-Vila, Vanuatu",earthquake,8.4,1.886,0.136,16,reviewed,us,us
2025-01-03T11:35:18.623Z,33.5039,142.2427,10,4.5,mb,57,138,2.071,0.54,us,us6000phew,2025-01-30T08:25:00.040Z,"254 km SE of Katsuura, Japan",earthquake,6.84,1.685,0.092,35,reviewed,us,us
2025-01-03T09:55:58.968Z,-21.7065,-68.5432,128.318,4.5,mb,80,51,0.656,0.78,us,us6000phem,2025-01-30T09:42:07.040Z,"61 km SSW of Ollagüe, Chile",earthquake,4.61,6.725,0.066,74,reviewed,us,us
2025-01-03T04:45:19.893Z,-6.7836,154.5358,10,4.8,mb,47,92,3.494,1.04,us,us6000phdj,2025-01-18T01:09:16.040Z,"116 km WSW of Panguna, Papua New Guinea",earthquake,9.98,1.893,0.089,48,reviewed,us,us
2025-01-03T04:34:29.300Z,10.6116,-62.6149,90.04,4.5,mb,44,115,1.781,0.74,us,us6000phde,2025-02-06T02:28:46.040Z,"23 km ENE of Yaguaraparo, Venezuela",earthquake,8.19,5.613,0.096,32,reviewed,us,us
2025-01-03T04:33:02.991Z,33.4828,142.1515,10,4.8,mb,39,125,1.992,0.78,us,us6000phdg,2025-01-17T02:44:49.040Z,"250 km SE of Katsuura, Japan",earthquake,8.78,1.904,0.052,116,reviewed,us,us
2025-01-03T04:32:38.138Z,24.9577,95.5118,154.635,5,mb,84,63,3.775,0.69,us,us6000phdf,2025-01-17T02:35:09.710Z,"128 km SE of Phek, India",earthquake,7.39,6.46,0.069,68,reviewed,us,us
2025-01-03T04:24:10.169Z,33.436,142.2417,10,4.5,mb,46,130,2.059,1,us,us6000phdm,2025-01-17T02:24:17.040Z,"259 km SE of Katsuura, Japan",earthquake,8.55,1.88,0.094,33,reviewed,us,us
2025-01-03T04:20:43.243Z,33.443,142.1618,10,4.7,mb,65,125,1.994,0.83,us,us6000phdc,2025-01-17T01:38:23.040Z,"254 km SE of Katsuura, Japan",earthquake,7.6,1.868,0.068,68,reviewed,us,us
2025-01-03T02:52:35.031Z,9.3289,39.9821,10,4.5,mb,47,137,1.356,0.81,us,us6000phcx,2025-01-17T01:26:02.200Z,"43 km NNW of Āwash, Ethiopia",earthquake,8.15,1.93,0.09,36,reviewed,us,us
2025-01-03T02:33:17.419Z,-58.7696,-25.9578,86,5.5,mww,135,38,7.353,0.7,us,us6000phce,2025-02-06T02:23:20.610Z,"South Sandwich Islands region",earthquake,10.39,1.885,0.086,13,reviewed,us,us
2025-01-03T02:10:35.909Z,9.0262,40.1345,10,4.5,mb,27,218,1.443,0.74,us,us6000phcd,2025-01-16T00:33:44.040Z,"5 km NW of Āwash, Ethiopia",earthquake,8.63,1.882,0.127,18,reviewed,us,us
2025-01-03T01:47:28.923Z,-3.7423,151.7104,10,5.1,mww,104,86,0.635,0.92,us,us6000phc9,2025-02-06T02:09:43.040Z,"71 km NW of Rabaul, Papua New Guinea",earthquake,6.85,1.787,0.08,15,reviewed,us,us
2025-01-03T01:34:22.471Z,9.0558,40.0835,10,4.6,mb,51,189,1.396,1.07,us,us6000phc7,2025-01-16T00:13:09.880Z,"12 km NW of Āwash, Ethiopia",earthquake,9.75,1.966,0.086,40,reviewed,us,us
2025-01-03T01:20:04.511Z,9.1005,40.1015,10,4.5,mb,43,187,1.419,0.88,us,us6000phc5,2025-02-06T02:01:10.040Z,"14 km NNW of Āwash, Ethiopia",earthquake,8.59,1.916,0.093,34,reviewed,us,us
2025-01-03T00:55:08.465Z,-20.5147,-68.6026,135.38,4.5,mb,28,73,0.981,0.83,us,us6000phbz,2025-02-06T19:25:04.040Z,"86 km NNW of Ollagüe, Chile",earthquake,6.05,6.594,0.136,16,reviewed,us,us
2025-01-03T00:18:00.801Z,9.1966,40.0185,10,4.5,mb,35,183,1.356,0.62,us,us6000phbv,2025-01-20T03:49:00.040Z,"28 km NW of Āwash, Ethiopia",earthquake,10.94,1.955,0.104,27,reviewed,us,us
2025-01-02T22:22:48.591Z,9.1351,40.1162,10,4.7,mb,38,132,1.439,0.69,us,us6000phbi,2025-01-20T00:48:17.040Z,"17 km NNW of Āwash, Ethiopia",earthquake,8.13,1.823,0.077,51,reviewed,us,us
2025-01-02T22:19:00.617Z,2.773,65.9899,10,4.5,mb,33,202,7.359,0.45,us,us6000pk04,2025-02-07T02:20:03.040Z,"Carlsberg Ridge",earthquake,13.4,1.894,0.108,25,reviewed,us,us
2025-01-02T21:18:26.833Z,9.4426,40.2761,10,5.4,mww,108,44,1.667,0.82,us,us6000phb3,2025-02-07T21:22:23.937Z,"52 km NNE of Āwash, Ethiopia",earthquake,4.44,1.87,0.127,6,reviewed,us,us
2025-01-02T21:13:30.892Z,-1.1012,127.4627,10,4.7,mb,45,83,1.863,0.84,us,us6000phaz,2025-01-19T23:01:58.040Z,"52 km S of Labuha, Indonesia",earthquake,6.86,1.9,0.082,47,reviewed,us,us
2025-01-02T20:43:35.253Z,-21.7109,-69.1069,99,6.1,mww,106,57,0.152,1.03,us,us6000phap,2025-02-06T15:20:08.592Z,"84 km NNW of Calama, Chile",earthquake,4.9,1.884,0.035,79,reviewed,us,us
2025-01-02T19:34:37.096Z,30.6417,142.1035,10,4.5,mb,50,125,3.142,0.59,us,us6000phaa,2025-01-24T15:51:11.040Z,"Izu Islands, Japan region",earthquake,8.59,1.888,0.091,35,reviewed,us,us
2025-01-02T17:28:58.761Z,9.0379,40.1455,10,4.9,mb,90,97,1.455,0.43,us,us6000ph9m,2025-01-18T18:24:21.199Z,"6 km NNW of Āwash, Ethiopia",earthquake,4.92,1.868,0.062,80,reviewed,us,us
2025-01-02T17:15:43.020Z,11.832,143.4054,10,4.7,mb,47,118,2.256,0.87,us,us6000ph9k,2025-01-18T18:15:30.040Z,"209 km SW of Merizo Village, Guam",earthquake,10.12,1.902,0.077,51,reviewed,us,us
2025-01-02T16:26:07.171Z,9.1272,40.0993,10,4.6,mb,88,64,1.421,0.87,us,us6000ph8u,2025-01-24T20:24:01.852Z,"17 km NNW of Āwash, Ethiopia",earthquake,6.01,1.854,0.058,90,reviewed,us,us
2025-01-02T15:57:07.193Z,-3.9094,151.6398,19.054,5,mww,103,41,0.593,0.83,us,us6000ph9f,2025-01-24T20:14:53.040Z,"66 km WNW of Rabaul, Papua New Guinea",earthquake,6.54,1.302,0.086,13,reviewed,us,us
2025-01-02T15:30:59.804Z,9.1242,40.0443,10,4.5,mb,56,126,1.367,0.9,us,us6000ph6e,2025-01-24T18:36:16.040Z,"20 km NW of Āwash, Ethiopia",earthquake,8.43,1.865,0.075,54,reviewed,us,us
2025-01-02T10:17:39.645Z,8.8432,39.9997,10,4.5,mb,27,121,1.305,0.47,us,us6000ph2v,2025-01-28T14:13:42.040Z,"11 km SE of Metahāra, Ethiopia",earthquake,5.28,1.92,0.139,15,reviewed,us,us
2025-01-02T10:02:54.694Z,9.1608,39.8235,10,4.5,mb,31,182,1.16,0.76,us,us6000ph2s,2025-01-28T14:05:19.040Z,"30 km NNW of Metahāra, Ethiopia",earthquake,10.18,1.967,0.121,20,reviewed,us,us
2025-01-02T08:43:31.668Z,38.5811,106.0888,10,4.8,mb,72,45,3.241,0.49,us,us6000ph1g,2025-01-29T10:21:42.850Z,"13 km SW of Nanliang Nongchang, China",earthquake,6.01,1.874,0.077,52,reviewed,us,us
2025-01-02T07:41:30.364Z,9.2824,40.1383,10,5.1,mww,96,91,1.491,0.46,us,us6000ph1c,2025-01-23T07:27:11.455Z,"33 km N of Āwash, Ethiopia",earthquake,7.08,1.865,0.093,11,reviewed,us,us
2025-01-02T07:06:39.333Z,-3.7199,151.7189,10,5.4,mww,78,110,0.645,0.69,us,us6000ph16,2025-01-23T07:19:54.392Z,"72 km NW of Rabaul, Papua New Guinea",earthquake,7.52,1.887,0.05,38,reviewed,us,us
2025-01-02T06:09:04.775Z,-24.3527,-66.9032,166.879,4.9,mb,104,94,1.82,0.71,us,us6000ph0l,2025-01-23T07:09:12.040Z,"61 km WSW of San Antonio de los Cobres, Argentina",earthquake,10.5,8.056,0.056,100,reviewed,us,us
2025-01-02T05:48:08.003Z,-3.8528,151.6836,7.888,4.6,mb,21,99,0.585,1.02,us,us6000pjzq,2025-01-19T12:49:33.040Z,"65 km NW of Rabaul, Papua New Guinea",earthquake,8.26,5.278,0.157,12,reviewed,us,us
2025-01-02T05:32:23.434Z,-0.2006,125.1945,56.271,5.1,mb,113,48,1.672,0.78,us,us6000ph0e,2025-01-19T12:16:24.040Z,"110 km SE of Modisi, Indonesia",earthquake,6.2,6.975,0.058,97,reviewed,us,us
2025-01-02T04:40:49.295Z,44.0298,81.0652,10,4.5,mb,71,83,1.344,0.77,us,us6000ph05,2025-02-08T02:37:15.040Z,"15 km E of Huocheng, China",earthquake,7.54,1.928,0.073,55,reviewed,us,us
2025-01-02T02:54:17.931Z,-62.3342,155.7048,10,5.5,mww,39,138,8.039,0.7,us,us6000pgzq,2025-01-29T02:08:08.521Z,"Balleny Islands region",earthquake,11.83,1.932,0.098,10,reviewed,us,us
2025-01-02T02:34:04.660Z,38.8455,-122.756333333333,1.42,4.65,mw,115,44,0.009316,0.08,nc,nc75111126,2025-02-08T02:53:19.568Z,"4 km NW of Cobb, CA",earthquake,0.09,0.15,,21,reviewed,nc,nc
2025-01-02T02:01:17.200Z,38.5149,106.2362,10,4.8,mww,110,42,3.261,0.7,us,us6000pgzd,2025-02-08T01:33:51.040Z,"6 km NNW of Yinchuan, China",earthquake,8.02,1.87,0.086,13,reviewed,us,us
2025-01-02T01:59:25.818Z,-36.0591,52.6219,10,4.6,mb,16,81,12.066,0.74,us,us6000pjz6,2025-01-25T00:57:50.040Z,"Southwest Indian Ridge",earthquake,10.96,1.902,0.146,14,reviewed,us,us
2025-01-02T01:46:35.589Z,8.9591,40.0113,10,4.5,mb,33,193,1.317,0.99,us,us6000pgzb,2025-01-29T01:05:05.040Z,"12 km ENE of Metahāra, Ethiopia",earthquake,8.21,1.97,0.118,21,reviewed,us,us
2025-01-02T01:23:10.177Z,9.3922,40.0553,10,4.5,mb,14,127,1.445,0.5,us,us6000pjzf,2025-01-25T01:35:27.313Z,"46 km NNW of Āwash, Ethiopia",earthquake,7.7,1.937,0.191,8,reviewed,us,us
2025-01-02T01:14:52.554Z,-18.6531,-174.4923,123.894,4.9,mb,55,75,4.343,0.62,us,us6000pgz7,2025-01-29T00:31:01.040Z,"53 km W of Neiafu, Tonga",earthquake,8.13,7.429,0.082,46,reviewed,us,us
2025-01-02T01:11:04.639Z,-21.3225,-173.8784,10,5.1,mb,43,102,4.332,1,us,us6000pgz5,2025-01-26T06:28:20.040Z,"111 km E of ‘Ohonua, Tonga",earthquake,10.36,1.927,0.084,46,reviewed,us,us
2025-01-01T22:55:44.430Z,-16.9313,167.2988,11.248,4.5,mb,23,168,1.479,0.88,us,us6000pjrv,2025-01-23T04:07:48.040Z,"92 km S of Lakatoro, Vanuatu",earthquake,9.75,5.959,0.127,18,reviewed,us,us
2025-01-01T21:27:41.595Z,-42.4343,-16.0574,10,5.2,mb,143,36,6.085,0.71,us,us6000pgy5,2025-01-23T03:47:59.040Z,"southern Mid-Atlantic Ridge",earthquake,9.79,1.763,0.052,121,reviewed,us,us
2025-01-01T18:39:33.615Z,11.757,125.9354,10,4.6,mb,27,128,4.671,0.81,us,us6000pjry,2025-02-06T14:56:04.040Z,"52 km E of San Julian, Philippines",earthquake,12.16,1.902,0.132,17,reviewed,us,us
2025-01-01T18:34:29.511Z,-1.0739,127.3492,10,4.5,mb,44,79,3.543,0.86,us,us6000pgx5,2025-02-06T14:29:40.040Z,"51 km SSW of Labuha, Indonesia",earthquake,8.09,1.913,0.103,28,reviewed,us,us
2025-01-01T18:32:01.507Z,-13.2362,-74.8856,85.033,4.5,mb,57,122,2.278,0.64,us,us6000pjrn,2025-01-14T15:10:52.040Z,"16 km NE of Pilpichaca, Peru",earthquake,6.79,5.372,0.085,41,reviewed,us,us
2025-01-01T18:27:51.182Z,-36.1244,-100.6636,10,5.3,mww,147,48,11.615,0.58,us,us6000pgx1,2025-01-13T22:20:03.040Z,"southeast of Easter Island",earthquake,10.04,1.789,0.078,16,reviewed,us,us
2025-01-01T15:26:08.391Z,9.1006,39.9902,10,4.8,mb,101,58,1.31,0.87,us,us6000pgw3,2025-01-26T04:53:18.957Z,"23 km WNW of Āwash, Ethiopia",earthquake,7.6,1.786,0.059,90,reviewed,us,us
2025-01-01T15:08:16.657Z,8.3761,39.9585,10,4.6,mb,87,218,4.233,0.49,us,us6000pgw0,2025-01-26T04:36:07.040Z,"52 km E of Sīrē, Ethiopia",earthquake,11.72,1.972,0.064,74,reviewed,us,us
2025-01-01T15:08:00.601Z,8.834,39.9505,10,4.6,mb,39,199,1.257,0.63,us,us6000pjrj,2025-01-24T22:55:08.040Z,"8 km SSE of Metahāra, Ethiopia",earthquake,9.45,1.906,0.105,27,reviewed,us,us
2025-01-01T14:38:36.154Z,8.7032,40.1861,10,4.6,mb,104,69,1.501,0.28,us,us6000pgvu,2025-01-29T17:56:11.040Z,"31 km S of Āwash, Ethiopia",earthquake,6.43,1.881,0.058,90,reviewed,us,us
2025-01-01T13:48:24.752Z,-56.4095,-26.7059,70,6.1,mww,216,28,5.973,0.59,us,us6000pgv4,2025-02-11T11:04:58.443Z,"South Sandwich Islands region",earthquake,9.17,1.85,0.063,24,reviewed,us,us
2025-01-01T12:48:35.826Z,-3.9248,151.5707,10,4.7,mb,37,52,0.648,0.74,us,us6000pjrm,2025-01-19T11:43:33.040Z,"72 km WNW of Rabaul, Papua New Guinea",earthquake,4.67,1.858,0.106,27,reviewed,us,us
2025-01-01T12:37:08.011Z,-3.7629,151.5692,10,4.9,mb,32,102,0.73,0.8,us,us6000pgus,2025-01-19T11:39:46.040Z,"81 km NW of Rabaul, Papua New Guinea",earthquake,7.13,1.899,0.112,25,reviewed,us,us
2025-01-01T12:26:22.490Z,-3.7219,151.6971,10,5.1,mww,29,152,0.659,0.83,us,us6000pgup,2025-01-19T11:34:48.040Z,"74 km NW of Rabaul, Papua New Guinea",earthquake,8.31,1.923,0.066,22,reviewed,us,us
2025-01-01T10:18:01.253Z,-56.16,-27.424,134.294,4.7,mb,43,78,18.505,0.82,us,us6000pgub,2025-01-19T11:07:19.040Z,"South Sandwich Islands region",earthquake,13.11,7.677,0.085,42,reviewed,us,us
2025-01-01T09:56:05.454Z,9.1468,40.0226,10,4.6,mb,67,116,1.35,0.75,us,us6000pgu4,2025-01-19T10:38:17.172Z,"24 km NW of Āwash, Ethiopia",earthquake,7.48,1.901,0.071,59,reviewed,us,us
2025-01-01T09:39:42.334Z,-3.8338,151.7147,10,5,mww,87,100,0.571,0.51,us,us6000pgu0,2025-01-19T10:29:14.040Z,"64 km NW of Rabaul, Papua New Guinea",earthquake,7.38,1.905,0.093,11,reviewed,us,us
2025-01-01T09:09:01.697Z,-32.4128,-69.7916,118.551,4.5,mb,36,87,0.73,0.52,us,us6000pgtu,2025-01-19T10:21:57.040Z,"88 km ENE of Los Andes, Chile",earthquake,6.62,2.961,0.132,17,reviewed,us,us
2025-01-01T08:09:47.379Z,9.04,40.0863,10,5,mww,59,126,1.397,0.63,us,us6000pgtj,2025-02-03T19:41:10.040Z,"10 km NW of Āwash, Ethiopia",earthquake,9.12,1.922,0.089,12,reviewed,us,us
2025-01-01T07:54:19.164Z,45.4911,150.0533,87.946,4.7,mb,92,135,5.269,0.78,us,us6000pgtd,2025-01-28T13:36:26.040Z,"172 km E of Kuril’sk, Russia",earthquake,10.44,7.197,0.037,214,reviewed,us,us
2025-01-01T07:05:53.402Z,-3.7324,151.6794,10,4.9,mb,45,108,0.653,1.02,us,us6000pgt4,2025-01-28T13:26:26.040Z,"74 km NW of Rabaul, Papua New Guinea",earthquake,6.93,1.891,0.093,36,reviewed,us,us
2025-01-01T04:59:10.638Z,7.3329,-35.408,10,4.5,mb,30,118,13.082,0.86,us,us6000pjr5,2025-02-08T03:10:10.040Z,"central Mid-Atlantic Ridge",earthquake,14.58,1.937,0.11,24,reviewed,us,us
2025-01-01T04:39:18.208Z,-20.9273,169.3819,22,5.5,mww,152,81,2.459,0.56,us,us6000pgsd,2025-02-08T00:08:17.523Z,"153 km S of Isangel, Vanuatu",earthquake,8.05,1.909,0.058,29,reviewed,us,us
2025-01-01T04:37:23.062Z,-17.641,168.1721,91.003,4.8,mb,24,140,2.371,1.06,us,us6000pgse,2025-01-26T04:25:56.023Z,"18 km NW of Port-Vila, Vanuatu",earthquake,9.89,8.926,0.116,23,reviewed,us,us
2025-01-01T04:28:16.938Z,-3.9182,151.5333,10,4.6,mb,39,88,0.609,0.87,us,us6000pjr4,2025-01-24T05:30:21.040Z,"76 km WNW of Rabaul, Papua New Guinea",earthquake,6.74,1.828,0.107,26,reviewed,us,us
2025-01-01T04:02:34.870Z,25.3453,125.9508,47.164,4.5,mb,29,116,1.832,0.86,us,us6000pgs3,2025-01-26T03:29:05.040Z,"88 km NE of Hirara, Japan",earthquake,6.74,6.633,0.127,18,reviewed,us,us
2025-01-01T03:58:24.839Z,-19.9201,67.2731,10,4.7,mb,40,73,3.678,0.49,us,us6000pgs4,2025-02-07T23:54:23.040Z,"Mid-Indian Ridge",earthquake,6.15,1.846,0.102,29,reviewed,us,us
2025-01-01T03:56:39.832Z,-23.0291,-66.6081,208.974,4.9,mww,90,43,1.449,0.92,us,us6000pgs2,2025-01-26T03:13:52.040Z,"97 km WNW of El Aguilar, Argentina",earthquake,9.81,6.217,0.057,30,reviewed,us,us
2025-01-01T03:27:56.593Z,9.1629,40.0071,10,4.5,mb,54,64,1.338,0.75,us,us6000pgs0,2025-01-26T02:35:59.040Z,"26 km NW of Āwash, Ethiopia",earthquake,7.69,1.917,0.085,41,reviewed,us,us
2025-01-01T02:00:06.918Z,-3.8521,151.6207,10,4.5,mb,36,98,0.591,0.98,us,us6000pjr1,2025-01-18T23:49:48.040Z,"71 km WNW of Rabaul, Papua New Guinea",earthquake,7.8,1.901,0.116,22,reviewed,us,us
2025-01-01T01:46:59.538Z,-3.8682,151.6536,10,4.7,mb,39,99,0.557,0.86,us,us6000pjqz,2025-01-18T23:07:19.040Z,"67 km WNW of Rabaul, Papua New Guinea",earthquake,6.86,1.901,0.108,26,reviewed,us,us
2024-12-31T23:13:20.048Z,-20.1826,-70.6231,35,5,mwr,37,129,0.47,0.83,us,us6000pgri,2025-01-22T05:39:23.037Z,"49 km W of Puerto, Chile",earthquake,3.29,1.918,0.061,26,reviewed,us,us
2024-12-31T22:32:03.053Z,8.0192,127.2627,10,4.6,mb,49,116,1.917,0.59,us,us6000pgr8,2025-01-30T02:18:10.040Z,"86 km ENE of Kinablangan, Philippines",earthquake,8.67,1.871,0.091,36,reviewed,us,us
2024-12-31T20:09:41.043Z,-6.6675,150.5771,10,5.1,mb,61,46,2.753,0.74,us,us6000pgqb,2025-01-13T17:04:41.040Z,"124 km ESE of Kandrian, Papua New Guinea",earthquake,9.93,1.34,0.07,66,reviewed,us,us
2024-12-31T19:46:28.183Z,-5.1354,152.1814,60.51,4.6,mb,64,35,0.838,0.58,us,us6000pgq4,2025-01-13T17:13:30.040Z,"88 km S of Kokopo, Papua New Guinea",earthquake,9.16,5.561,0.084,42,reviewed,us,us
2024-12-31T19:18:38.342Z,9.0825,40.0771,10,4.8,mb,89,38,1.393,0.8,us,us6000pgpw,2025-01-29T22:25:02.795Z,"14 km NW of Āwash, Ethiopia",earthquake,7,1.841,0.055,102,reviewed,us,us
2024-12-31T17:09:39.374Z,-4.05,151.6351,14.523,5,mb,59,78,0.45,0.97,us,us6000pgpd,2025-01-13T18:14:44.040Z,"60 km WNW of Rabaul, Papua New Guinea",earthquake,3.77,3.912,0.077,53,reviewed,us,us
2024-12-31T11:53:47.561Z,-19.6821,-69.3835,101.481,4.5,mb,40,112,0.179,0.63,us,us6000pgn9,2025-01-23T07:23:21.040Z,"41 km S of Camiña, Chile",earthquake,6.81,4.586,0.091,35,reviewed,us,us
2024-12-31T08:59:21.553Z,11.5228,-73.3585,10,4.5,mb,47,37,0.921,1.28,us,us6000pgmd,2025-02-05T15:14:17.040Z,"28 km N of Dibulla, Colombia",earthquake,5.67,1.896,0.121,21,reviewed,us,us
2024-12-31T07:57:36.188Z,-17.6844,168.2262,57.737,4.6,mb,32,184,2.431,0.96,us,us6000pgm5,2025-01-23T11:32:54.580Z,"10 km WNW of Port-Vila, Vanuatu",earthquake,9.87,12.137,0.114,23,reviewed,us,us
2024-12-31T05:44:31.945Z,9.1637,39.8541,10,4.5,mb,33,92,1.19,0.45,us,us6000pgll,2025-01-22T10:46:08.673Z,"29 km NNW of Metahāra, Ethiopia",earthquake,6.67,1.939,0.118,21,reviewed,us,us
2024-12-31T02:57:23.436Z,-15.6325,-75.4052,10,4.5,mb,39,73,3.883,0.94,us,us6000pgl3,2025-01-23T00:21:04.415Z,"39 km SW of San Juan, Peru",earthquake,9.8,1.877,0.083,42,reviewed,us,us
2024-12-31T01:38:40.936Z,9.2066,40.028,6.387,4.5,mb,70,131,1.367,0.46,us,us6000pgku,2025-01-22T05:35:00.254Z,"29 km NNW of Āwash, Ethiopia",earthquake,9.48,6.022,0.07,59,reviewed,us,us
2024-12-30T23:56:29.977Z,-5.7603,148.9729,127.013,4.6,mb,47,109,3.367,0.44,us,us6000pgkh,2025-01-22T05:30:19.040Z,"80 km NW of Kandrian, Papua New Guinea",earthquake,9.68,7.431,0.089,38,reviewed,us,us
2024-12-30T23:40:33.868Z,-17.6089,-178.3937,573.817,4.6,mb,69,110,2.417,0.6,us,us6000pgkd,2025-01-22T05:28:03.040Z,"247 km ENE of Levuka, Fiji",earthquake,14.54,8.251,0.087,39,reviewed,us,us
2024-12-30T23:30:59.974Z,9.1189,39.9276,10,4.7,mb,66,185,1.253,0.59,us,us6000pgkb,2025-01-22T04:52:07.845Z,"24 km N of Metahāra, Ethiopia",earthquake,10,1.969,0.075,53,reviewed,us,us
2024-12-30T22:13:14.697Z,9.1373,40.0367,10,4.8,mb,42,59,1.362,0.95,us,us6000pgjz,2025-01-30T02:14:52.040Z,"22 km NW of Āwash, Ethiopia",earthquake,4.82,1.799,0.071,61,reviewed,us,us
2024-12-30T20:33:11.322Z,9.2103,40.0504,10,4.6,mb,128,65,1.39,0.47,us,us6000pgjf,2025-01-11T17:33:11.040Z,"28 km NNW of Āwash, Ethiopia",earthquake,7.45,1.847,0.051,113,reviewed,us,us
2024-12-30T20:27:35.490Z,9.1221,40.098,10,4.7,mb,76,57,1.419,0.42,us,us6000pgj9,2025-01-11T17:25:25.914Z,"17 km NNW of Āwash, Ethiopia",earthquake,8.21,1.88,0.067,67,reviewed,us,us
2024-12-30T18:50:47.010Z,-15.8716,-173.154,10,4.5,mb,29,126,2.359,0.7,us,us6000pgir,2025-01-30T14:32:08.040Z,"69 km E of Hihifo, Tonga",earthquake,13.16,1.899,0.106,26,reviewed,us,us
2024-12-30T15:27:54.586Z,12.2325,141.5112,68.889,4.8,mb,81,46,3.54,0.75,us,us6000pghx,2025-01-13T18:21:35.040Z,"293 km NNE of Fais, Micronesia",earthquake,9.54,6.852,0.065,74,reviewed,us,us
2024-12-30T15:25:58.372Z,-24.166,-69.565,92.136,4.5,mb,34,100,0.992,1.02,us,us6000pghw,2025-01-13T18:24:33.040Z,"101 km SE of Antofagasta, Chile",earthquake,4.79,7.244,0.136,16,reviewed,us,us
2024-12-30T14:26:55.004Z,8.9504,40.03,10,4.5,mb,60,121,1.335,0.61,us,us6000pghr,2025-01-12T21:54:04.696Z,"13 km ENE of Metahāra, Ethiopia",earthquake,5.8,1.865,0.079,47,reviewed,us,us
2024-12-30T14:12:33.835Z,-17.7022,-178.1873,557.681,4.6,mb,56,132,2.635,0.98,us,us6000pghq,2025-01-12T21:31:13.040Z,"267 km E of Levuka, Fiji",earthquake,14.25,7.843,0.076,51,reviewed,us,us
2024-12-30T12:20:02.995Z,8.6797,40.0919,10,4.5,mb,38,122,1.412,0.8,us,us6000pghc,2025-02-05T14:56:12.040Z,"31 km SE of Metahāra, Ethiopia",earthquake,7.35,1.915,0.104,27,reviewed,us,us
2024-12-30T10:42:28.345Z,-20.0498,-173.181,10,4.5,mb,19,107,3.217,0.67,us,us6000pj7b,2025-01-23T11:04:58.040Z,"123 km ESE of Fangale’ounga, Tonga",earthquake,9.3,1.945,0.18,12,reviewed,us,us
2024-12-30T10:39:05.746Z,-26.8515,179.2828,507.609,4.9,mb,85,75,3.429,0.74,us,us6000pgh3,2025-01-22T08:56:00.040Z,"south of the Fiji Islands",earthquake,11.23,6.038,0.051,119,reviewed,us,us
2024-12-30T09:58:46.244Z,-29.3545,-71.2354,48.507,4.6,mwr,60,134,0.562,1.2,us,us6000pggx,2025-01-22T08:09:53.040Z,"60 km N of La Serena, Chile",earthquake,5.38,5.43,0.054,33,reviewed,us,us
2024-12-30T08:38:26.690Z,-1.1076,67.4517,10,4.8,mb,87,116,5.766,0.39,us,us6000pggd,2025-01-23T14:59:06.596Z,"Carlsberg Ridge",earthquake,9.73,1.886,0.065,73,reviewed,us,us
2024-12-30T08:12:33.557Z,-21.9234,-173.8165,10,4.8,mb,63,116,4.616,0.72,us,us6000pgg7,2025-01-23T07:57:48.040Z,"134 km ESE of ‘Ohonua, Tonga",earthquake,10.42,1.863,0.073,58,reviewed,us,us
2024-12-30T07:42:21.022Z,8.8054,40.1385,10,4.5,mb,24,108,1.444,0.26,us,us6000pgg2,2025-01-23T10:41:06.040Z,"19 km S of Āwash, Ethiopia",earthquake,7.34,1.49,0.15,13,reviewed,us,us
2024-12-30T06:51:30.845Z,9.0206,40.0634,10,4.6,mb,75,76,1.373,0.32,us,us6000pgfs,2025-01-23T10:02:37.040Z,"12 km WNW of Āwash, Ethiopia",earthquake,7.28,1.889,0.07,62,reviewed,us,us
2024-12-30T05:49:02.808Z,-17.6555,168.2183,66.612,5.1,mww,121,99,2.402,0.47,us,us6000pgf9,2025-01-24T15:51:31.451Z,"13 km NW of Port-Vila, Vanuatu",earthquake,8.57,6.575,0.065,23,reviewed,us,us
2024-12-30T05:48:12.371Z,9.0039,40.0649,10,4.5,mb,42,98,1.373,0.31,us,us6000pgfd,2025-01-23T09:46:05.040Z,"11 km WNW of Āwash, Ethiopia",earthquake,6.74,1.924,0.096,32,reviewed,us,us
2024-12-30T05:41:06.678Z,-29.9272,-71.9959,10,5.5,mww,127,76,0.658,0.51,us,us6000pgf5,2025-01-24T16:26:54.681Z,"63 km W of Coquimbo, Chile",earthquake,3.75,1.829,0.058,29,reviewed,us,us
2024-12-30T05:40:49.261Z,-29.9195,-72.0562,10,5.5,mb,178,74,0.71,0.54,us,us6000pget,2025-01-24T17:14:37.600Z,"69 km W of Coquimbo, Chile",earthquake,4.63,1.838,0.025,546,reviewed,us,us
2024-12-30T02:56:16.863Z,18.4588,120.8824,34,5.5,mww,246,32,4.341,0.61,us,us6000pge2,2025-02-04T01:33:34.553Z,"14 km SE of Bangui, Philippines",earthquake,8.74,1.773,0.054,33,reviewed,us,us
2024-12-30T01:55:42.509Z,-32.9697,-178.6759,10,4.5,mb,20,168,3.752,0.44,us,us6000pj6e,2025-01-22T01:54:40.040Z,"south of the Kermadec Islands",earthquake,9.9,1.926,0.145,14,reviewed,us,us
2024-12-30T00:28:54.834Z,8.9976,40.1262,10,4.5,mb,30,92,1.433,0.47,us,us6000pgep,2025-01-22T04:16:03.040Z,"4 km WNW of Āwash, Ethiopia",earthquake,7.5,1.928,0.125,19,reviewed,us,us
2024-12-29T23:52:35.919Z,16.1636,-98.7427,10,4.5,mb,95,225,0.633,0.99,us,us6000pgd5,2025-01-30T01:06:39.040Z,"36 km SW of Montecillos, Mexico",earthquake,5.19,1.594,0.062,75,reviewed,us,us
2024-12-29T22:28:00.958Z,16.0892,-98.8353,10,4.9,mb,67,185,0.703,0.84,us,us6000pgcu,2025-01-30T00:18:07.040Z,"47 km SSW of Barra de Tecoanapa, Mexico",earthquake,6.66,1.922,0.036,247,reviewed,us,us
2024-12-29T22:20:41.086Z,9.239,40.0825,10,5.1,mww,47,116,1.427,0.76,us,us6000pgct,2025-01-30T00:13:20.040Z,"29 km NNW of Āwash, Ethiopia",earthquake,7.84,1.896,0.11,8,reviewed,us,us
2024-12-29T20:34:33.928Z,15.9549,-98.8298,10,4.8,mb,119,150,1.524,0.87,us,us6000pgc6,2025-01-11T16:13:36.040Z,"59 km SW of Santiago Tepextla, Mexico",earthquake,6.72,1.904,0.033,288,reviewed,us,us
2024-12-29T19:51:36.526Z,23.5251,120.6776,24.705,4.6,mww,74,57,0.228,0.87,us,us6000pgc2,2025-01-11T15:59:41.538Z,"24 km E of Pizitou, Taiwan",earthquake,3.07,3.503,0.093,11,reviewed,us,us
2024-12-29T17:10:44.328Z,9.0898,40.1109,10,4.9,mb,90,65,1.427,0.65,us,us6000pgbj,2025-01-11T15:32:20.821Z,"13 km NNW of Āwash, Ethiopia",earthquake,5.2,1.85,0.058,94,reviewed,us,us
2024-12-29T15:22:07.102Z,23.4675,121.9084,10,4.5,mb,43,74,0.567,0.91,us,us6000pgb5,2025-01-31T15:05:51.040Z,"64 km SSE of Hualien City, Taiwan",earthquake,3.21,1.891,0.087,39,reviewed,us,us
2024-12-29T08:02:09.337Z,35.1088,26.3233,44.455,4.5,mb,96,56,1.187,0.6,us,us6000pg94,2025-01-16T07:41:05.261Z,"11 km SSE of Palekastro, Greece",earthquake,6.67,7.567,0.058,87,reviewed,us,us
2024-12-29T05:12:43.406Z,22.7627,142.4373,9.795,4.5,mb,23,123,4.32,0.57,us,us6000piys,2025-01-16T07:46:07.040Z,"Volcano Islands, Japan region",earthquake,10.24,4.726,0.132,17,reviewed,us,us
2024-12-29T03:57:23.971Z,9.2031,40.0245,10,4.8,mb,101,53,1.363,0.53,us,us6000pg8c,2025-01-13T17:18:07.205Z,"28 km NNW of Āwash, Ethiopia",earthquake,7.39,1.816,0.06,85,reviewed,us,us
2024-12-28T22:25:21.496Z,33.9214,-38.917,10,4.5,mb,24,149,18.174,0.68,us,us6000pix7,2025-01-15T23:02:30.040Z,"northern Mid-Atlantic Ridge",earthquake,11.51,1.941,0.131,18,reviewed,us,us
2024-12-28T21:55:08.881Z,0.2717,122.0891,141.554,4.6,mb,63,97,1.472,0.91,us,us6000pg76,2025-01-16T04:15:17.040Z,"112 km WSW of Gorontalo, Indonesia",earthquake,8.46,5.386,0.073,58,reviewed,us,us
2024-12-28T19:57:19.641Z,-20.4512,-177.8522,542.804,5.5,mww,100,78,4.716,0.67,us,us6000pg6r,2025-01-17T02:46:38.775Z,"277 km WNW of Houma, Tonga",earthquake,11.64,6.374,0.083,14,reviewed,us,us
2024-12-28T16:05:08.663Z,-19.2463,-173.8921,56.095,4.5,mb,26,99,3.752,0.66,us,us6000pix4,2025-01-22T23:23:35.040Z,"66 km S of Neiafu, Tonga",earthquake,10.38,11.872,0.124,20,reviewed,us,us
2024-12-28T13:57:53.137Z,-4.8188,153.318,45.613,4.5,mb,30,157,1.309,0.7,us,us6000pg5n,2025-01-12T14:42:53.040Z,"127 km ESE of Kokopo, Papua New Guinea",earthquake,8.17,6.177,0.106,26,reviewed,us,us
2024-12-28T13:38:17.164Z,22.8228,142.3357,10,4.5,mb,27,125,4.256,0.99,us,us6000piws,2025-01-31T14:36:37.040Z,"Volcano Islands, Japan region",earthquake,8.91,1.908,0.131,17,reviewed,us,us
2024-12-28T08:34:06.076Z,-52.1258,-4.8494,10,5.6,mww,72,86,18.991,0.59,us,us6000pg43,2025-01-30T07:19:15.642Z,"southern Mid-Atlantic Ridge",earthquake,7.75,1.763,0.086,13,reviewed,us,us
2024-12-28T05:46:42.954Z,-5.1526,102.4081,34.713,4.5,mb,30,105,3.197,0.46,us,us6000pg3q,2025-01-18T09:48:01.040Z,"150 km S of Bengkulu, Indonesia",earthquake,4.37,6.546,0.121,20,reviewed,us,us
2024-12-28T05:12:12.845Z,9.3374,39.9953,10,4.5,mb,27,149,1.371,0.41,us,us6000pg3e,2025-01-18T09:44:10.040Z,"43 km NNW of Āwash, Ethiopia",earthquake,9.22,1.923,0.136,16,reviewed,us,us
2024-12-28T05:10:49.470Z,-13.8567,-14.5886,10,4.8,mb,50,135,25.965,0.45,us,us6000pixd,2025-01-18T09:36:36.040Z,"southern Mid-Atlantic Ridge",earthquake,14.43,1.914,0.084,44,reviewed,us,us
2024-12-28T05:09:40.073Z,-13.7767,-14.3932,10,5,mb,32,84,8.637,0.78,us,us6000pg3f,2025-01-18T09:37:58.040Z,"southern Mid-Atlantic Ridge",earthquake,12.97,1.898,0.103,30,reviewed,us,us
2024-12-28T02:22:52.446Z,-26.3256,71.7568,10,4.5,mb,19,90,22.37,1.19,us,us6000piw8,2025-01-30T01:16:55.040Z,"Mid-Indian Ridge",earthquake,15.9,1.901,0.163,11,reviewed,us,us
2024-12-28T02:10:34.211Z,30.414,142.0074,10,4.6,mb,57,124,3.278,0.64,us,us6000pg2u,2025-01-14T05:31:10.040Z,"Izu Islands, Japan region",earthquake,8.55,1.876,0.077,52,reviewed,us,us
2024-12-28T01:54:09.487Z,-13.7701,-14.5853,10,4.6,mb,14,137,5.805,1.02,us,us6000pixe,2025-01-15T23:04:12.040Z,"southern Mid-Atlantic Ridge",earthquake,11.28,1.923,0.158,12,reviewed,us,us
2024-12-28T01:52:16.583Z,-13.8824,-14.4898,10,5,mb,43,90,29.642,0.54,us,us6000pg2q,2025-01-15T23:22:25.040Z,"southern Mid-Atlantic Ridge",earthquake,11.85,1.87,0.094,36,reviewed,us,us
2024-12-28T00:41:56.900Z,-26.8937,-177.1608,100.262,4.6,mb,25,133,2.439,0.72,us,us6000pg2c,2025-01-14T04:40:08.040Z,"south of the Fiji Islands",earthquake,12.09,4.128,0.112,24,reviewed,us,us
2024-12-27T23:45:05.000Z,-17.8939,167.6355,10,4.6,mb,19,127,2.468,0.81,us,us6000pg9l,2025-02-02T03:50:34.040Z,"73 km WSW of Port-Vila, Vanuatu",earthquake,6.54,1.886,0.133,17,reviewed,us,us
2024-12-27T22:39:56.605Z,3.2544,123.1875,480.874,4.7,mb,78,78,3.211,0.68,us,us6000pg12,2025-01-14T02:21:15.862Z,"269 km NW of Manado, Indonesia",earthquake,10.76,8.158,0.056,97,reviewed,us,us
2024-12-27T22:39:26.804Z,31.1844,66.6548,10,4.7,mb,76,99,3.922,0.89,us,us6000pg13,2025-01-14T00:56:41.196Z,"35 km NNE of Chaman, Pakistan",earthquake,8.61,1.886,0.063,78,reviewed,us,us
2024-12-27T19:10:05.808Z,37.3695,141.5863,45.48,5.3,mww,173,55,2.828,0.57,us,us6000pfz8,2025-01-22T22:22:11.188Z,"50 km E of Tomioka, Japan",earthquake,7.31,4.663,0.073,18,reviewed,us,us
2024-12-27T18:42:59.930Z,9.6146,126.2289,63,5.4,mww,220,23,2.609,0.69,us,us6000pfz1,2025-01-31T17:41:23.486Z,"20 km SE of Union, Philippines",earthquake,8.38,1.838,0.055,32,reviewed,us,us
2024-12-27T18:15:39.494Z,-22.2185,-68.6582,115.707,4.7,mwr,92,39,0.685,0.94,us,us6000pfyg,2025-01-22T20:10:48.040Z,"37 km NE of Calama, Chile",earthquake,5.35,4.773,0.059,28,reviewed,us,us
2024-12-27T17:30:08.760Z,2.0409,126.445,57.539,4.5,mb,76,42,1.561,0.75,us,us6000pfyc,2025-01-22T19:58:28.040Z,"160 km ENE of Bitung, Indonesia",earthquake,7.54,6.735,0.068,73,reviewed,us,us
2024-12-27T17:20:56.436Z,-17.8905,167.8241,10,4.9,mb,50,67,2.501,0.8,us,us6000pin5,2025-01-22T19:29:28.040Z,"54 km WSW of Port-Vila, Vanuatu",earthquake,4.71,1.873,0.095,40,reviewed,us,us
2024-12-27T16:55:53.556Z,35.3612,140.5831,46.338,4.6,mb,40,125,2.258,0.92,us,us6000pfy9,2025-01-11T22:03:32.707Z,"18 km E of Ichinomiya, Japan",earthquake,7.71,7.499,0.104,28,reviewed,us,us
2024-12-27T16:50:15.146Z,-18.1709,167.6948,10,4.9,mb,26,105,2.749,0.69,us,us6000pin2,2025-01-11T21:46:11.040Z,"81 km SW of Port-Vila, Vanuatu",earthquake,11.63,1.899,0.106,32,reviewed,us,us
2024-12-27T16:49:50.961Z,-17.8468,167.7484,10,4.8,mb,38,114,2.443,0.95,us,us6000pfy7,2025-01-11T21:38:55.040Z,"61 km WSW of Port-Vila, Vanuatu",earthquake,8.67,1.888,0.097,35,reviewed,us,us
2024-12-27T16:28:23.293Z,13.4442,-89.9533,73.534,4.7,mwr,51,138,0.533,0.85,us,us6000pfy2,2025-01-30T21:30:28.040Z,"21 km SW of Acajutla, El Salvador",earthquake,6.68,5.856,0.059,28,reviewed,us,us
2024-12-27T15:58:20.535Z,13.3027,57.5901,10,4.7,mb,64,59,11.655,0.9,us,us6000pfxx,2025-01-30T21:14:30.040Z,"Owen Fracture Zone region",earthquake,10.47,1.866,0.063,77,reviewed,us,us
2024-12-27T15:46:41.235Z,42.9153,146.9645,10,4.6,mb,58,135,2.957,1.04,us,us6000pfxu,2025-01-11T21:10:59.040Z,"100 km SSE of Shikotan, Russia",earthquake,8.97,1.881,0.06,84,reviewed,us,us
2024-12-27T15:26:27.150Z,9.1922,39.937,10,4.7,mb,62,94,1.276,0.82,us,us6000pfxq,2025-01-11T17:28:11.827Z,"32 km N of Metahāra, Ethiopia",earthquake,5.36,1.826,0.069,63,reviewed,us,us
2024-12-27T15:06:08.076Z,-26.5829,71.6989,10,4.6,mb,25,81,41.364,0.61,us,us6000pfxl,2025-01-11T17:22:27.040Z,"Mid-Indian Ridge",earthquake,15.26,1.9,0.133,17,reviewed,us,us
2024-12-27T13:29:58.873Z,1.2293,126.1709,48.391,4.8,mb,40,81,1.279,0.62,us,us6000pfwt,2025-01-15T13:03:23.040Z,"118 km ESE of Bitung, Indonesia",earthquake,6.2,7.356,0.08,49,reviewed,us,us
2024-12-27T12:47:37.696Z,47.2996,151.236,146,6.8,mww,246,38,5.794,0.85,us,us6000pfw7,2025-02-02T10:13:51.970Z,"Kuril Islands",earthquake,8.35,1.931,0.037,72,reviewed,us,us
2024-12-27T10:43:49.391Z,19.5156,144.7414,416.134,5.3,mww,259,93,4.367,0.63,us,us6000pfvu,2025-02-07T10:53:52.840Z,"Maug Islands region, Northern Mariana Islands",earthquake,8.8,5.909,0.075,17,reviewed,us,us
2024-12-27T09:30:54.099Z,12.1603,143.9297,10,5.3,mww,157,91,1.69,0.47,us,us6000pfvi,2025-02-07T09:41:01.610Z,"146 km SSW of Merizo Village, Guam",earthquake,9.11,1.856,0.069,20,reviewed,us,us
2024-12-27T09:15:20.500Z,-1.6855,127.8466,10,4.6,mb,56,77,2.487,0.52,us,us6000pfvg,2025-01-23T16:32:14.040Z,"124 km SSE of Labuha, Indonesia",earthquake,7.5,1.887,0.081,45,reviewed,us,us
2024-12-27T05:30:07.144Z,34.0302,-38.6982,10,5.9,mww,112,98,11.314,0.68,us,us6000pfuq,2025-01-15T09:54:37.764Z,"northern Mid-Atlantic Ridge",earthquake,11.24,1.885,0.037,70,reviewed,us,us
2024-12-27T02:06:53.481Z,18.5386,121.1392,35,4.5,mb,52,136,4.258,0.9,us,us6000pimm,2025-01-13T20:09:55.040Z,"8 km SSW of Namuac, Philippines",earthquake,12.05,1.9,0.093,34,reviewed,us,us
2024-12-27T02:00:50.675Z,9.1692,39.917,10,4.9,mb,33,138,3.717,0.52,us,us6000pfu2,2025-01-13T02:57:52.394Z,"29 km N of Metahāra, Ethiopia",earthquake,11.44,1.912,0.1,31,reviewed,us,us
2024-12-27T01:57:18.235Z,8.0485,127.1446,18.366,4.7,mb,37,115,1.832,0.78,us,us6000pfu1,2025-01-30T00:08:14.040Z,"76 km ENE of Kinablangan, Philippines",earthquake,9.33,4.825,0.081,47,reviewed,us,us
2024-12-26T21:48:20.129Z,30.5356,142.1891,10,4.5,mb,39,160,6.481,0.44,us,us6000pfsg,2025-01-13T00:46:58.040Z,"Izu Islands, Japan region",earthquake,13.02,1.906,0.104,27,reviewed,us,us
2024-12-26T21:02:25.395Z,30.5023,141.8517,7,5.8,mww,106,92,3.13,0.79,us,us6000pfs7,2025-02-02T01:46:39.317Z,"Izu Islands, Japan region",earthquake,3.65,1.828,0.051,37,reviewed,us,us
2024-12-26T19:57:59.382Z,-2.6176,99.7672,10,4.6,mb,37,177,3.623,0.49,us,us6000pfrq,2025-01-11T15:20:24.040Z,"68 km SSE of Tuapejat, Indonesia",earthquake,10.86,1.927,0.113,23,reviewed,us,us
2024-12-26T19:55:18.587Z,-2.7051,99.6841,10,4.5,mb,28,203,3.656,0.65,us,us6000pfrp,2025-01-11T15:18:12.040Z,"75 km S of Tuapejat, Indonesia",earthquake,11.9,1.597,0.128,18,reviewed,us,us
2024-12-26T18:24:50.216Z,-22.4187,173.2562,35,4.6,mb,27,135,5.375,0.74,us,us6000pfre,2025-01-11T14:47:42.040Z,"southeast of the Loyalty Islands",earthquake,8.83,1.95,0.119,22,reviewed,us,us
2024-12-26T16:25:52.566Z,28.0183,141.1156,74.565,4.5,mb,48,93,1.321,0.67,us,us6000pilr,2025-01-11T16:54:09.040Z,"Bonin Islands, Japan region",earthquake,9.73,8.098,0.091,35,reviewed,us,us
2024-12-26T14:57:28.231Z,-0.4362,123.4462,62.86,4.6,mb,42,69,0.904,0.97,us,us6000pfqg,2025-01-30T20:51:45.040Z,"92 km NE of Luwuk, Indonesia",earthquake,6.62,8.751,0.099,30,reviewed,us,us
2024-12-26T11:29:07.732Z,8.3067,126.0068,10,4.9,mb,50,91,1.3,1.18,us,us6000pfpp,2025-02-05T14:43:52.040Z,"12 km SSE of Lapinigan, Philippines",earthquake,9.11,1.88,0.087,42,reviewed,us,us
2024-12-26T10:26:20.024Z,8.473,125.927,24.23,5.3,mww,100,70,1.436,0.94,us,us6000pfph,2025-01-20T07:22:34.785Z,"3 km ESE of Borbon, Philippines",earthquake,8.13,3.957,0.059,28,reviewed,us,us
2024-12-26T08:08:50.312Z,23.8922,121.7893,22.842,4.7,mwr,117,70,0.332,0.46,us,us6000pfp4,2025-01-18T09:12:41.292Z,"21 km ESE of Hualien City, Taiwan",earthquake,4.22,4.884,0.062,25,reviewed,us,us
2024-12-26T05:55:25.329Z,6.4386,126.1293,66.978,4.6,mb,33,111,0.832,0.49,us,us6000pfnl,2025-01-18T08:36:38.533Z,"3 km S of Nangan, Philippines",earthquake,9.73,8.356,0.111,24,reviewed,us,us
2024-12-26T00:52:39.508Z,7.3229,-75.298,52.19,5,mww,190,32,1.148,0.82,us,us6000pfmi,2025-01-22T01:16:02.296Z,"10 km ENE of Valdivia, Colombia",earthquake,5.3,5.242,0.066,22,reviewed,us,us
2024-12-25T21:39:29.258Z,50.5968,-130.2621,10,5,mww,32,142,1.357,1.14,us,us6000pflq,2025-01-21T04:10:26.315Z,"224 km W of Port McNeill, Canada",earthquake,4.42,1.868,0.04,60,reviewed,us,us
2024-12-25T19:38:53.024Z,-3.2209,146.0052,10,4.7,mb,42,65,1.793,1.24,us,us6000pflg,2025-01-12T19:19:16.040Z,"192 km SW of Lorengau, Papua New Guinea",earthquake,5.64,1.728,0.104,28,reviewed,us,us
2024-12-25T19:07:06.362Z,-24.0714,-66.9435,183.493,4.5,mb,85,43,2.643,0.85,us,us6000pfld,2025-01-12T18:50:02.040Z,"65 km WNW of San Antonio de los Cobres, Argentina",earthquake,3.09,5.882,0.078,48,reviewed,us,us
2024-12-25T17:47:53.483Z,11.1725,-85.7826,90.305,4.5,mb,66,90,0.542,1.23,us,us6000pfl4,2025-01-21T18:14:19.891Z,"13 km SE of San Juan del Sur, Nicaragua",earthquake,4.75,5.951,0.047,133,reviewed,us,us
2024-12-25T16:09:52.472Z,-34.2994,-178.2285,10,4.9,mb,29,120,4.301,1.12,us,us6000pfkw,2025-01-15T23:20:18.040Z,"south of the Kermadec Islands",earthquake,9.8,1.929,0.116,23,reviewed,us,us
2024-12-25T14:26:00.407Z,1.679,127.2885,116.434,4.5,mb,44,84,0.905,0.51,us,us6000pfkn,2025-01-24T07:54:30.040Z,"80 km W of Tobelo, Indonesia",earthquake,8.65,6.54,0.099,32,reviewed,us,us
2024-12-25T09:12:48.612Z,8.4731,40.1807,10,4.5,mb,18,83,1.542,0.67,us,us6000pie4,2025-01-30T07:09:07.040Z,"53 km SW of Gelemso, Ethiopia",earthquake,7.59,1.921,0.163,11,reviewed,us,us
2024-12-25T07:20:47.982Z,13.6163,144.7222,126.819,4.5,mb,41,98,0.145,0.39,us,us6000pfju,2025-02-05T14:41:12.040Z,"15 km NNW of Tamuning-Tumon-Harmon Village, Guam",earthquake,10.44,6.59,0.093,34,reviewed,us,us
2024-12-25T06:54:53.549Z,-5.5545,151.1652,74.272,4.5,mb,30,118,1.507,0.48,us,us6000pfjq,2025-01-21T16:23:42.040Z,"113 km E of Kimbe, Papua New Guinea",earthquake,13.38,8.496,0.108,25,reviewed,us,us
2024-12-25T06:34:48.763Z,-19.0858,-177.6396,458.667,5.6,mww,130,31,3.853,0.59,us,us6000pfjm,2025-01-21T16:19:39.693Z,"Fiji region",earthquake,9.95,5.299,0.089,12,reviewed,us,us
2024-12-25T04:28:14.836Z,-39.3937,78.2767,10,4.7,mb,18,80,1.689,0.74,us,us6000pidx,2025-01-09T05:32:01.040Z,"Mid-Indian Ridge",earthquake,11.9,1.9,0.153,13,reviewed,us,us
2024-12-25T04:25:00.483Z,-39.1949,78.1508,10,4.5,mb,12,104,1.469,0.72,us,us6000pie1,2025-01-30T01:19:58.040Z,"Mid-Indian Ridge",earthquake,6.19,1.923,0.18,9,reviewed,us,us
2024-12-25T03:59:27.072Z,-56.6063,147.5658,10,4.5,mb,26,120,6.79,0.78,us,us6000pfjd,2025-01-15T23:16:20.040Z,"west of Macquarie Island",earthquake,13.28,1.948,0.113,23,reviewed,us,us
2024-12-25T01:47:08.010Z,-55.2003,-129.1299,10,4.9,mb,22,151,30.634,0.78,us,us6000pidr,2025-01-14T22:56:15.040Z,"Pacific-Antarctic Ridge",earthquake,15.86,1.917,0.122,21,reviewed,us,us
2024-12-24T23:32:45.178Z,13.434,120.4006,10,4.6,mb,48,113,8.121,0.48,us,us6000pfic,2025-01-22T01:42:41.465Z,"3 km WSW of Harrison, Philippines",earthquake,10.71,1.883,0.095,33,reviewed,us,us
2024-12-24T22:42:25.776Z,-28.2047,-67.3646,138,5.9,mww,138,23,2.78,0.71,us,us6000pfi3,2025-01-22T01:25:10.413Z,"25 km SE of Tinogasta, Argentina",earthquake,6.9,1.851,0.032,93,reviewed,us,us
2024-12-24T21:43:50.806Z,-60.6679,-41.1961,10,4.5,mb,21,65,6.884,1.1,us,us6000pi73,2025-01-13T05:24:30.040Z,"Scotia Sea",earthquake,10.48,1.948,0.127,18,reviewed,us,us
2024-12-24T20:33:34.670Z,6.3181,-74.8321,73.999,4.9,mb,80,59,0.704,0.75,us,us6000pfhr,2025-01-12T17:26:34.564Z,"13 km SW of Caracolí, Colombia",earthquake,7.93,5.683,0.037,222,reviewed,us,us
2024-12-24T19:19:44.512Z,-17.7202,168.1654,36.367,4.8,mb,24,143,4.622,0.74,us,us6000pfhd,2025-01-12T16:57:32.563Z,"15 km W of Port-Vila, Vanuatu",earthquake,13.73,6.266,0.114,24,reviewed,us,us
2024-12-24T16:49:54.109Z,-39.0508,-72.2966,93.99,4.7,mwr,75,103,0.832,0.71,us,us6000pfgw,2025-01-22T18:05:40.181Z,"26 km NNW of Villarrica, Chile",earthquake,5.83,5.096,0.068,21,reviewed,us,us
2024-12-24T16:27:28.206Z,75.6532,8.1087,10,4.5,mb,93,68,3.155,0.68,us,us6000pfgr,2025-01-31T17:54:42.040Z,"Greenland Sea",earthquake,10.36,1.913,0.061,83,reviewed,us,us
2024-12-24T14:12:06.803Z,-17.7408,168.035,37.139,4.7,mb,41,108,4.513,0.75,us,us6000pfg0,2025-01-21T21:49:44.022Z,"29 km W of Port-Vila, Vanuatu",earthquake,10.82,9.211,0.096,34,reviewed,us,us
2024-12-24T12:05:14.994Z,8.9327,39.9828,10,4.5,mb,37,121,1.288,0.39,us,us6000pffp,2025-01-23T10:23:57.040Z,"8 km ENE of Metahāra, Ethiopia",earthquake,3.99,1.918,0.11,24,reviewed,us,us
2024-12-24T10:42:54.577Z,2.6116,126.3472,70.557,4.8,mb,72,93,1.901,0.5,us,us6000pffj,2025-01-24T08:08:57.040Z,"187 km NE of Bitung, Indonesia",earthquake,6.7,7.255,0.072,59,reviewed,us,us
2024-12-24T09:45:49.789Z,9.0038,39.9266,10,4.5,mb,26,140,1.237,0.61,us,us6000pfff,2025-01-23T09:10:33.040Z,"11 km N of Metahāra, Ethiopia",earthquake,5.33,1.902,0.145,14,reviewed,us,us
2024-12-24T09:11:50.544Z,10.7353,-68.7586,10,4.6,mb,153,25,2.139,0.42,us,us6000pff9,2025-01-22T13:17:44.040Z,"17 km NNW of Yumare, Venezuela",earthquake,6.82,1.869,0.042,171,reviewed,us,us
2024-12-24T06:39:57.991Z,7.1166,-75.7263,49.827,4.5,mb,35,97,0.94,0.97,us,us6000pfet,2025-01-21T14:01:18.040Z,"7 km SE of Ituango, Colombia",earthquake,6.57,9.486,0.131,20,reviewed,us,us
2024-12-24T05:01:26.077Z,30.9846,143.1068,10,4.6,mb,29,139,3.511,1.06,us,us6000pfej,2025-02-05T14:23:07.040Z,"Izu Islands, Japan region",earthquake,7.19,1.902,0.129,18,reviewed,us,us
2024-12-24T03:18:32.886Z,55.5039,166.1001,35,4.5,mb,78,133,5.024,0.55,us,us6000pfea,2025-01-21T02:35:27.040Z,"240 km ESE of Ust’-Kamchatsk Staryy, Russia",earthquake,10.33,1.919,0.066,67,reviewed,us,us
2024-12-23T22:53:47.774Z,19.5735,147.6463,10,4.7,mb,55,134,4.659,0.52,us,us6000pfdu,2025-01-10T04:10:31.040Z,"Mariana Islands region",earthquake,10.63,1.893,0.088,39,reviewed,us,us
2024-12-23T20:29:20.493Z,-16.6848,-173.2596,35,4.6,mb,30,71,3.106,1.43,us,us6000phnm,2025-01-10T15:53:06.040Z,"99 km SE of Hihifo, Tonga",earthquake,10.18,1.9,0.112,24,reviewed,us,us
2024-12-23T19:41:24.210Z,8.9768,39.9298,10,4.9,mb,53,115,1.238,0.66,us,us6000pfc3,2025-01-11T14:43:08.900Z,"8 km N of Metahāra, Ethiopia",earthquake,7.9,1.916,0.088,40,reviewed,us,us
2024-12-23T17:57:25.649Z,19.5557,95.0613,85.383,4.9,mb,61,83,1.647,0.52,us,us6000pfbh,2025-01-11T14:27:03.104Z,"26 km NW of Myaydo, Myanmar",earthquake,7.6,7.186,0.055,103,reviewed,us,us
2024-12-23T17:13:33.523Z,12.7911,-90.4758,10,4.6,mb,49,229,1.296,1.14,us,us6000pfba,2025-01-11T14:22:08.040Z,"113 km SW of Acajutla, El Salvador",earthquake,6.72,1.977,0.052,111,reviewed,us,us
2024-12-23T16:18:22.236Z,34.5652,140.4829,69.523,4.5,mb,35,153,1.55,0.5,us,us6000pfb7,2025-01-29T22:19:47.040Z,"66 km SSE of Katsuura, Japan",earthquake,7.89,7.743,0.136,16,reviewed,us,us
2024-12-23T15:37:05.998Z,-14.3931,170.5132,642.98,4.6,mb,48,95,3.367,0.76,us,us6000phnc,2025-01-08T19:53:23.040Z,"Vanuatu region",earthquake,12.72,9.517,0.095,33,reviewed,us,us
2024-12-23T13:37:11.807Z,-7.212,124.513,511.843,4.5,mb,62,50,2.661,0.84,us,us7000p0wl,2025-01-08T16:10:56.040Z,"172 km NNW of Maubara, Timor Leste",earthquake,11.38,6.626,0.097,31,reviewed,us,us
2024-12-23T13:09:56.014Z,-56.0285,-27.5957,120.401,4.7,mb,32,88,5.39,0.58,us,us6000phni,2025-01-08T16:08:35.040Z,"South Sandwich Islands region",earthquake,13.4,6.251,0.142,15,reviewed,us,us
2024-12-23T11:13:08.429Z,-15.5995,-173.7898,71.933,4.5,mb,16,122,2.568,0.68,us,us6000phn3,2025-02-05T15:16:58.040Z,"39 km N of Hihifo, Tonga",earthquake,9.53,12.731,0.204,7,reviewed,us,us
2024-12-23T10:38:56.597Z,-22.079,170.2072,10,4.5,mb,23,191,2.61,0.93,us,us6000phnw,2025-01-23T14:18:08.040Z,"247 km ESE of Tadine, New Caledonia",earthquake,9.3,1.973,0.14,16,reviewed,us,us
2024-12-23T06:00:56.943Z,19.8862,-76.6255,7,5.9,mww,246,50,0.217,0.5,us,us7000p0uj,2025-02-02T09:54:42.510Z,"41 km SSW of Guisa, Cuba",earthquake,4.52,1.819,0.038,66,reviewed,us,us
2024-12-23T04:51:08.666Z,-11.0805,165.8553,57.023,5,mb,75,119,6.039,0.47,us,us7000p0ub,2025-01-20T23:42:20.040Z,"39 km S of Lata, Solomon Islands",earthquake,11.32,6.639,0.073,60,reviewed,us,us
2024-12-23T03:39:05.217Z,-16.6728,28.8144,10,4.9,mb,76,60,1.512,0.58,us,us7000p0u1,2025-01-20T22:54:41.641Z,"17 km S of Kariba, Zimbabwe",earthquake,8.58,1.846,0.068,69,reviewed,us,us
2024-12-23T02:16:30.647Z,-26.9319,-179.8652,471.307,4.6,mb,65,61,2.87,0.43,us,us7000p0tu,2025-01-16T05:21:32.040Z,"south of the Fiji Islands",earthquake,14.92,6.615,0.079,48,reviewed,us,us
2024-12-23T01:36:09.189Z,5.4829,61.2882,10,4.6,mb,59,94,11.637,0.41,us,us7000p0tr,2025-01-16T05:04:29.040Z,"Carlsberg Ridge",earthquake,12.59,1.909,0.078,49,reviewed,us,us
2024-12-23T01:18:18.905Z,5.2601,61.6637,10,4.5,mb,21,108,11.641,0.53,us,us6000phmp,2025-01-16T04:52:05.040Z,"Carlsberg Ridge",earthquake,9.2,1.898,0.145,14,reviewed,us,us
2024-12-23T01:13:53.139Z,8.9408,39.9761,10,4.6,mb,55,59,1.282,0.5,us,us7000p0tm,2025-01-16T04:44:52.046Z,"7 km NE of Metahāra, Ethiopia",earthquake,7.97,1.9,0.085,41,reviewed,us,us
2024-12-23T00:11:12.874Z,8.2703,39.9149,10,4.5,mb,30,113,4.34,0.84,us,us6000phmv,2025-01-29T22:51:18.040Z,"47 km E of Sīrē, Ethiopia",earthquake,5.87,1.928,0.119,21,reviewed,us,us
2024-12-23T00:04:49.876Z,-14.4246,167.2922,246.214,4.7,mb,67,57,6.733,0.65,us,us7000p0td,2025-01-21T22:51:31.040Z,"66 km SSW of Sola, Vanuatu",earthquake,11.05,7.692,0.074,56,reviewed,us,us
2024-12-22T21:38:37.166Z,-10.3585,-77.4718,94.27,4.9,mb,48,138,1.733,0.52,us,us7000p0sy,2025-01-15T00:13:03.040Z,"2 km NE of Copa, Peru",earthquake,8.1,6.978,0.057,95,reviewed,us,us
2024-12-22T19:09:55.269Z,34.6161,26.2605,43.772,4.7,mww,104,42,1.31,0.59,us,us7000p0s7,2025-01-24T15:13:10.040Z,"64 km S of Palekastro, Greece",earthquake,6.96,6.634,0.117,7,reviewed,us,us
2024-12-22T19:04:25.043Z,-10.9029,112.452,10,4.9,mb,41,96,2.941,0.75,us,us7000p0s6,2025-01-04T19:38:38.040Z,"299 km S of Dampit, Indonesia",earthquake,8.44,1.907,0.099,32,reviewed,us,us
2024-12-22T17:05:51.856Z,-9.262,106.6736,10,4.9,mb,64,40,1.528,0.84,us,us7000p0rv,2025-01-04T19:34:00.040Z,"243 km SSW of Banjar, Indonesia",earthquake,6.37,1.84,0.071,63,reviewed,us,us
2024-12-22T15:14:30.721Z,5.5007,61.4328,10,4.6,mb,53,107,25.03,0.84,us,us7000p0rq,2025-01-13T18:05:47.040Z,"Carlsberg Ridge",earthquake,5.73,1.876,0.072,58,reviewed,us,us
2024-12-22T12:24:43.094Z,19.0041,145.4748,221.989,4.5,mb,22,145,3.754,0.45,us,us6000phlt,2025-01-26T07:17:03.040Z,"Maug Islands region, Northern Mariana Islands",earthquake,15.2,10.623,0.127,18,reviewed,us,us
2024-12-22T11:53:05.013Z,34.1284,24.9988,10.137,4.5,mb,45,174,1.16,0.44,us,us7000p0qx,2025-01-12T07:19:54.040Z,"98 km S of Pýrgos, Greece",earthquake,9.8,6.806,0.088,38,reviewed,us,us
2024-12-22T11:50:21.687Z,-40.1171,45.977,10,4.7,mb,23,81,7.629,0.5,us,us6000phls,2025-01-12T07:16:47.040Z,"Southwest Indian Ridge",earthquake,13.44,1.906,0.124,20,reviewed,us,us
2024-12-22T11:44:57.369Z,55.9537,-153.9737,27.4,5,mww,,,,0.65,ak,ak024gelo7o8,2025-01-26T07:06:03.040Z,"111 km S of Akhiok, Alaska",earthquake,,2.2,,,reviewed,ak,ak
2024-12-22T11:10:38.373Z,-17.5041,168.266,9.901,4.5,mb,16,206,2.285,0.65,us,us6000phlq,2025-01-12T07:13:28.040Z,"26 km N of Port-Vila, Vanuatu",earthquake,10.58,6.284,0.15,13,reviewed,us,us
2024-12-22T11:03:22.753Z,-18.1033,-178.1288,579.685,4.5,mb,55,122,2.885,0.64,us,us7000p0qg,2025-01-12T07:10:23.040Z,"270 km E of Levuka, Fiji",earthquake,16.84,9.709,0.081,45,reviewed,us,us
2024-12-22T10:38:23.415Z,-23.9678,-179.6149,518.48,4.5,mb,22,224,5.486,0.52,us,us7000p0qf,2025-01-12T06:52:31.040Z,"south of the Fiji Islands",earthquake,23.7,20.906,0.121,20,reviewed,us,us
2024-12-22T07:55:51.387Z,31.845,130.6312,170.684,4.6,mb,61,114,0.368,0.72,us,us7000p0ps,2025-01-09T10:06:05.040Z,"12 km NNW of Kajiki, Japan",earthquake,7.7,4.842,0.074,55,reviewed,us,us
2024-12-22T07:37:10.193Z,17.721,119.522,10,4.9,mb,40,116,5.277,0.93,us,us7000p0pp,2025-01-09T10:09:14.040Z,"88 km W of Puro Pinget, Philippines",earthquake,12.79,1.9,0.079,50,reviewed,us,us
2024-12-22T06:46:24.685Z,-33.0699,-178.2933,10,4.5,mb,21,173,3.809,1.06,us,us6000phll,2025-01-15T06:19:43.040Z,"south of the Kermadec Islands",earthquake,8.77,1.882,0.131,17,reviewed,us,us
2024-12-22T05:03:25.039Z,-21.1052,169.6495,92.867,4.5,mb,23,253,2.537,1,us,us7000p0pi,2025-01-09T12:47:58.040Z,"177 km SSE of Isangel, Vanuatu",earthquake,13.87,5.995,0.115,22,reviewed,us,us
2024-12-22T04:45:13.122Z,3.3742,126.6274,46.888,4.9,mb,36,108,2.62,0.83,us,us7000p0pf,2025-01-12T17:16:08.040Z,"238 km NW of Tobelo, Indonesia",earthquake,4.68,8.082,0.104,31,reviewed,us,us
2024-12-22T04:08:49.344Z,55.9061,-153.8809,13.6,4.9,mb,,,,0.82,ak,ak024gehalss,2025-01-23T23:59:06.040Z,"117 km S of Akhiok, Alaska",earthquake,,2,,,reviewed,ak,ak
2024-12-22T03:56:03.086Z,55.9603,-153.9543,2,5.2,mww,,,,0.72,ak,ak024gegz77l,2025-02-09T04:06:18.592Z,"110 km S of Akhiok, Alaska",earthquake,,1.2,,,reviewed,ak,ak
2024-12-22T02:31:24.140Z,-10.954,162.6049,45.912,5.1,mb,52,114,3.018,1,us,us7000p0nz,2025-01-12T16:08:21.040Z,"93 km SE of Kirakira, Solomon Islands",earthquake,11.31,7.709,0.085,45,reviewed,us,us
2024-12-22T01:00:32.010Z,37.2564,71.2961,101.027,4.5,mb,33,83,2.193,0.81,us,us7000p0na,2025-01-12T15:38:56.040Z,"34 km SW of Khorugh, Tajikistan",earthquake,7.14,9.53,0.124,19,reviewed,us,us
2024-12-22T00:51:05.219Z,-30.381,19.5557,10,5.2,mww,78,67,2.263,0.74,us,us7000p0n9,2025-01-24T02:38:22.040Z,"89 km W of Brandvlei, South Africa",earthquake,7.63,1.841,0.11,8,reviewed,us,us
2024-12-21T21:25:34.409Z,-15.1752,-74.9179,55.941,4.5,mb,34,143,3.68,0.98,us,us7000p0mw,2025-01-12T04:22:57.295Z,"21 km E of Minas de Marcona, Peru",earthquake,9.4,6.148,0.096,32,reviewed,us,us
2024-12-21T19:36:29.722Z,39.0267,70.8752,10,4.5,mb,24,119,0.847,1.37,us,us7000p0mp,2025-01-24T03:53:25.040Z,"43 km E of Rasht, Tajikistan",earthquake,3.39,1.601,0.113,23,reviewed,us,us
2024-12-21T19:20:34.469Z,-14.7719,-175.862,285.194,4.5,mb,58,44,2.236,1.01,us,us7000p0mn,2025-01-06T06:40:29.040Z,"168 km SSE of Mata-Utu, Wallis and Futuna",earthquake,9.75,7.336,0.069,64,reviewed,us,us
2024-12-21T16:29:52.454Z,38.6595,21.6089,10,5,mwr,181,21,1.499,0.55,us,us7000p0m4,2025-01-15T23:13:59.227Z,"9 km ENE of Paravóla, Greece",earthquake,4.43,1.811,0.073,18,reviewed,us,us
2024-12-21T16:16:57.436Z,-31.2967,-68.5792,108.519,4.5,mb,37,74,0.264,0.91,us,us7000p0m0,2025-01-15T23:05:19.040Z,"16 km NNW of Albardón, Argentina",earthquake,6.81,8.784,0.18,9,reviewed,us,us
2024-12-21T15:30:53.399Z,-17.7041,168.0033,47,6.1,mww,156,20,4.513,0.58,us,us7000p0lv,2025-01-24T15:49:05.336Z,"33 km W of Port-Vila, Vanuatu",earthquake,8.49,1.927,0.038,66,reviewed,us,us
2024-12-21T15:26:49.564Z,-0.1224,125.1272,54.088,4.8,mb,96,43,2.409,0.73,us,us7000p0lu,2025-01-15T22:14:29.040Z,"99 km SE of Modisi, Indonesia",earthquake,6.07,6.684,0.056,106,reviewed,us,us
2024-12-21T13:21:10.237Z,-3.5787,127.0338,10,4.5,mb,17,117,3.013,0.47,us,us7000p0la,2025-01-24T17:33:03.040Z,"128 km W of Ambon, Indonesia",earthquake,9.03,1.94,0.144,16,reviewed,us,us
2024-12-21T12:03:38.916Z,-15.4451,-173.5715,71.087,4.8,mb,40,111,2.309,0.38,us,us7000p0l5,2025-01-09T12:43:44.040Z,"61 km NNE of Hihifo, Tonga",earthquake,13.62,6.894,0.052,116,reviewed,us,us
2024-12-21T09:20:49.650Z,-55.2618,-29.328,10,4.5,mb,21,105,4.261,0.82,us,us6000phkh,2025-01-08T12:36:00.040Z,"South Sandwich Islands region",earthquake,10.41,1.735,0.121,20,reviewed,us,us
2024-12-21T09:20:30.911Z,-20.0707,-173.3758,10,5,mb,50,53,3.399,1.06,us,us7000p0ks,2025-01-16T06:26:28.040Z,"105 km ESE of Fangale’ounga, Tonga",earthquake,10.01,1.854,0.084,45,reviewed,us,us
2024-12-21T09:13:06.391Z,-40.4607,-75.061,10,4.8,mb,35,148,1.381,0.98,us,us7000p0kp,2025-01-09T12:21:59.040Z,"152 km WSW of Corral, Chile",earthquake,7.63,1.893,0.087,41,reviewed,us,us
2024-12-21T08:20:39.429Z,8.9536,39.9227,10,4.5,mb,27,64,1.229,0.56,us,us6000phkf,2025-01-11T13:46:05.040Z,"5 km N of Metahāra, Ethiopia",earthquake,4.94,1.9,0.136,16,reviewed,us,us
2024-12-21T07:10:15.578Z,26.8599,55.1583,10,4.8,mb,88,96,2.127,0.43,us,us7000p0kc,2025-01-11T13:42:03.868Z,"43 km NE of Bandar-e Lengeh, Iran",earthquake,8.79,1.875,0.06,86,reviewed,us,us
2024-12-21T01:17:05.969Z,-17.9707,-178.1419,607.996,4.8,mb,106,69,2.803,0.78,us,us7000p0ip,2025-01-12T23:35:30.040Z,"269 km E of Levuka, Fiji",earthquake,11.53,6.707,0.032,299,reviewed,us,us
2024-12-20T23:53:40.516Z,17.5942,119.6826,10,4.9,mb,43,137,5.359,0.79,us,us7000p0ia,2025-01-06T03:26:41.040Z,"71 km W of Cabittaogan, Philippines",earthquake,13.35,1.91,0.093,36,reviewed,us,us
2024-12-20T23:23:20.579Z,8.0868,-38.104,10,4.8,mb,43,80,13.995,0.76,us,us7000p0i6,2025-01-06T03:47:31.040Z,"central Mid-Atlantic Ridge",earthquake,11.81,1.905,0.09,38,reviewed,us,us
2024-12-20T22:56:19.281Z,-7.0873,131.8732,10,4.5,mb,19,99,3.214,0.97,us,us7000p0hy,2025-01-24T01:30:25.040Z,"188 km SSW of Tual, Indonesia",earthquake,6.82,1.788,0.205,7,reviewed,us,us
2024-12-20T22:29:02.221Z,29.4923,81.6099,10,5,mb,84,99,3.639,0.73,us,us7000p0hw,2025-01-24T02:57:51.040Z,"60 km WNW of Jumla, Nepal",earthquake,9.21,1.882,0.049,136,reviewed,us,us
2024-12-20T21:51:27.385Z,3.9895,125.8551,159.186,4.9,mb,25,84,3.072,0.75,us,us7000p0hq,2025-01-24T01:28:45.040Z,"162 km SSE of Sarangani, Philippines",earthquake,5.94,8.352,0.119,22,reviewed,us,us
2024-12-20T21:09:32.525Z,5.7996,127.2143,66.393,4.9,mb,58,77,2.057,0.85,us,us7000p0h2,2025-01-06T04:42:07.040Z,"130 km ESE of Pondaguitan, Philippines",earthquake,8.57,5.84,0.064,82,reviewed,us,us
2024-12-20T19:57:37.188Z,50.5596,90.3478,10,4.5,mb,119,34,4.756,0.52,us,us7000p0gm,2025-01-15T20:02:47.040Z,"20 km NNW of Mugur-Aksy, Russia",earthquake,7.63,1.804,0.052,115,reviewed,us,us
2024-12-20T19:26:14.415Z,-6.9992,131.8226,10,5,mww,99,50,3.114,0.67,us,us7000p0ge,2025-01-15T19:41:36.040Z,"183 km SW of Tual, Indonesia",earthquake,6.89,1.734,0.069,20,reviewed,us,us
2024-12-20T18:58:26.893Z,33.2394,140.8067,52.505,4.5,mwr,119,114,0.842,0.54,us,us7000p0fs,2025-01-15T19:15:36.040Z,"211 km SSE of Tateyama, Japan",earthquake,7.07,5.578,0.093,11,reviewed,us,us
2024-12-20T18:22:39.340Z,-6.4479,105.0901,54.956,5,mww,145,41,2.734,0.93,us,us7000p0fh,2025-01-24T15:43:43.040Z,"82 km W of Labuan, Indonesia",earthquake,7.33,4.696,0.103,9,reviewed,us,us
2024-12-20T17:59:41.573Z,-60.247,-26.0543,10,4.6,mb,34,114,8.221,0.42,us,us6000phju,2025-01-15T18:13:52.040Z,"South Sandwich Islands region",earthquake,11.39,1.641,0.102,30,reviewed,us,us
2024-12-20T17:24:47.193Z,-18.9657,-173.027,10,4.8,mb,37,79,2.934,0.92,us,us7000p0f9,2025-01-15T17:42:39.040Z,"106 km ESE of Neiafu, Tonga",earthquake,10.64,1.899,0.095,36,reviewed,us,us
2024-12-20T17:04:52.154Z,-17.7148,168.163,35,4.9,mb,35,228,4.624,1.14,us,us7000p0f3,2025-01-24T15:47:50.040Z,"16 km W of Port-Vila, Vanuatu",earthquake,11.44,1.994,0.091,41,reviewed,us,us
2024-12-20T16:39:05.489Z,-3.5948,126.8501,10,4.8,mb,24,86,3.183,0.71,us,us7000p0ey,2025-01-12T21:39:52.040Z,"148 km W of Ambon, Indonesia",earthquake,7.36,1.903,0.124,26,reviewed,us,us
2024-12-20T15:42:43.959Z,10.8051,95.5221,10,4.5,mb,18,89,4.5,0.83,us,us7000p0cq,2025-01-23T20:36:54.040Z,"Andaman Islands, India region",earthquake,7.51,1.869,0.139,19,reviewed,us,us
2024-12-20T15:11:48.331Z,-11.843,166.0625,35,4.8,mb,66,118,6.468,0.86,us,us7000p0ck,2025-01-23T20:30:23.040Z,"127 km SSE of Lata, Solomon Islands",earthquake,8.86,1.889,0.075,57,reviewed,us,us
2024-12-20T14:33:08.570Z,-11.79,166.1011,25.974,5.4,mww,76,114,6.485,0.92,us,us7000p0b5,2025-01-09T12:21:35.902Z,"122 km SSE of Lata, Solomon Islands",earthquake,10.34,5.231,0.062,25,reviewed,us,us
2024-12-20T14:10:42.216Z,-11.7728,166.1893,13.051,5,mb,47,156,6.56,0.72,us,us7000p0b2,2025-01-09T12:14:00.040Z,"123 km SSE of Lata, Solomon Islands",earthquake,9.38,5.336,0.083,46,reviewed,us,us
2024-12-20T11:42:07.521Z,3.6954,126.5443,35,4.6,mb,57,78,2.811,0.43,us,us6000phjl,2025-01-28T09:05:52.040Z,"223 km SSE of Sarangani, Philippines",earthquake,6.87,1.84,0.084,42,reviewed,us,us
2024-12-20T07:11:41.433Z,-16.708,28.8229,10,4.9,mb,43,62,1.547,0.79,us,us7000p08s,2025-01-09T12:07:54.298Z,"21 km S of Kariba, Zimbabwe",earthquake,9.25,1.875,0.073,59,reviewed,us,us
2024-12-20T05:32:42.009Z,-33.6134,-67.9604,178.378,4.8,mb,89,44,1.827,0.99,us,us7000p08b,2025-01-09T12:01:25.611Z,"75 km SE of San Martín, Argentina",earthquake,8.77,6.391,0.034,260,reviewed,us,us
2024-12-20T04:03:22.093Z,60.3514,-152.2681,83.8,4.5,mww,,,,0.84,ak,ak024gb66mji,2025-01-23T22:25:06.040Z,"47 km NW of Ninilchik, Alaska",earthquake,,0.2,,,reviewed,ak,ak
2024-12-20T03:49:40.776Z,-57.123,147.3108,10,4.5,mb,25,98,7.061,0.52,us,us6000phi3,2025-01-23T22:17:40.040Z,"west of Macquarie Island",earthquake,10.19,1.852,0.116,24,reviewed,us,us
2024-12-20T00:15:31.447Z,-16.7151,28.8849,10,4.6,mb,31,123,1.578,0.95,us,us7000p06l,2025-01-06T04:49:10.040Z,"23 km SSE of Kariba, Zimbabwe",earthquake,9.73,1.923,0.101,29,reviewed,us,us
2024-12-19T20:30:06.829Z,-41.0907,-86.6059,10,5.3,mww,37,141,10.115,0.59,us,us7000p05e,2025-01-04T19:29:10.040Z,"West Chile Rise",earthquake,9.28,1.848,0.06,27,reviewed,us,us
2024-12-19T19:31:00.283Z,13.6927,144.7199,108.444,4.6,mb,43,69,0.177,0.56,us,us7000p051,2025-01-24T15:02:25.040Z,"23 km NNW of Dededo Village, Guam",earthquake,9.05,4.362,0.088,38,reviewed,us,us
2024-12-19T19:22:19.211Z,11.9512,126.6021,10,5.1,mww,117,98,4.954,0.59,us,us7000p04x,2025-01-24T14:57:58.040Z,"121 km ESE of San Policarpo, Philippines",earthquake,10.24,1.851,0.068,21,reviewed,us,us
2024-12-19T18:36:13.426Z,-20.1481,168.5242,10,5.1,mww,54,106,2.65,1.04,us,us7000p04r,2025-01-04T19:08:10.040Z,"103 km SW of Isangel, Vanuatu",earthquake,9.74,1.868,0.083,14,reviewed,us,us
2024-12-19T16:51:21.717Z,5.6191,127.0599,74.798,4.8,mb,119,94,2.06,0.58,us,us7000p03u,2025-01-23T20:27:16.040Z,"127 km SE of Pondaguitan, Philippines",earthquake,8.19,5.88,0.054,111,reviewed,us,us
2024-12-19T15:40:41.104Z,17.5878,119.646,10,4.6,mb,25,133,5.374,0.86,us,us7000p02g,2025-01-23T20:22:49.040Z,"75 km W of Cabittaogan, Philippines",earthquake,12.31,1.905,0.114,25,reviewed,us,us
2024-12-19T15:17:16.955Z,-4.1271,151.9041,248.532,4.6,mb,54,86,0.266,1.06,us,us7000p02d,2025-01-12T20:28:36.040Z,"29 km WNW of Rabaul, Papua New Guinea",earthquake,9.74,6.309,0.079,48,reviewed,us,us
2024-12-19T12:51:33.734Z,17.4547,119.3927,10,4.5,mb,29,126,5.566,1.31,us,us6000phiv,2025-01-29T11:01:06.040Z,"103 km W of Cabittaogan, Philippines",earthquake,10.77,1.917,0.156,15,reviewed,us,us
2024-12-19T11:54:56.591Z,16.7275,147.2516,47.42,4.5,mb,26,152,2.041,0.45,us,us6000phiu,2025-01-29T10:49:45.040Z,"231 km NE of Saipan, Northern Mariana Islands",earthquake,12.77,8.497,0.118,21,reviewed,us,us
2024-12-19T10:51:31.384Z,-6.3731,130.2604,153.71,4.6,mb,43,71,1.872,0.61,us,us7000p00a,2025-01-29T12:44:48.040Z,"287 km WSW of Tual, Indonesia",earthquake,5.55,7.704,0.093,34,reviewed,us,us
2024-12-19T10:43:58.808Z,-17.6709,168.0946,35,4.7,mb,25,188,4.601,0.71,us,us6000phir,2025-01-29T10:38:41.040Z,"24 km WNW of Port-Vila, Vanuatu",earthquake,13.28,1.977,0.126,19,reviewed,us,us
2024-12-19T10:37:34.002Z,-60.6243,-25.6538,10,4.6,mb,25,69,14.28,0.73,us,us6000phiq,2025-01-29T10:28:19.040Z,"South Sandwich Islands region",earthquake,5.52,1.911,0.122,24,reviewed,us,us
2024-12-19T07:24:03.776Z,-11.0116,165.8134,80.428,4.5,mb,25,140,5.981,0.47,us,us6000phii,2025-01-08T13:33:58.040Z,"31 km S of Lata, Solomon Islands",earthquake,13.08,6.981,0.131,17,reviewed,us,us
2024-12-19T06:59:34.597Z,17.5842,119.5736,10,4.6,mb,47,120,5.395,0.51,us,us6000phif,2025-01-08T13:31:13.040Z,"83 km W of Cabittaogan, Philippines",earthquake,13.55,1.903,0.094,34,reviewed,us,us
2024-12-19T06:57:34.728Z,-33.6476,-179.4454,10,4.5,mb,12,163,4.314,0.31,us,us6000phid,2025-01-08T13:27:59.040Z,"south of the Kermadec Islands",earthquake,12.36,1.968,0.18,9,reviewed,us,us
2024-12-19T06:55:00.503Z,17.6226,119.6247,10,5.1,mb,92,106,5.346,0.71,us,us7000nzzc,2025-01-08T13:23:07.040Z,"78 km W of Cabittaogan, Philippines",earthquake,6.14,1.89,0.066,73,reviewed,us,us
2024-12-19T06:42:24.830Z,17.6019,119.5289,10,5.1,mb,70,118,5.763,0.63,us,us7000nzza,2025-01-08T12:33:48.040Z,"88 km W of Cabittaogan, Philippines",earthquake,12.35,1.901,0.075,57,reviewed,us,us
2024-12-19T06:16:25.285Z,-2.2551,128.1623,10,4.6,mb,21,79,2.845,0.96,us,us7000nzys,2025-01-08T12:18:50.040Z,"146 km NW of Masohi, Indonesia",earthquake,8.18,1.912,0.133,17,reviewed,us,us
2024-12-19T03:43:11.719Z,17.5823,119.5511,10,4.6,mb,40,126,5.402,0.75,us,us6000phia,2025-01-11T01:10:39.040Z,"85 km W of Cabittaogan, Philippines",earthquake,13.55,1.904,0.107,26,reviewed,us,us
2024-12-19T02:46:30.951Z,-56.4736,147.5032,10,4.6,mb,22,120,6.795,1.2,us,us7000nzy4,2025-01-24T04:14:20.040Z,"west of Macquarie Island",earthquake,9.99,1.89,0.125,19,reviewed,us,us
2024-12-19T02:15:16.010Z,-8.3654,159.7562,10,4.5,mb,17,187,1.083,0.6,us,us6000phi7,2025-01-11T00:03:45.040Z,"30 km SE of Buala, Solomon Islands",earthquake,7.62,1.852,0.131,17,reviewed,us,us
2024-12-19T02:12:40.361Z,17.7161,119.4621,10,4.6,mb,33,130,5.297,0.46,us,us7000nzxx,2025-01-12T04:18:00.040Z,"95 km W of Puro Pinget, Philippines",earthquake,14.58,1.852,0.132,17,reviewed,us,us
2024-12-19T02:07:02.512Z,-56.2848,147.3332,10,5.7,mww,54,68,6.851,0.93,us,us7000nzxv,2025-01-24T04:09:16.184Z,"west of Macquarie Island",earthquake,10.48,1.849,0.053,34,reviewed,us,us
2024-12-19T01:32:07.980Z,-16.9401,-64.4914,579.068,4.5,mb,114,23,1.672,0.68,us,us7000nzxn,2025-01-12T03:58:47.040Z,"70 km E of Chimoré, Bolivia",earthquake,10.56,7.955,0.061,77,reviewed,us,us
2024-12-19T01:17:14.642Z,-0.9215,98.9675,27.553,4.6,mb,39,181,2.612,0.67,us,us7000nzxm,2025-01-12T03:54:17.040Z,"132 km WSW of Pariaman, Indonesia",earthquake,9.52,6.175,0.109,25,reviewed,us,us
2024-12-19T01:09:51.222Z,17.608,119.5738,10,5.1,mb,148,109,5.372,0.72,us,us7000nzxl,2025-01-12T03:52:36.426Z,"83 km W of Cabittaogan, Philippines",earthquake,9.77,1.875,0.052,122,reviewed,us,us
2024-12-19T00:16:55.422Z,-6.3743,130.2604,158.689,4.5,mb,45,87,1.874,0.5,us,us7000nzxd,2025-01-16T04:23:14.040Z,"287 km WSW of Tual, Indonesia",earthquake,10.19,7.985,0.089,37,reviewed,us,us
2024-12-18T20:15:36.580Z,-58.5761,-25.1297,35,4.7,mb,40,75,7.622,0.76,us,us7000nzvv,2025-01-06T22:41:32.040Z,"South Sandwich Islands region",earthquake,10.85,1.868,0.099,31,reviewed,us,us
2024-12-18T20:12:51.935Z,-60.539,-26.5165,10,5,mb,42,214,8.257,0.33,us,us7000nzvy,2025-01-06T22:52:04.040Z,"South Sandwich Islands region",earthquake,15.06,1.915,0.098,33,reviewed,us,us
2024-12-18T19:18:35.289Z,-50.3238,112.7853,10,4.5,mb,14,144,21.372,0.4,us,us6000phhd,2025-01-13T18:55:31.040Z,"southeast Indian Ridge",earthquake,21.29,1.948,0.156,12,reviewed,us,us
2024-12-18T19:04:30.518Z,17.6118,119.5083,10,4.7,mb,71,114,5.385,0.64,us,us7000nzvi,2025-01-07T17:26:55.040Z,"90 km W of Cabittaogan, Philippines",earthquake,11.97,1.885,0.067,68,reviewed,us,us
2024-12-18T18:15:07.504Z,17.5952,119.4341,10,4.5,mb,33,126,5.42,0.75,us,us6000phha,2025-01-07T16:01:05.040Z,"98 km W of Cabittaogan, Philippines",earthquake,14.25,1.924,0.11,24,reviewed,us,us
2024-12-18T17:53:26.610Z,-17.6764,167.9999,68.659,5.2,mww,126,50,4.528,0.73,us,us7000nzux,2025-01-07T15:40:02.040Z,"33 km WNW of Port-Vila, Vanuatu",earthquake,8.99,4.35,0.063,24,reviewed,us,us
2024-12-18T17:38:13.678Z,17.6053,119.4867,10,4.5,mb,27,141,5.397,0.65,us,us6000phhq,2025-01-07T16:16:44.040Z,"92 km W of Cabittaogan, Philippines",earthquake,15.22,1.934,0.163,11,reviewed,us,us
2024-12-18T17:33:20.158Z,-59.2427,-25.7298,35,4.5,mb,23,129,7.718,0.79,us,us6000phhr,2025-01-06T22:18:27.040Z,"South Sandwich Islands region",earthquake,15.81,1.916,0.144,14,reviewed,us,us
2024-12-18T17:07:57.984Z,-16.7662,66.8256,10,4.6,mb,22,81,39.26,0.3,us,us6000phh8,2025-01-06T22:00:10.040Z,"Mid-Indian Ridge",earthquake,9.96,1.88,0.142,15,reviewed,us,us
2024-12-18T16:26:46.038Z,57.2773,-33.7445,10,4.6,mb,71,128,9.597,0.98,us,us7000nzuh,2025-01-12T00:01:59.040Z,"Reykjanes Ridge",earthquake,11.19,1.933,0.069,62,reviewed,us,us
2024-12-18T16:02:49.353Z,17.4967,119.506,10,4.5,mb,34,84,24.014,0.79,us,us6000phh5,2025-01-24T02:50:12.040Z,"91 km W of Cabittaogan, Philippines",earthquake,13.87,1.905,0.108,25,reviewed,us,us
2024-12-18T15:30:42.292Z,-17.4406,168.5128,10,4.6,mb,21,260,5.002,0.72,us,us6000phh4,2025-01-09T06:25:11.040Z,"38 km NNE of Port-Vila, Vanuatu",earthquake,14.18,1.993,0.136,16,reviewed,us,us
2024-12-18T09:52:25.760Z,-31.5324,-68.8933,103.659,4.8,mww,90,42,0.179,0.58,us,us7000nzrr,2025-01-05T12:18:41.040Z,"15 km W of Villa Basilio Nievas, Argentina",earthquake,8.12,6.459,0.069,20,reviewed,us,us
2024-12-18T09:08:54.328Z,-35.9333,-102.102,10,5.2,mww,69,149,19.244,0.84,us,us7000nzrn,2025-01-05T12:09:47.040Z,"southeast of Easter Island",earthquake,14.77,1.903,0.08,15,reviewed,us,us
2024-12-18T08:30:20.151Z,45.8759,151.4013,67.04,4.6,mb,70,134,6.072,0.67,us,us7000nzr0,2025-01-29T12:24:24.040Z,"284 km ENE of Kuril’sk, Russia",earthquake,10.14,7.63,0.072,57,reviewed,us,us
2024-12-18T07:37:07.317Z,-2.0347,152.1198,10,4.5,mb,19,143,2.142,0.94,us,us6000phgu,2025-01-29T10:30:52.040Z,"158 km ENE of Kavieng, Papua New Guinea",earthquake,9.66,1.717,0.163,11,reviewed,us,us
2024-12-18T04:09:12.942Z,-20.2333,-69.9153,59.258,5.2,mww,133,59,0.206,1.03,us,us7000nzpr,2025-01-24T03:38:51.040Z,"13 km W of Pozo Almonte, Chile",earthquake,6.47,5.094,0.066,22,reviewed,us,us
2024-12-18T01:34:34.431Z,13.8464,120.7541,213.632,4.7,mb,65,92,8.928,0.78,us,us7000nzpf,2025-01-11T22:33:28.040Z,"5 km E of Hukay, Philippines",earthquake,10.9,8.624,0.081,46,reviewed,us,us
2024-12-18T00:29:08.951Z,33.5889,-38.58,10,5.1,mww,37,68,28.23,0.84,us,us7000nzp7,2025-01-23T22:49:34.040Z,"northern Mid-Atlantic Ridge",earthquake,12.82,1.897,0.071,19,reviewed,us,us
2024-12-17T23:29:28.939Z,-6.2108,133.129,10,4.5,mb,25,79,3.385,0.6,us,us7000nzny,2025-01-15T00:00:14.040Z,"76 km SSE of Tual, Indonesia",earthquake,7.28,1.9,0.144,14,reviewed,us,us
2024-12-17T23:13:58.114Z,-17.8702,168.1839,35,4.6,mb,14,156,4.488,0.36,us,us6000phgk,2025-01-23T22:43:34.040Z,"20 km SW of Port-Vila, Vanuatu",earthquake,8.46,1.961,0.165,11,reviewed,us,us
2024-12-17T22:46:22.058Z,11.1812,-87.0278,10,4.5,mb,68,189,1.228,0.57,us,us7000nzqj,2025-01-15T00:07:28.040Z,"87 km SW of Masachapa, Nicaragua",earthquake,6.49,1.948,0.072,57,reviewed,us,us
2024-12-17T22:10:40.305Z,-18.1662,-178.2957,549.327,5.6,mww,120,26,2.791,0.73,us,us7000nznb,2025-01-14T23:40:13.840Z,"252 km E of Levuka, Fiji",earthquake,10.04,5.085,0.089,12,reviewed,us,us
2024-12-17T21:41:09.942Z,-6.7821,130.2227,128.765,5.2,mww,94,44,2.267,0.52,us,us7000nzn6,2025-01-14T23:37:05.702Z,"Banda Sea",earthquake,10.16,4.524,0.075,17,reviewed,us,us
2024-12-17T21:03:20.021Z,11.9832,-88.1033,10,4.6,mb,27,201,1.492,1.02,us,us7000nzmv,2025-01-14T23:23:22.040Z,"110 km SW of Jiquilillo, Nicaragua",earthquake,5.24,1.971,0.084,42,reviewed,us,us
2024-12-17T20:02:05.664Z,-17.6231,168.1029,69.511,4.8,mb,42,125,4.637,0.96,us,us7000nzmj,2025-01-06T20:50:21.040Z,"25 km WNW of Port-Vila, Vanuatu",earthquake,10.65,7.453,0.088,40,reviewed,us,us
2024-12-17T18:29:16.662Z,-17.8366,168.0285,55.138,4.7,mb,44,70,4.449,0.98,us,us7000nzlp,2025-01-06T20:14:46.040Z,"32 km WSW of Port-Vila, Vanuatu",earthquake,9.26,6.626,0.104,28,reviewed,us,us
2024-12-17T18:17:25.485Z,-17.7177,168.1667,59.627,5.5,mww,166,22,4.624,0.6,us,us7000nzln,2025-01-23T21:49:53.350Z,"15 km W of Port-Vila, Vanuatu",earthquake,9.17,4.309,0.059,28,reviewed,us,us
2024-12-17T17:52:10.245Z,-48.1765,104.6186,10,5.2,mww,80,44,17.96,0.46,us,us7000nzlh,2025-01-06T19:48:25.040Z,"southeast Indian Ridge",earthquake,10.59,1.824,0.103,9,reviewed,us,us
2024-12-17T15:44:05.429Z,-37.6126,176.5426,198.787,4.8,mb,93,35,0.786,1.11,us,us7000nzkk,2025-01-15T16:02:15.040Z,"18 km NNE of Maketu, New Zealand",earthquake,6.36,4.92,0.064,78,reviewed,us,us
2024-12-17T15:10:13.443Z,-17.7897,168.1516,72.889,4.6,mb,15,205,4.552,0.65,us,us6000phga,2025-01-14T22:36:07.040Z,"18 km WSW of Port-Vila, Vanuatu",earthquake,4.71,12.514,0.172,10,reviewed,us,us
2024-12-17T13:46:09.713Z,-44.0288,39.0453,10,4.5,mb,14,81,9.357,0.86,us,us6000phgd,2025-01-14T19:35:30.040Z,"Prince Edward Islands region",earthquake,13.29,1.729,0.181,10,reviewed,us,us
2024-12-17T13:11:18.418Z,36.2615,139.9292,76.086,4.5,mb,133,77,1.416,0.54,us,us7000nzj3,2025-01-14T19:22:51.226Z,"5 km SE of Yūki, Japan",earthquake,6.46,6.319,0.053,110,reviewed,us,us
2024-12-17T12:53:26.593Z,-7.5539,127.7469,151.929,4.6,mb,63,60,3.698,0.59,us,us7000nziy,2025-01-16T13:01:19.040Z,"135 km NE of Lospalos, Timor Leste",earthquake,9.59,7.586,0.076,51,reviewed,us,us
2024-12-17T11:05:37.249Z,5.1686,127.4188,138.792,5,mb,109,37,2.629,0.7,us,us7000nzih,2025-01-16T15:00:35.040Z,"190 km SE of Pondaguitan, Philippines",earthquake,7.75,6.628,0.042,176,reviewed,us,us
2024-12-17T10:49:13.935Z,-17.6913,168.1182,46.776,5.2,mb,69,109,4.606,0.5,us,us7000nzig,2025-01-16T13:39:32.040Z,"21 km WNW of Port-Vila, Vanuatu",earthquake,10.06,5.852,0.075,59,reviewed,us,us
2024-12-17T09:59:56.282Z,-17.6661,168.1187,58.427,4.8,mb,39,123,4.622,0.42,us,us7000nzi7,2025-01-16T13:22:10.040Z,"22 km WNW of Port-Vila, Vanuatu",earthquake,9.09,6.823,0.098,32,reviewed,us,us
2024-12-17T09:22:31.550Z,8.3722,-103.1132,10,5.3,mww,127,183,10.151,0.44,us,us7000nzi3,2025-01-16T15:20:52.040Z,"northern East Pacific Rise",earthquake,11.18,1.927,0.086,13,reviewed,us,us
2024-12-17T07:47:16.100Z,-17.8156,168.0421,57.245,4.7,mb,35,186,4.472,0.92,us,us7000nzhp,2025-01-16T10:06:06.040Z,"30 km WSW of Port-Vila, Vanuatu",earthquake,12.32,8.838,0.12,26,reviewed,us,us
2024-12-17T07:37:38.870Z,9.6861,122.6582,35,5.1,mb,74,57,3.887,0.82,us,us7000nzhl,2025-01-29T11:52:41.040Z,"15 km SSE of Candoni, Philippines",earthquake,8.14,1.798,0.072,63,reviewed,us,us
2024-12-17T07:36:41.418Z,-7.4951,155.5224,10,4.9,mb,53,62,4.683,1.11,us,us7000nzhk,2025-01-29T11:49:19.040Z,"130 km S of Panguna, Papua New Guinea",earthquake,8.53,1.866,0.078,88,reviewed,us,us
2024-12-17T07:17:51.828Z,-60.3561,-28.624,10,5.3,mb,52,46,7.424,0.82,us,us7000nzhh,2025-01-16T07:34:17.040Z,"South Sandwich Islands region",earthquake,11.01,1.819,0.07,68,reviewed,us,us
2024-12-17T06:57:06.169Z,53.1939,-166.8387,47.376,4.5,mb,90,166,0.601,1.02,us,us7000nzhd,2025-01-14T13:47:47.040Z,"78 km SSW of Unalaska, Alaska",earthquake,4.98,7.45,0.057,89,reviewed,us,us
2024-12-17T05:17:00.469Z,-17.9037,167.9902,56.45,4.6,mb,35,116,4.379,0.81,us,us7000nzgm,2025-01-13T11:41:19.040Z,"38 km WSW of Port-Vila, Vanuatu",earthquake,10.02,6.61,0.107,29,reviewed,us,us
2024-12-17T05:05:55.488Z,0.9225,-29.1417,10,5.3,mb,81,39,17.164,0.62,us,us7000nzgl,2025-01-13T11:21:46.040Z,"central Mid-Atlantic Ridge",earthquake,10.99,1.814,0.036,260,reviewed,us,us
2024-12-17T05:02:55.362Z,-18.0177,167.8332,41.8,4.7,mb,32,75,4.192,1.15,us,us7000nzgk,2025-01-13T09:12:59.040Z,"59 km WSW of Port-Vila, Vanuatu",earthquake,5.03,8.223,0.123,25,reviewed,us,us
2024-12-17T04:41:35.448Z,-18.0268,167.9841,40.926,4.6,mb,30,145,4.276,0.54,us,us6000phfw,2025-01-16T02:24:55.040Z,"47 km SW of Port-Vila, Vanuatu",earthquake,10.26,7.139,0.105,27,reviewed,us,us
2024-12-17T04:39:34.738Z,-41.8496,174.3749,24.812,4.5,mb,37,64,0.594,0.78,us,us7000nzge,2025-01-16T02:19:56.899Z,"50 km SE of Witherlea, New Zealand",earthquake,3.51,6.224,0.156,12,reviewed,us,us
2024-12-17T04:18:41.361Z,-17.8874,168.0086,30.324,5.4,mb,118,28,4.403,0.49,us,us7000nzgb,2025-01-16T01:05:41.439Z,"36 km WSW of Port-Vila, Vanuatu",earthquake,9.26,3.962,0.061,91,reviewed,us,us
2024-12-17T04:09:33.867Z,31.0848,130.3315,162.337,5.4,mb,252,75,0.436,0.71,us,us7000nzg7,2025-01-16T01:03:57.445Z,"20 km S of Makurazaki, Japan",earthquake,6.88,4.074,0.04,211,reviewed,us,us
2024-12-17T04:07:08.148Z,-18.0173,168.0693,44.831,4.7,mb,30,162,4.313,0.63,us,us7000nzg9,2025-01-15T05:17:34.040Z,"40 km SW of Port-Vila, Vanuatu",earthquake,11.94,4.6,0.118,22,reviewed,us,us
2024-12-17T03:48:17.059Z,-17.9808,168.0051,42.546,5,mb,83,107,4.326,0.56,us,us7000nzg6,2025-01-15T04:46:04.040Z,"42 km SW of Port-Vila, Vanuatu",earthquake,10.85,5.688,0.073,60,reviewed,us,us
2024-12-17T03:37:43.306Z,-17.8564,167.9486,47.879,5,mb,51,49,4.377,0.73,us,us7000nzg0,2025-01-15T03:37:54.040Z,"40 km WSW of Port-Vila, Vanuatu",earthquake,9.72,5.635,0.094,36,reviewed,us,us
2024-12-17T03:08:28.775Z,-17.639,168.0907,49.116,4.6,mb,19,209,4.618,0.4,us,us6000phgr,2025-01-15T02:34:20.040Z,"25 km WNW of Port-Vila, Vanuatu",earthquake,10.94,7.946,0.151,13,reviewed,us,us
2024-12-17T03:06:24.627Z,-17.9859,167.7648,35,4.7,mb,35,96,4.16,0.78,us,us7000nzfs,2025-01-15T02:07:04.040Z,"64 km WSW of Port-Vila, Vanuatu",earthquake,9.84,1.892,0.104,28,reviewed,us,us
2024-12-17T02:48:54.797Z,-17.46,167.5973,37.4,4.6,mb,23,154,4.389,0.57,us,us6000phfs,2025-01-15T01:59:01.040Z,"81 km WNW of Port-Vila, Vanuatu",earthquake,13.38,8.392,0.129,18,reviewed,us,us
2024-12-17T02:27:19.306Z,-52.7455,25.8918,10,4.6,mb,10,116,20.683,0.68,us,us6000phf7,2025-01-14T23:38:45.040Z,"south of Africa",earthquake,15.86,1.948,0.182,9,reviewed,us,us
2024-12-17T01:53:13.001Z,-17.7504,168.0123,49.188,5.3,mb,24,80,2.418,0.65,us,us7000nzf4,2025-01-14T22:59:43.332Z,"31 km W of Port-Vila, Vanuatu",earthquake,8.55,3.593,0.137,18,reviewed,us,us
2024-12-17T01:47:25.741Z,-17.6914,168.0842,54.372,7.3,mww,246,18,2.386,0.64,us,us7000nzf3,2025-02-03T19:16:32.316Z,"24 km WNW of Port-Vila, Vanuatu",earthquake,6.75,4.068,0.036,73,reviewed,us,us
2024-12-17T01:37:00.910Z,24.8835,128.1097,10,4.6,mb,36,94,1.95,0.55,us,us6000phf6,2025-01-14T04:42:30.040Z,"144 km SSE of Itoman, Japan",earthquake,7.15,1.898,0.109,25,reviewed,us,us
2024-12-16T23:42:11.190Z,48.2882,152.9704,158.862,4.5,mb,63,114,5.683,0.7,us,us7000nzee,2025-01-14T23:15:56.040Z,"Kuril Islands",earthquake,10.19,5.932,0.068,64,reviewed,us,us
2024-12-16T22:24:29.719Z,-3.4051,149.6306,10,4.6,mb,22,84,2.635,0.95,us,us7000nzdy,2025-01-23T22:08:23.040Z,"158 km SW of Kavieng, Papua New Guinea",earthquake,8.35,1.916,0.133,17,reviewed,us,us
2024-12-16T18:12:14.521Z,-21.5212,171.3756,39.058,4.9,mww,27,119,3.803,0.68,us,us7000nzaq,2025-01-24T14:34:24.040Z,"southeast of the Loyalty Islands",earthquake,7.34,7.766,0.103,9,reviewed,us,us
2024-12-16T17:28:35.689Z,-27.9283,-66.5846,162.331,4.5,mb,30,90,3.392,0.9,us,us7000nzae,2025-01-04T18:57:13.040Z,"46 km SW of Andalgalá, Argentina",earthquake,8.41,8.258,0.144,14,reviewed,us,us
2024-12-16T16:18:19.167Z,-27.7104,63.9341,10,4.6,mb,14,79,15.442,0.36,us,us6000ph90,2025-01-05T22:34:38.040Z,"Southwest Indian Ridge",earthquake,13.27,1.892,0.207,7,reviewed,us,us
2024-12-16T14:07:48.936Z,13.211,145.6385,19.076,5,mb,66,101,0.838,0.62,us,us6000ph8y,2025-02-10T14:17:55.624Z,"88 km ESE of Yigo Village, Guam",earthquake,7.53,4.758,0.07,66,reviewed,us,us
2024-12-16T14:02:40.711Z,-3.2712,35.8467,10,4.5,mb,17,133,2.241,0.9,us,us6000ph96,2025-01-05T21:21:12.040Z,"8 km N of Mto wa Mbu, Tanzania",earthquake,8.87,1.813,0.205,7,reviewed,us,us
2024-12-16T13:55:22.715Z,-29.4508,60.7651,10,4.6,mb,25,106,9.412,1,us,us6000ph8x,2025-01-05T21:13:24.040Z,"Southwest Indian Ridge",earthquake,14.58,1.669,0.206,7,reviewed,us,us
2024-12-16T12:48:59.280Z,9.0185,126.6165,34.02,4.5,mb,41,71,2.192,0.73,us,us7000nz9f,2025-01-13T09:00:38.040Z,"36 km ENE of Aras-asan, Philippines",earthquake,8.78,4.56,0.111,30,reviewed,us,us
2024-12-16T10:14:44.155Z,-3.8297,129.3035,24.808,5.5,mww,96,60,0.912,0.88,us,us7000nz8f,2025-01-29T22:32:06.369Z,"68 km SE of Amahai, Indonesia",earthquake,6.11,4.779,0.065,23,reviewed,us,us
2024-12-16T08:56:21.300Z,-26.9424,-113.704,10,4.5,mb,23,68,3.813,0.44,us,us6000ph8q,2025-01-29T07:58:39.040Z,"Easter Island region",earthquake,13.49,1.88,0.136,16,reviewed,us,us
2024-12-16T07:16:49.599Z,-7.885,121.0755,10,4.8,mb,51,51,1.371,0.28,us,us7000nz7l,2025-01-15T14:51:13.040Z,"104 km NE of Ruteng, Indonesia",earthquake,4.89,1.858,0.091,41,reviewed,us,us
2024-12-16T06:07:53.737Z,-22.2479,-70.0028,50.841,4.6,mwr,68,122,0.305,0.54,us,us7000nz71,2025-01-16T14:43:07.040Z,"26 km SE of Tocopilla, Chile",earthquake,4.3,5.685,0.063,24,reviewed,us,us
2024-12-16T05:26:39.189Z,-6.1626,147.6679,66.248,4.6,mb,32,74,3.26,0.41,us,us7000nz6s,2025-01-16T13:11:14.040Z,"47 km NNW of Finschhafen, Papua New Guinea",earthquake,8.4,3.48,0.109,26,reviewed,us,us
2024-12-16T03:50:05.045Z,-1.2187,99.8064,57.78,5.1,mb,127,40,3.355,0.66,us,us7000nz6g,2025-01-14T02:59:50.040Z,"67 km WSW of Padang, Indonesia",earthquake,7.59,4.958,0.059,94,reviewed,us,us
2024-12-16T02:34:00.820Z,30.0363,130.4411,66.417,4.6,mb,41,131,1.468,0.65,us,us7000nz66,2025-01-10T05:32:58.040Z,"22 km S of Yudomari, Japan",earthquake,7.2,7.968,0.099,30,reviewed,us,us
2024-12-16T01:20:36.082Z,-62.4933,-161.8819,10,5.1,mww,22,73,18.273,1.25,us,us6000ph8b,2025-01-10T04:59:23.040Z,"Pacific-Antarctic Ridge",earthquake,14.78,1.743,0.11,8,reviewed,us,us
2024-12-16T00:09:46.958Z,36.5002,1.4923,9.304,5,mb,54,44,2.27,0.52,us,us7000nz5t,2025-01-03T00:59:12.697Z,"17 km ENE of Sidi Akkacha, Algeria",earthquake,8.72,4.574,0.064,78,reviewed,us,us
2024-12-15T21:42:38.965Z,52.864,160.2654,39.447,5.1,mb,122,83,0.991,0.89,us,us7000nz5a,2025-01-07T04:14:07.040Z,"112 km ESE of Petropavlovsk-Kamchatsky, Russia",earthquake,7.66,5.538,0.033,301,reviewed,us,us
2024-12-15T21:12:19.706Z,-47.2108,-13.263,10,5,mb,47,74,10.16,0.58,us,us7000nz57,2025-01-07T04:12:28.040Z,"southern Mid-Atlantic Ridge",earthquake,10.95,1.884,0.084,45,reviewed,us,us
2024-12-15T21:08:24.119Z,1.5556,25.9986,10,4.5,mb,17,79,11.563,0.94,us,us6000ph80,2025-01-17T03:30:52.040Z,"145 km NE of Kisangani, Democratic Republic of the Congo",earthquake,8.14,1.905,0.163,11,reviewed,us,us
2024-12-15T17:35:13.123Z,32.4416,141.7927,10,4.5,mb,42,123,1.797,0.95,us,us7000nz49,2025-01-03T19:22:55.040Z,"Izu Islands, Japan region",earthquake,9.28,1.895,0.111,24,reviewed,us,us
2024-12-15T16:23:41.855Z,-47.108,165.9801,10,4.5,mb,34,120,1.058,0.81,us,us7000nz3r,2025-01-05T21:16:13.485Z,"177 km WSW of Riverton, New Zealand",earthquake,7.34,1.906,0.15,18,reviewed,us,us
2024-12-15T15:31:48.392Z,1.7934,128.1566,123.604,4.5,mb,48,88,1.286,0.82,us,us7000nz3f,2025-01-05T20:57:05.040Z,"17 km ENE of Tobelo, Indonesia",earthquake,9.8,7.651,0.087,39,reviewed,us,us
2024-12-15T15:03:39.717Z,-18.7256,-175.265,232,5.9,mww,59,104,5.065,0.5,us,us7000nz38,2025-01-06T15:34:20.873Z,"135 km W of Neiafu, Tonga",earthquake,11.36,1.948,0.044,49,reviewed,us,us
2024-12-15T13:52:20.080Z,-8.9975,-109.7369,10,4.6,mb,49,165,18.036,0.99,us,us7000nz7n,2025-01-18T19:06:04.040Z,"central East Pacific Rise",earthquake,14.52,1.932,0.082,48,reviewed,us,us
2024-12-15T11:07:51.052Z,-2.8912,137.4506,54.082,4.5,mb,29,69,3.27,0.53,us,us7000nz1w,2025-01-05T06:47:29.040Z,"222 km ENE of Nabire, Indonesia",earthquake,10.12,1.255,0.113,23,reviewed,us,us
2024-12-15T09:58:33.437Z,16.0802,-98.6778,10,5,mb,149,198,1.478,0.83,us,us7000nz1h,2025-01-18T07:10:32.040Z,"37 km SW of Santiago Tepextla, Mexico",earthquake,6.68,1.948,0.049,134,reviewed,us,us
2024-12-15T07:21:59.240Z,40.4141666666667,-125.183666666667,10,5.25,mw,203,234,0.6455,0.21,nc,nc75103356,2025-01-05T13:44:26.637Z,"77 km WNW of Petrolia, CA",earthquake,0.97,31.61,,16,reviewed,nc,nc
2024-12-15T05:17:18.872Z,-24.9491,-177.3026,166.878,4.5,mb,27,121,4.315,1.08,us,us7000nyze,2025-01-19T07:03:08.040Z,"south of the Fiji Islands",earthquake,15.19,8.781,0.106,26,reviewed,us,us
2024-12-15T03:04:24.142Z,-57.9397,-25.5629,89.673,4.7,mb,34,85,7.121,0.8,us,us7000nyyz,2025-01-08T13:27:40.040Z,"South Sandwich Islands region",earthquake,13.1,8.211,0.096,33,reviewed,us,us
2024-12-15T02:48:33.626Z,-8.0013,117.8225,10,4.8,mb,37,66,0.822,0.74,us,us7000nyyx,2025-01-08T13:39:58.118Z,"59 km NE of Pototano, Indonesia",earthquake,5.23,1.88,0.102,30,reviewed,us,us
2024-12-15T01:33:55.296Z,-8.3288,157.1814,10,5.1,mb,93,47,2.947,0.8,us,us7000nyyk,2025-01-08T22:20:47.040Z,"44 km ESE of Gizo, Solomon Islands",earthquake,8.8,1.76,0.056,104,reviewed,us,us
2024-12-15T01:26:23.594Z,-31.2856,179.7306,454.898,4.5,mb,52,134,2.863,0.96,us,us7000nyyg,2025-01-08T22:16:22.040Z,"Kermadec Islands region",earthquake,13.95,8.352,0.087,39,reviewed,us,us
2024-12-15T00:07:53.316Z,-9.3134,67.0775,10,5.1,mww,38,77,12.398,0.6,us,us7000nyxw,2025-01-04T01:55:19.040Z,"Mid-Indian Ridge",earthquake,12.69,1.901,0.075,17,reviewed,us,us
2024-12-14T22:09:07.668Z,-3.1666,130.8584,10,4.5,mb,35,54,1.41,0.44,us,us7000nyxe,2025-01-18T03:14:10.040Z,"162 km W of Fakfak, Indonesia",earthquake,8.04,1.888,0.095,33,reviewed,us,us
2024-12-14T22:08:20.801Z,-33.3155,-178.4204,10,4.9,mb,27,121,4.063,1.22,us,us7000nyxd,2025-01-18T03:11:14.040Z,"south of the Kermadec Islands",earthquake,10.89,1.895,0.126,20,reviewed,us,us
2024-12-14T21:47:53.489Z,-0.8684,-21.7169,10,4.5,mb,21,82,10.148,0.88,us,us6000ph6y,2025-01-17T23:04:39.040Z,"central Mid-Atlantic Ridge",earthquake,8.6,1.708,0.136,16,reviewed,us,us
2024-12-14T20:15:59.169Z,54.5924,160.2168,119.756,4.5,mb,79,112,1.826,0.61,us,us7000nywm,2025-01-04T02:05:56.040Z,"103 km E of Mil’kovo, Russia",earthquake,9.77,6.718,0.046,143,reviewed,us,us
2024-12-14T18:19:50.214Z,8.1818,-82.9302,35,4.5,mb,43,164,1.879,0.47,us,us6000ph6u,2025-01-09T15:24:00.040Z,"11 km NW of Limones, Panama",earthquake,8.33,1.975,0.101,31,reviewed,us,us
2024-12-14T17:38:15.481Z,1.5829,126.5578,36.664,5.2,mww,175,44,1.142,0.67,us,us7000nyw2,2025-01-16T22:53:28.040Z,"127 km NW of Ternate, Indonesia",earthquake,6.45,4.8,0.093,11,reviewed,us,us
2024-12-14T16:44:54.365Z,-5.7783,146.5939,63.594,4.6,mb,117,42,3.646,0.77,us,us7000nyvu,2025-01-08T22:56:26.040Z,"98 km NE of Kainantu, Papua New Guinea",earthquake,7.76,1.809,0.054,110,reviewed,us,us
2024-12-14T15:19:42.993Z,27.3306,129.5547,10,4.7,mb,93,56,1.245,0.75,us,us7000nyvn,2025-01-08T21:30:22.529Z,"72 km ESE of Isen, Japan",earthquake,5.18,1.775,0.068,70,reviewed,us,us
2024-12-14T12:54:31.792Z,-21.2804,-67.2526,195.345,4.9,mb,69,43,1.872,1.17,us,us7000nyv3,2025-01-18T10:20:48.040Z,"101 km SSW of Uyuni, Bolivia",earthquake,7.91,6.895,0.03,360,reviewed,us,us
2024-12-14T11:25:37.119Z,-53.5831,140.7719,10,4.6,mb,21,128,16.343,0.88,us,us7000nyuw,2025-01-04T13:00:22.040Z,"west of Macquarie Island",earthquake,15.32,1.957,0.125,19,reviewed,us,us
2024-12-14T10:47:02.465Z,-53.5108,140.4096,10,4.6,mb,26,126,16.325,0.5,us,us7000nyuq,2025-01-04T12:38:40.040Z,"west of Macquarie Island",earthquake,10.75,1.915,0.112,24,reviewed,us,us
2024-12-14T10:20:26.865Z,-38.574,178.5483,10,5.2,mww,38,144,1.028,1.32,us,us7000nyuj,2025-01-05T09:09:46.513Z,"43 km ENE of Wainui, New Zealand",earthquake,7.32,1.941,0.058,29,reviewed,us,us
2024-12-14T05:12:01.925Z,19.9856,145.8071,92.815,4.5,mb,38,145,4.719,0.66,us,us6000ph6c,2025-01-04T12:59:32.040Z,"Maug Islands region, Northern Mariana Islands",earthquake,14.54,9.791,0.102,28,reviewed,us,us
2024-12-14T05:00:04.593Z,-1.169,128.9661,10,4.8,mb,44,90,2.505,0.71,us,us7000nysw,2025-01-04T12:55:43.040Z,"176 km ESE of Labuha, Indonesia",earthquake,4.02,1.887,0.092,36,reviewed,us,us
2024-12-14T04:34:10.690Z,-23.6882,-177.592,183.091,4.5,mb,65,115,5.542,0.64,us,us7000nyst,2025-01-09T06:48:23.040Z,"south of the Fiji Islands",earthquake,12.5,7.07,0.07,60,reviewed,us,us
2024-12-14T03:33:04.771Z,25.4509,142.7382,10,4.6,mb,42,93,1.712,0.7,us,us7000nyrz,2025-01-08T22:02:55.040Z,"Volcano Islands, Japan region",earthquake,10.28,1.866,0.102,29,reviewed,us,us
2024-12-14T03:00:47.468Z,-60.3888,-28.8822,10,5.3,mb,78,55,7.371,1.01,us,us7000nyrt,2025-01-08T22:09:31.040Z,"South Sandwich Islands region",earthquake,11.39,1.787,0.077,56,reviewed,us,us
2024-12-14T00:49:27.943Z,-12.0102,166.1937,10,4.6,mb,22,115,3.554,0.8,us,us6000ph68,2025-01-17T22:51:19.040Z,"148 km SSE of Lata, Solomon Islands",earthquake,9.32,1.882,0.132,19,reviewed,us,us
2024-12-14T00:37:26.072Z,-11.9724,166.0105,35,4.7,mb,32,110,3.643,1.45,us,us7000nyr2,2025-01-18T03:56:48.040Z,"139 km S of Lata, Solomon Islands",earthquake,10.67,1.932,0.108,26,reviewed,us,us
2024-12-14T00:00:56.869Z,16.2971,-98.6595,10,4.5,mb,25,202,0.52,0.8,us,us6000ph66,2025-01-07T00:14:12.040Z,"20 km SW of San Nicolás, Mexico",earthquake,3.27,1.959,0.135,16,reviewed,us,us
2024-12-13T23:38:18.234Z,-35.33,-70.7256,109,6.4,mww,93,61,0.538,0.71,us,us7000nyqr,2025-01-27T20:07:44.786Z,"56 km ESE of Molina, Chile",earthquake,6.16,1.878,0.032,94,reviewed,us,us
2024-12-13T23:23:00.928Z,-48.5702,164.8061,10,4.6,mb,27,103,2.721,1.02,us,us7000nyqp,2025-01-18T03:27:04.040Z,"off the west coast of the South Island of New Zealand",earthquake,10.45,1.873,0.129,18,reviewed,us,us
2024-12-13T22:45:17.882Z,16.5649,146.8354,60.375,4.7,mb,42,157,1.657,1,us,us7000nyqi,2025-01-04T03:32:44.040Z,"189 km NE of Saipan, Northern Mariana Islands",earthquake,11.8,8.209,0.088,39,reviewed,us,us
2024-12-13T22:00:10.494Z,-22.0991,-68.4931,95.137,4.9,mb,64,44,0.758,0.82,us,us7000nyl4,2025-01-04T03:46:42.353Z,"59 km NE of Calama, Chile",earthquake,5.28,5.283,0.072,60,reviewed,us,us
2024-12-13T18:28:15.318Z,36.2935,53.0388,10,4.7,mb,120,88,4.287,0.6,us,us7000nyjb,2025-01-17T15:22:01.040Z,"30 km S of Sari, Iran",earthquake,6.64,1.871,0.054,106,reviewed,us,us
2024-12-13T17:43:47.916Z,-23.1271,-178.8708,487.636,4.5,mb,39,163,6.082,0.76,us,us6000ph5u,2025-01-08T20:10:35.040Z,"south of the Fiji Islands",earthquake,14.96,9.415,0.075,52,reviewed,us,us
2024-12-13T16:23:07.014Z,-35.8269,178.9444,95.127,4.7,mb,31,104,1.806,0.71,us,us7000nyi1,2025-01-04T21:19:56.040Z,"205 km NNE of Hicks Bay, New Zealand",earthquake,10.74,8.052,0.099,31,reviewed,us,us
2024-12-13T16:19:59.386Z,-21.7358,-67.2807,187.713,4.6,mb,38,54,1.468,0.95,us,us7000nyhz,2025-01-04T21:17:03.040Z,"115 km ESE of Ollagüe, Chile",earthquake,7.97,7.476,0.095,33,reviewed,us,us
2024-12-13T14:05:15.999Z,-6.933,129.7899,155.44,4.5,mb,35,99,2.397,0.58,us,us7000nyfl,2025-01-04T11:47:58.040Z,"Banda Sea",earthquake,9.86,8.711,0.087,39,reviewed,us,us
2024-12-13T09:07:54.344Z,-54.2346,-134.1862,10,4.7,mb,30,109,32.195,0.33,us,us6000ph5k,2025-01-09T13:57:43.040Z,"Pacific-Antarctic Ridge",earthquake,14.5,1.772,0.102,29,reviewed,us,us
2024-12-13T08:52:58.959Z,14.355,-92.9259,38.466,4.7,mb,57,156,1.011,1.19,us,us7000nydz,2025-01-18T10:15:47.040Z,"67 km SW of Puerto Madero, Mexico",earthquake,6.19,8.728,0.036,234,reviewed,us,us
2024-12-13T08:34:13.155Z,40.3294,24.0845,10,4.6,mwr,68,47,1.242,0.91,us,us7000nydx,2025-01-05T14:05:32.638Z,"8 km E of Ouranoupolis, Greece",earthquake,5.55,1.852,0.098,10,reviewed,us,us
2024-12-13T06:56:17.781Z,50.8662,-176.9958,10,5,mb,89,132,0.909,0.81,us,us7000nycy,2025-01-18T08:01:27.040Z,"114 km SSW of Adak, Alaska",earthquake,4.36,1.857,0.037,232,reviewed,us,us
2024-12-13T03:18:00.104Z,-14.6721,167.3757,154.4,4.6,mb,81,117,0.788,0.57,us,us7000nyc5,2025-01-08T17:25:18.216Z,"52 km NE of Port-Olry, Vanuatu",earthquake,11.31,4.918,0.069,62,reviewed,us,us
2024-12-13T00:26:31.070Z,-24.2785,-67.1367,168.742,4.7,mww,84,35,1.63,0.94,us,us7000nyag,2025-01-18T00:44:16.040Z,"83 km W of San Antonio de los Cobres, Argentina",earthquake,8.23,6.376,0.089,12,reviewed,us,us
2024-12-12T22:30:58.934Z,-12.8599,166.2438,10,4.6,mb,23,145,2.735,0.95,us,us6000ph4t,2025-01-07T00:08:55.040Z,"180 km NW of Sola, Vanuatu",earthquake,6.98,1.895,0.122,21,reviewed,us,us
2024-12-12T20:03:07.920Z,-12.009,165.9852,10,4.7,mb,48,113,3.617,0.69,us,us7000ny8p,2025-01-03T18:58:34.040Z,"143 km S of Lata, Solomon Islands",earthquake,10,1.876,0.086,41,reviewed,us,us
2024-12-12T19:55:19.950Z,30.5343,141.8867,10,5.1,mb,106,119,3.12,0.59,us,us7000ny8l,2025-01-03T18:56:50.040Z,"Izu Islands, Japan region",earthquake,8.55,1.859,0.056,109,reviewed,us,us
2024-12-12T19:46:40.006Z,-11.9574,166.1153,10,5.2,mww,45,143,3.626,0.68,us,us7000ny8h,2025-01-17T17:45:59.040Z,"140 km SSE of Lata, Solomon Islands",earthquake,10.23,1.88,0.089,12,reviewed,us,us
2024-12-12T19:41:36.273Z,-17.4186,-178.8261,547.715,4.9,mb,79,70,1.964,0.75,us,us7000ny8g,2025-01-17T14:29:18.040Z,"209 km ENE of Levuka, Fiji",earthquake,11.91,7.76,0.063,78,reviewed,us,us
2024-12-12T19:37:09.077Z,-12.0104,166.179,10,5.3,mww,62,76,3.558,0.57,us,us7000ny8e,2025-01-03T18:29:28.040Z,"148 km SSE of Lata, Solomon Islands",earthquake,7.72,1.88,0.069,20,reviewed,us,us
2024-12-12T17:31:24.574Z,-11.9988,166.2374,10,4.6,mb,28,115,3.554,0.76,us,us6000ph50,2025-01-03T18:17:17.040Z,"148 km SSE of Lata, Solomon Islands",earthquake,7.56,1.789,0.119,23,reviewed,us,us
2024-12-12T17:29:51.136Z,-12.021,166.116,10,5.2,mww,61,141,3.566,0.58,us,us7000ny80,2025-01-17T14:22:50.040Z,"147 km SSE of Lata, Solomon Islands",earthquake,9.74,1.871,0.071,19,reviewed,us,us
2024-12-12T08:47:40.963Z,-17.9983,-178.4779,591.984,4.5,mb,91,121,2.552,0.52,us,us7000ny42,2025-01-04T12:51:01.040Z,"233 km E of Levuka, Fiji",earthquake,14.51,8.97,0.06,83,reviewed,us,us
2024-12-12T06:36:26.901Z,-0.8133,99.4219,10,4.8,mb,30,186,2.798,1.14,us,us7000ny3m,2025-01-04T12:33:30.040Z,"80 km WSW of Pariaman, Indonesia",earthquake,10.14,1.944,0.127,19,reviewed,us,us
2024-12-12T02:16:40.711Z,-10.1599,151.9315,10,4.7,mb,38,71,4.763,0.66,us,us7000ny2f,2025-01-18T02:46:36.040Z,"147 km ENE of Samarai, Papua New Guinea",earthquake,7.46,1.818,0.113,25,reviewed,us,us
2024-12-12T02:02:14.531Z,-24.5509,-179.6313,502.89,4.9,mb,48,101,4.916,1.21,us,us7000ny2e,2025-01-05T05:00:59.040Z,"south of the Fiji Islands",earthquake,9.78,9.453,0.086,42,reviewed,us,us
2024-12-12T01:51:35.405Z,-14.987,-178.4335,10,5.5,mww,132,60,0.74,0.73,us,us7000ny28,2025-01-18T02:28:02.182Z,"82 km SSW of Leava, Wallis and Futuna",earthquake,6.32,1.787,0.062,25,reviewed,us,us
2024-12-11T22:36:53.154Z,-12.0601,165.9593,10,4.5,mb,38,84,3.577,0.94,us,us6000ph23,2025-01-09T05:08:40.040Z,"148 km S of Lata, Solomon Islands",earthquake,3.29,1.883,0.102,28,reviewed,us,us
2024-12-11T20:57:12.773Z,-30.5243,-178.2075,49.38,5.1,mww,128,29,1.283,0.83,us,us7000nxya,2025-01-05T20:20:58.040Z,"Kermadec Islands, New Zealand",earthquake,9.23,4.201,0.08,15,reviewed,us,us
2024-12-11T19:54:47.920Z,-7.1593,129.7249,139.638,4.6,mb,31,87,2.626,0.75,us,us7000nxxr,2025-01-05T19:57:55.040Z,"Kepulauan Babar, Indonesia",earthquake,7.8,7.436,0.128,18,reviewed,us,us
2024-12-11T18:26:12.710Z,10.7928,-62.351,74.824,4.6,mb,81,92,1.496,0.92,us,us7000nxxb,2025-01-16T20:36:42.040Z,"24 km NNW of Güiria, Venezuela",earthquake,8.1,5.989,0.078,50,reviewed,us,us
2024-12-11T16:43:59.405Z,-12.0283,166.1557,10,5.4,mww,95,44,3.547,0.7,us,us7000nxwu,2025-01-18T02:17:58.267Z,"149 km SSE of Lata, Solomon Islands",earthquake,4.65,1.863,0.063,24,reviewed,us,us
2024-12-11T16:22:03.328Z,-12.3231,167.0791,231.122,4.7,mb,95,49,3.108,0.7,us,us7000nxwm,2025-01-05T03:58:00.040Z,"179 km NNW of Sola, Vanuatu",earthquake,11.28,6.833,0.063,77,reviewed,us,us
2024-12-11T10:23:35.347Z,-4.3369,102.6968,68.478,5.1,mb,83,53,0.259,0.52,us,us7000nxth,2025-01-04T08:11:21.040Z,"70 km WSW of Pagar Alam, Indonesia",earthquake,4.97,4.886,0.068,71,reviewed,us,us
2024-12-11T06:28:03.293Z,31.6261,141.6276,10,4.6,mb,35,120,2.136,0.71,us,us6000ph1s,2025-01-22T13:00:55.040Z,"Izu Islands, Japan region",earthquake,8.1,1.889,0.136,16,reviewed,us,us
2024-12-11T03:27:58.826Z,-23.5748,-179.7244,531,4.5,mb,45,151,5.872,0.91,us,us7000nxrr,2025-01-05T01:57:50.040Z,"south of the Fiji Islands",earthquake,15.73,9.728,0.093,34,reviewed,us,us
2024-12-11T03:27:57.933Z,5.6886,126.181,113.273,4.5,mb,26,86,1.497,1.06,us,us7000nxrl,2025-01-05T01:52:03.040Z,"64 km ESE of Caburan, Philippines",earthquake,8.98,9.106,0.116,22,reviewed,us,us
2024-12-11T02:07:06.380Z,29.3931,-42.9612,10,4.6,mb,28,121,16.739,0.55,us,us6000ph1u,2025-01-17T22:57:24.040Z,"northern Mid-Atlantic Ridge",earthquake,10.06,1.878,0.122,20,reviewed,us,us
2024-12-11T01:43:31.246Z,-15.6268,-172.5485,10,4.5,mb,21,117,1.862,0.83,us,us6000ph1q,2025-01-03T23:25:28.040Z,"138 km ENE of Hihifo, Tonga",earthquake,7.56,1.922,0.145,14,reviewed,us,us
2024-12-11T01:26:00.061Z,23.5806,94.6445,107.502,4.6,mb,72,106,2.377,0.7,us,us7000nxr5,2025-01-05T01:23:29.040Z,"25 km ESE of Mawlaik, Myanmar",earthquake,11.43,8.191,0.071,59,reviewed,us,us
2024-12-11T00:32:03.686Z,21.2974,-45.8205,10,4.8,mb,32,130,32.944,0.67,us,us6000ph1p,2025-01-07T04:02:48.040Z,"northern Mid-Atlantic Ridge",earthquake,7,1.916,0.115,23,reviewed,us,us
2024-12-10T21:26:38.014Z,5.7054,127.3562,35,4.8,mb,39,78,2.226,0.69,us,us7000nxpp,2025-01-17T02:47:48.040Z,"149 km ESE of Pondaguitan, Philippines",earthquake,8.16,1.93,0.082,46,reviewed,us,us
2024-12-10T18:04:34.105Z,51.0964,-177.2531,20,5.9,mww,220,41,0.666,0.63,us,us7000nxnc,2025-01-16T20:28:06.183Z,"96 km SSW of Adak, Alaska",earthquake,4.4,0.681,0.041,57,reviewed,us,us
2024-12-10T14:19:21.994Z,-16.7193,-71.3751,129.637,4.8,mb,43,137,1.915,0.69,us,us7000nxlj,2025-01-07T19:35:37.040Z,"19 km SSE of Quequeña, Peru",earthquake,8.79,11.986,0.053,114,reviewed,us,us
2024-12-10T12:51:27.382Z,-22.4835,-71.4011,10,4.5,mwr,98,137,1.288,0.6,us,us7000nxl2,2025-01-09T12:48:43.040Z,"119 km NW of Mejillones, Chile",earthquake,6.75,1.87,0.086,13,reviewed,us,us
2024-12-10T10:03:02.595Z,36.7617,70.9195,83.199,4.7,mb,88,65,2.351,0.58,us,us7000nxk3,2025-01-09T12:34:02.040Z,"13 km SSE of Jurm, Afghanistan",earthquake,6.41,7.219,0.061,82,reviewed,us,us
2024-12-10T07:50:56.059Z,-35.9913,53.4047,10,5.3,mww,72,51,12.293,0.58,us,us7000nxj8,2025-01-08T11:31:40.200Z,"Southwest Indian Ridge",earthquake,10.86,1.784,0.083,14,reviewed,us,us
2024-12-10T06:13:41.200Z,3.8052,127.9545,148.248,4.7,mb,53,76,3.07,0.9,us,us7000nxim,2025-01-08T14:46:09.040Z,"229 km N of Tobelo, Indonesia",earthquake,8.62,7.607,0.076,53,reviewed,us,us
2024-12-10T03:44:14.892Z,50.9314,-177.3197,10,5.1,mb,215,77,0.833,0.82,us,us7000nxhl,2025-02-07T21:03:15.731Z,"115 km SSW of Adak, Alaska",earthquake,3.86,1.762,0.042,185,reviewed,us,us
2024-12-09T23:27:42.352Z,-9.1937,-109.7691,10,4.9,mb,48,161,17.842,0.55,us,us7000p0dl,2024-12-24T04:27:56.040Z,"central East Pacific Rise",earthquake,10.32,1.853,0.091,38,reviewed,us,us
2024-12-09T23:08:31.577Z,39.1675,-119.0238,9.3,5.7,mw,32,41.37,0.248,0.1163,nn,nn00888580,2025-02-10T23:18:36.170Z,"2024 Parker Butte, Nevada Earthquake",earthquake,,2.4,,,reviewed,nn,nn
2024-12-09T22:21:33.666Z,7.6171,126.7909,72.637,4.5,mb,39,113,1.319,0.43,us,us7000nxeu,2025-01-07T03:41:24.040Z,"25 km E of Baganga, Philippines",earthquake,11.2,7.576,0.102,28,reviewed,us,us
2024-12-09T21:26:08.996Z,-3.9107,104.0466,10,4.5,mb,19,94,1.176,0.8,us,us7000p0dk,2025-01-07T03:34:12.040Z,"27 km E of Tanjungagung, Indonesia",earthquake,6.94,1.789,0.163,13,reviewed,us,us
2024-12-09T20:33:22.347Z,35.0977,140.5459,49.068,4.8,mwr,100,93,2.069,0.53,us,us7000nxdu,2024-12-22T15:56:08.989Z,"19 km ESE of Shinmachi, Japan",earthquake,6.76,5.488,0.066,22,reviewed,us,us
2024-12-09T19:25:23.026Z,-4.7926,130.2116,21.807,4.5,mb,23,114,0.407,0.55,us,us7000nxdk,2024-12-09T19:46:56.040Z,"215 km SE of Masohi, Indonesia",earthquake,7.6,0.988,0.128,18,reviewed,us,us
2024-12-09T17:34:04.969Z,54.177,-162.4476,35,5,mww,146,133,0.885,0.98,us,us7000nxcu,2025-02-10T17:44:09.091Z,"97 km SE of False Pass, Alaska",earthquake,3.66,1.874,0.073,18,reviewed,us,us
2024-12-09T17:25:21.272Z,-9.106,66.8004,10,5.6,mww,78,46,11.095,0.55,us,us7000nxct,2024-12-22T15:33:31.800Z,"Mid-Indian Ridge",earthquake,9.3,1.851,0.053,34,reviewed,us,us
2024-12-09T16:48:11.292Z,50.9904,-177.5184,14.578,5.3,mww,164,42,0.792,0.69,us,us7000nxbz,2024-12-22T20:28:40.040Z,"115 km SSW of Adak, Alaska",earthquake,4.17,3.407,0.066,22,reviewed,us,us
2024-12-09T16:33:17.613Z,50.9626,-177.523,28.266,4.7,ml,18,231,0.82,0.68,us,us7000ny19,2024-12-16T20:50:09.040Z,"118 km SSW of Adak, Alaska",earthquake,6.89,15.839,0.091,16,reviewed,us,us
2024-12-09T16:31:44.297Z,51.0055,-177.6184,17,5.7,mww,190,32,0.771,0.86,us,us7000nxbs,2025-02-10T16:41:48.775Z,"118 km SW of Adak, Alaska",earthquake,4.4,1.758,0.05,38,reviewed,us,us
2024-12-09T16:26:59.890Z,-20.271,-70.3867,34.089,4.9,mwr,80,138,0.24,0.81,us,us7000nxbn,2024-12-22T18:17:30.188Z,"25 km WSW of Puerto, Chile",earthquake,5.16,3.867,0.051,37,reviewed,us,us
2024-12-09T14:00:09.873Z,-35.5103,-106.2072,10,5,mb,122,58,26.563,0.55,us,us7000nxb7,2024-12-22T17:27:15.040Z,"southern East Pacific Rise",earthquake,13.83,1.824,0.054,110,reviewed,us,us
2024-12-09T13:46:39.507Z,13.268,-87.8004,15.708,4.5,mwr,118,119,0.547,0.67,us,us7000nxar,2024-12-30T17:28:03.961Z,"8 km ESE of Conchagua, El Salvador",earthquake,4.44,4.687,0.083,14,reviewed,us,us
2024-12-09T12:42:44.126Z,44.327,147.649,104.236,4.9,mb,75,126,3.64,0.79,us,us7000nxag,2025-01-08T14:39:58.040Z,"94 km NE of Shikotan, Russia",earthquake,8.88,7.467,0.048,138,reviewed,us,us
2024-12-09T12:00:26.715Z,40.3421,141.923,47.247,4.5,mb,50,136,0.792,1,us,us7000nxab,2025-01-22T13:28:23.040Z,"21 km NE of Kuji, Japan",earthquake,6.67,7.87,0.115,22,reviewed,us,us
2024-12-09T09:50:04.333Z,-0.963,99.5789,74.538,4.8,mb,62,156,3.014,0.9,us,us7000nx9p,2025-01-08T14:00:50.040Z,"71 km WSW of Pariaman, Indonesia",earthquake,8.58,8.551,0.075,55,reviewed,us,us
2024-12-09T08:28:59.212Z,35.2154,22.767,66.517,4.5,mb,43,127,1.739,0.67,us,us7000p0d9,2025-01-09T16:16:48.040Z,"83 km W of Palaióchora, Greece",earthquake,6.47,7.744,0.108,25,reviewed,us,us
2024-12-09T08:21:04.403Z,-6.6387,103.9098,35,5.1,mb,107,48,2.454,0.36,us,us7000nx9a,2025-01-09T09:05:24.040Z,"200 km SW of Bandar Lampung, Indonesia",earthquake,6.68,1.882,0.06,91,reviewed,us,us
2024-12-09T07:41:02.297Z,-3.7336,101.5622,50.228,4.5,mb,37,164,1.523,0.5,us,us7000p0d5,2025-01-09T16:50:22.040Z,"78 km W of Bengkulu, Indonesia",earthquake,9.06,8.227,0.111,24,reviewed,us,us
2024-12-09T06:13:23.530Z,-0.6079,129.8244,10,4.7,mb,28,101,2.814,0.48,us,us7000p0d2,2025-01-09T14:58:05.040Z,"86 km WSW of Waisai, Indonesia",earthquake,7.77,1.874,0.102,29,reviewed,us,us
2024-12-09T05:56:47.360Z,50.8208,-177.408,10,5.1,mb,211,129,0.948,0.53,us,us7000nx85,2025-01-10T14:33:33.040Z,"128 km SSW of Adak, Alaska",earthquake,3.92,1.573,0.029,383,reviewed,us,us
2024-12-09T03:50:29.251Z,13.2847,-87.8537,10,5.6,mww,130,72,0.492,0.69,us,us7000nx79,2025-02-09T23:52:16.447Z,"2 km SSE of Conchagua, El Salvador",earthquake,6.79,1.847,0.036,75,reviewed,us,us
2024-12-09T03:38:12.366Z,50.7985,-177.4463,10,5.1,mb,203,129,0.973,0.59,us,us7000nx6z,2025-01-08T03:14:29.040Z,"132 km SSW of Adak, Alaska",earthquake,4.14,1.803,0.043,173,reviewed,us,us
2024-12-09T03:31:56.395Z,50.7926,-177.5273,10,5.6,mww,198,130,0.987,0.61,us,us7000nx6s,2025-01-07T05:11:46.843Z,"135 km SSW of Adak, Alaska",earthquake,3.85,1.802,0.098,10,reviewed,us,us
2024-12-09T03:30:23.183Z,50.7894,-177.4811,10,5.2,mb,158,134,0.986,0.63,us,us7000nx6r,2025-01-06T03:42:43.385Z,"134 km SSW of Adak, Alaska",earthquake,4.15,1.8,0.051,126,reviewed,us,us
2024-12-09T03:26:40.907Z,50.9203,-177.5413,20,5.7,mww,270,84,0.864,0.54,us,us7000nx6q,2025-02-06T22:51:16.860Z,"123 km SSW of Adak, Alaska",earthquake,4.54,1.782,0.047,44,reviewed,us,us
2024-12-09T03:11:41.475Z,50.7632,-177.4413,10,4.8,mb,137,194,1.008,0.83,us,us7000nx6j,2025-01-02T06:31:57.040Z,"135 km SSW of Adak, Alaska",earthquake,4.08,1.842,0.053,110,reviewed,us,us
2024-12-09T00:39:51.002Z,50.7678,-177.1214,10,5.5,mb,40,212,0.998,0.74,us,us7000nymn,2025-02-10T00:49:55.935Z,"127 km SSW of Adak, Alaska",earthquake,3.62,1.923,0.132,20,reviewed,us,us
2024-12-09T00:38:52.848Z,50.8586,-177.443,10,6.1,mww,132,73,0.914,0.72,us,us7000nx5z,2025-01-07T02:14:47.636Z,"126 km SSW of Adak, Alaska",earthquake,3.8,1.741,0.039,63,reviewed,us,us
2024-12-09T00:32:09.138Z,50.8399,-177.141,10,4.5,mb,97,195,0.925,0.79,us,us7000nx6c,2025-01-07T00:55:17.040Z,"120 km SSW of Adak, Alaska",earthquake,4.43,1.898,0.072,56,reviewed,us,us
2024-12-09T00:30:38.526Z,50.8375,-177.2197,10,5.2,mb,101,130,0.925,0.85,us,us7000nx5y,2025-01-07T00:40:05.040Z,"122 km SSW of Adak, Alaska",earthquake,3.88,1.715,0.035,276,reviewed,us,us
2024-12-09T00:22:08.228Z,50.8216,-177.0911,10,5.2,mb,105,94,0.946,0.56,us,us7000nx66,2025-01-16T21:28:25.040Z,"121 km SSW of Adak, Alaska",earthquake,4.04,1.801,0.069,70,reviewed,us,us
2024-12-09T00:21:51.775Z,50.8157,-177.1953,10,5,mb,93,175,0.947,0.69,us,us7000nx5u,2025-01-07T00:34:56.040Z,"124 km SSW of Adak, Alaska",earthquake,4.13,1.273,0.084,45,reviewed,us,us
2024-12-09T00:17:22.704Z,50.9377,-177.0406,10,4.9,ml,30,179,0.834,0.49,us,us7000nymc,2025-01-07T00:29:16.040Z,"107 km SSW of Adak, Alaska",earthquake,3.42,1.913,0.115,10,reviewed,us,us
2024-12-09T00:15:30.691Z,50.9985,-177.1779,19,6.3,mww,147,40,0.765,0.61,us,us7000nx5r,2025-01-07T00:41:51.143Z,"104 km SSW of Adak, Alaska",earthquake,4.24,1.757,0.032,91,reviewed,us,us
2024-12-08T23:56:34.378Z,-12.6187,166.3883,35,4.5,mb,13,200,2.92,0.34,us,us7000p0ca,2024-12-23T01:52:15.040Z,"187 km NW of Sola, Vanuatu",earthquake,14.13,1.994,0.172,10,reviewed,us,us
2024-12-08T21:42:38.333Z,50.9588,-177.2237,10,4.6,mb,77,80,0.897,0.66,us,us7000nx4z,2025-02-03T23:01:20.040Z,"109 km SSW of Adak, Alaska",earthquake,4.08,1.86,0.061,81,reviewed,us,us
2024-12-08T21:02:49.063Z,50.8303,-177.2981,10,5.8,mww,130,128,1.001,0.95,us,us7000nx4k,2025-02-10T05:54:42.980Z,"124 km SSW of Adak, Alaska",earthquake,4.61,1.862,0.078,16,reviewed,us,us
2024-12-08T20:39:20.454Z,51.0688,-177.2241,10,5.4,mww,130,55,0.787,0.87,us,us7000nx4d,2025-02-06T22:47:49.950Z,"98 km SSW of Adak, Alaska",earthquake,4.6,1.849,0.065,23,reviewed,us,us
2024-12-08T20:27:27.630Z,-9.1484,-109.7729,10,5.1,mb,148,148,17.887,0.55,us,us7000nx4r,2024-12-21T17:40:59.040Z,"central East Pacific Rise",earthquake,13.7,1.917,0.039,211,reviewed,us,us
2024-12-08T20:23:58.857Z,50.9506,-177.3217,10,4.9,mb,111,126,0.814,0.85,us,us7000nx47,2025-01-10T21:34:20.340Z,"113 km SSW of Adak, Alaska",earthquake,6.3,1.876,0.031,319,reviewed,us,us
2024-12-08T20:01:19.769Z,50.967,-177.169,10,4.9,mb,35,190,0.797,0.48,us,us7000nx46,2025-01-10T21:34:17.831Z,"107 km SSW of Adak, Alaska",earthquake,4.27,1.913,0.187,9,reviewed,us,us
2024-12-08T19:58:30.905Z,50.8934,-177.1234,10,4.7,mb,56,180,0.872,0.75,us,us7000nzkw,2024-12-19T15:30:36.040Z,"114 km SSW of Adak, Alaska",earthquake,4.31,1.887,0.138,16,reviewed,us,us
2024-12-08T19:57:08.602Z,51.0018,-177.3278,18,6.3,mww,178,52,0.763,1.21,us,us7000nx3z,2025-01-10T21:34:17.499Z,"108 km SSW of Adak, Alaska",earthquake,4.3,1.84,0.033,86,reviewed,us,us
2024-12-08T18:32:18.996Z,-9.0752,-109.7077,10,4.8,mb,74,147,17.958,0.5,us,us7000nx4t,2024-12-21T17:42:54.040Z,"central East Pacific Rise",earthquake,12.64,1.917,0.068,66,reviewed,us,us
2024-12-08T18:12:25.381Z,33.5308,81.9295,10,4.5,mb,46,121,6.399,0.71,us,us7000nx3n,2024-12-21T16:07:22.040Z,"western Xizang",earthquake,9.58,1.907,0.086,40,reviewed,us,us
2024-12-08T18:07:49.830Z,-9.3184,-109.9235,10,5.6,mww,108,162,17.722,0.73,us,us7000nx3l,2025-02-06T22:47:07.940Z,"central East Pacific Rise",earthquake,13.63,1.908,0.063,24,reviewed,us,us
2024-12-08T17:15:57.302Z,-9.1237,-109.3799,10,4.8,mb,67,162,17.906,0.47,us,us7000nx4u,2024-12-21T17:58:11.040Z,"central East Pacific Rise",earthquake,15.56,1.945,0.07,63,reviewed,us,us
2024-12-08T17:11:44.942Z,1.8541,122.9907,10,4.9,mb,64,74,2.328,0.84,us,us7000nx3f,2024-12-21T15:55:59.040Z,"145 km N of Gorontalo, Indonesia",earthquake,7.18,1.873,0.062,83,reviewed,us,us
2024-12-08T16:41:20.301Z,-8.8293,-109.3827,10,5.5,mww,84,176,20.134,0.84,us,us7000nx3e,2025-01-11T16:03:30.022Z,"central East Pacific Rise",earthquake,14.96,1.895,0.08,15,reviewed,us,us
2024-12-08T16:31:01.701Z,-62.1092,155.9094,10,4.8,mb,19,146,7.797,0.99,us,us7000nx2v,2024-12-29T20:45:12.040Z,"Balleny Islands region",earthquake,9.14,1.974,0.118,22,reviewed,us,us
2024-12-08T16:26:06.296Z,-8.9965,-109.5871,10,5.3,mww,60,213,20.386,0.81,us,us7000nx3c,2024-12-29T20:34:15.040Z,"central East Pacific Rise",earthquake,11.9,1.937,0.075,17,reviewed,us,us
2024-12-08T16:07:34.914Z,-6.9846,125.2746,521.687,4.6,mb,55,60,3.427,0.5,us,us7000nx2p,2024-12-29T20:22:40.040Z,"177 km N of Dili, Timor Leste",earthquake,9.87,6.637,0.072,58,reviewed,us,us
2024-12-08T10:25:00.081Z,48.867,152.3071,207,6,mww,352,47,5.442,0.54,us,us7000nx17,2024-12-26T06:01:04.177Z,"Kuril Islands",earthquake,8.83,1.908,0.035,79,reviewed,us,us
2024-12-08T02:44:29.538Z,1.2221,126.3376,36.878,5,mb,61,71,1.122,0.96,us,us7000nwza,2025-01-01T04:24:15.653Z,"125 km WNW of Ternate, Indonesia",earthquake,8.28,5.974,0.06,88,reviewed,us,us
2024-12-08T01:49:44.842Z,64.6401,-17.3171,10,5.1,mww,97,44,1.726,0.8,us,us7000nwz5,2025-01-09T00:03:06.040Z,"110 km WNW of Höfn, Iceland",earthquake,7.07,1.806,0.045,48,reviewed,us,us
2024-12-08T00:20:16.050Z,52.7008,159.9033,63.194,4.5,mb,56,119,0.826,0.89,us,us7000nwyz,2024-12-30T01:11:53.040Z,"94 km ESE of Petropavlovsk-Kamchatsky, Russia",earthquake,9.53,7.079,0.077,50,reviewed,us,us
2024-12-07T23:25:12.596Z,-20.9885,-173.558,10,5.4,mb,45,115,3.908,1.39,us,us7000nwyv,2024-12-30T02:46:50.644Z,"150 km ENE of ‘Ohonua, Tonga",earthquake,10.35,1.871,0.051,130,reviewed,us,us
2024-12-07T22:39:44.842Z,35.5123,140.108,74.306,4.5,mb,51,95,0.264,0.7,us,us7000nwyq,2024-12-20T04:22:35.312Z,"2 km ESE of Ichihara, Japan",earthquake,5.64,5.099,0.097,31,reviewed,us,us
2024-12-07T22:10:51.152Z,1.4964,126.543,51.647,4.6,mb,43,99,1.094,1.01,us,us7000p03e,2024-12-20T01:35:05.040Z,"121 km NW of Ternate, Indonesia",earthquake,8.01,7.627,0.1,30,reviewed,us,us
2024-12-07T22:07:48.222Z,29.4107,94.8752,37.112,4.5,mb,58,81,3.278,0.85,us,us7000nwya,2024-12-20T04:18:15.040Z,"109 km NNE of Shi Yomi, India",earthquake,7.9,8.05,0.087,39,reviewed,us,us
2024-12-07T21:02:15.445Z,-21.0989,169.6246,92.929,4.6,mb,37,92,2.522,0.87,us,us7000nwy3,2024-12-20T04:09:02.040Z,"176 km SSE of Isangel, Vanuatu",earthquake,7.13,8.192,0.105,27,reviewed,us,us
2024-12-07T19:46:13.471Z,-3.5296,149.7355,10,4.6,mb,26,82,2.412,1.09,us,us7000nwxm,2024-12-21T03:23:35.040Z,"158 km SW of Kavieng, Papua New Guinea",earthquake,8.12,1.867,0.105,27,reviewed,us,us
2024-12-07T17:31:59.483Z,-40.3557,-16.7546,10,5.9,mww,172,25,4.778,0.76,us,us7000nwwp,2025-01-10T17:12:43.730Z,"southern Mid-Atlantic Ridge",earthquake,9.18,1.725,0.103,9,reviewed,us,us
2024-12-07T13:36:20.311Z,-7.0649,155.058,10,4.5,mb,23,165,4.055,0.63,us,us7000p031,2024-12-22T20:05:01.040Z,"95 km SSW of Panguna, Papua New Guinea",earthquake,15.24,1.957,0.135,19,reviewed,us,us
2024-12-07T13:24:23.132Z,-12.2804,-73.0881,53.127,4.7,mb,33,97,3.683,0.74,us,us7000nwvq,2025-01-11T16:05:43.040Z,"20 km SSW of Pangoa, Peru",earthquake,4.11,8.897,0.067,67,reviewed,us,us
2024-12-07T10:16:52.801Z,-8.3236,-79.8132,56.217,4.5,mb,26,174,4.67,0.51,us,us7000nwuz,2025-01-02T06:21:10.040Z,"75 km WSW of Santiago de Cao, Peru",earthquake,10.45,3.358,0.121,20,reviewed,us,us
2024-12-07T09:41:25.968Z,-2.1059,124.4895,10,5.1,mb,78,45,2.016,0.85,us,us7000nwuw,2025-01-02T06:18:35.040Z,"165 km W of Sanana, Indonesia",earthquake,7.15,1.797,0.064,79,reviewed,us,us
2024-12-07T09:06:12.994Z,13.0936,-87.6391,158.656,4.9,mb,94,123,0.763,0.77,us,us7000nwun,2025-01-01T13:22:55.829Z,"22 km S of Amapala, Honduras",earthquake,7.06,6.628,0.031,331,reviewed,us,us
2024-12-07T07:48:28.472Z,23.9242,122.2719,16.258,4.9,mb,73,73,0.667,0.72,us,us7000nwu5,2024-12-25T07:21:35.040Z,"68 km E of Hualien City, Taiwan",earthquake,4.12,4.816,0.079,50,reviewed,us,us
2024-12-07T07:46:47.549Z,-0.3254,99.2046,60.168,4.7,mb,45,67,2.296,0.68,us,us7000nwu7,2024-12-25T07:17:43.040Z,"106 km WNW of Pariaman, Indonesia",earthquake,7.58,5.886,0.091,37,reviewed,us,us
2024-12-07T06:26:27.323Z,-38.9157,-73.5759,36.959,5.3,mww,97,139,0.97,1.14,us,us7000nwtv,2024-12-25T07:12:52.696Z,"42 km WSW of Carahue, Chile",earthquake,7.94,5.895,0.052,35,reviewed,us,us
2024-12-07T06:26:08.334Z,26.2901,125.9515,114.258,4.6,mb,77,136,2.149,0.72,us,us7000nwtw,2024-12-25T07:00:30.040Z,"172 km W of Itoman, Japan",earthquake,11.74,10.634,0.068,64,reviewed,us,us
2024-12-07T03:38:07.028Z,-42.9132,-82.4841,10,4.8,mb,21,153,6.843,0.9,us,us7000nwt0,2025-01-01T02:25:13.259Z,"West Chile Rise",earthquake,13.1,1.935,0.116,23,reviewed,us,us
2024-12-07T03:25:03.428Z,-53.0772,-46.447,10,4.7,mb,18,86,6.041,0.85,us,us7000p02k,2025-01-01T02:15:10.040Z,"South Atlantic Ocean",earthquake,11.15,1.799,0.13,18,reviewed,us,us
2024-12-07T02:17:11.159Z,-36.8307,-96.1882,10,5.4,mww,72,112,14.538,0.57,us,us7000nx9m,2025-01-01T01:14:36.393Z,"West Chile Rise",earthquake,11.69,1.903,0.05,39,reviewed,us,us
2024-12-07T00:56:21.065Z,-4.6439,153.0137,66.902,4.5,mb,41,125,0.96,0.52,us,us7000nwsd,2024-12-29T23:45:07.040Z,"89 km ESE of Kokopo, Papua New Guinea",earthquake,10.24,7.676,0.094,36,reviewed,us,us
2024-12-07T00:41:53.005Z,-7.6812,128.3466,89.999,4.5,mb,32,105,3.499,1.12,us,us7000nwsa,2024-12-29T23:07:59.040Z,"175 km ENE of Lospalos, Timor Leste",earthquake,9.54,8.492,0.104,27,reviewed,us,us
2024-12-07T00:37:55.906Z,-2.0394,115.1041,10,4.8,mb,15,102,2.024,0.69,us,us7000p02j,2025-01-11T23:49:52.040Z,"36 km WNW of Tanjung, Indonesia",earthquake,8.85,1.886,0.21,7,reviewed,us,us
2024-12-07T00:12:20.544Z,-7.1851,107.5645,6.878,4.6,mb,21,97,0.288,0.64,us,us7000nws5,2025-02-03T06:32:29.040Z,"14 km E of Banjar, Indonesia",earthquake,4.65,5.775,0.151,14,reviewed,us,us
2024-12-06T22:55:52.260Z,-23.8641,-179.9398,541.762,4.5,mb,19,97,5.653,0.57,us,us7000p01l,2024-12-29T08:28:18.040Z,"south of the Fiji Islands",earthquake,14.79,14.77,0.11,24,reviewed,us,us
2024-12-06T22:52:38.934Z,29.2871,130.2913,35,4.5,mb,29,135,2.219,0.67,us,us7000nwrr,2024-12-29T08:02:22.040Z,"106 km S of Yudomari, Japan",earthquake,8.43,1.95,0.11,24,reviewed,us,us
2024-12-06T22:45:06.558Z,-1.6653,138.8321,35,4.7,mb,22,95,2.051,1.03,us,us7000nwrm,2024-12-30T05:40:57.040Z,"225 km WNW of Abepura, Indonesia",earthquake,10.26,1.942,0.114,23,reviewed,us,us
2024-12-06T22:05:46.177Z,-23.302,-179.7814,573.365,4.5,mb,40,106,5.889,0.79,us,us7000nwrf,2024-12-29T07:27:52.040Z,"south of the Fiji Islands",earthquake,8.78,10.324,0.092,35,reviewed,us,us
2024-12-06T21:52:06.492Z,-23.5003,-66.6774,227.76,4.5,mb,21,77,1.485,0.59,us,us7000nwr5,2025-02-03T06:27:35.040Z,"87 km NNW of San Antonio de los Cobres, Argentina",earthquake,9.24,8.866,0.18,10,reviewed,us,us
2024-12-06T21:41:53.761Z,42.12,142.1797,13.561,4.6,mb,64,90,0.735,0.58,us,us7000nwr8,2024-12-22T03:23:01.040Z,"27 km SSW of Niikappu, Japan",earthquake,4.83,4.163,0.065,71,reviewed,us,us
2024-12-06T21:40:23.652Z,-24.104,-178.896,446.587,4.5,mb,21,140,5.211,0.77,us,us7000p01m,2025-02-03T06:45:45.040Z,"south of the Fiji Islands",earthquake,14.58,13.216,0.106,26,reviewed,us,us
2024-12-06T17:15:00.515Z,1.5039,121.1742,32.854,5.5,mww,186,29,0.553,0.89,us,us7000nwmn,2025-01-10T17:27:48.926Z,"235 km WNW of Gorontalo, Indonesia",earthquake,5.27,3.35,0.056,31,reviewed,us,us
2024-12-06T13:57:11.628Z,-14.7699,-109.3859,10,4.9,mb,92,150,12.295,0.47,us,us7000nwks,2025-01-01T13:04:52.040Z,"central East Pacific Rise",earthquake,13.93,1.915,0.035,257,reviewed,us,us
2024-12-06T10:28:40.561Z,-19.665,-174.4239,62.253,5.1,mb,84,75,4.285,0.68,us,us7000nwid,2024-12-31T17:38:37.956Z,"14 km NW of Fangale’ounga, Tonga",earthquake,10.99,6.925,0.059,94,reviewed,us,us
2024-12-06T10:22:24.947Z,-9.5482,149.136,10,4.5,mb,25,143,1.955,0.65,us,us7000p01a,2025-01-02T03:05:43.040Z,"131 km SE of Popondetta, Papua New Guinea",earthquake,8.89,1.944,0.144,14,reviewed,us,us
2024-12-06T07:53:19.042Z,-22.1135,-67.2966,185.803,4.6,mb,51,43,1.167,0.9,us,us7000nwhj,2025-01-01T09:24:48.040Z,"128 km NE of San Pedro de Atacama, Chile",earthquake,7.66,6.924,0.079,49,reviewed,us,us
2024-12-06T05:32:33.999Z,-8.4477,147.6091,127.471,4.5,mb,33,143,1.049,0.72,us,us7000nwgq,2024-12-21T10:52:18.040Z,"49 km NNW of Kokoda, Papua New Guinea",earthquake,13.07,6.888,0.086,40,reviewed,us,us
2024-12-06T05:26:00.960Z,31.8623,131.3993,63.021,4.8,mb,45,118,0.88,0.51,us,us7000nwgn,2024-12-21T10:46:49.040Z,"6 km SSW of Miyazaki, Japan",earthquake,7.65,7.061,0.05,122,reviewed,us,us
2024-12-06T03:30:24.771Z,10.9815,-62.4128,109.362,4.6,mb,94,84,2.289,0.64,us,us7000nwfw,2025-01-05T19:27:00.723Z,"46 km NNW of Güiria, Venezuela",earthquake,6.73,7.702,0.066,69,reviewed,us,us
2024-12-05T23:51:57.897Z,25.398,142.5399,10,4.6,mb,28,164,1.72,0.56,us,us7000nwdp,2024-12-31T02:42:29.040Z,"Volcano Islands, Japan region",earthquake,11.92,1.955,0.125,20,reviewed,us,us
2024-12-05T23:06:38.722Z,-4.1508,-104.4022,10,4.5,mb,17,225,23.649,0.59,us,us7000nzu2,2025-02-03T06:37:11.040Z,"central East Pacific Rise",earthquake,9.81,1.998,0.15,13,reviewed,us,us
2024-12-05T21:56:40.216Z,-18.9934,-172.8301,10,5,mb,22,146,2.747,0.61,us,us7000nzu0,2024-12-28T23:39:03.040Z,"127 km ESE of Neiafu, Tonga",earthquake,6.61,1.901,0.126,24,reviewed,us,us
2024-12-05T20:53:01.599Z,34.6127,34.017,10,4.6,mb,69,89,0.663,0.67,us,us7000nwak,2024-12-21T15:48:52.040Z,"41 km S of Ayia Napa, Cyprus",earthquake,6.95,1.882,0.07,60,reviewed,us,us
2024-12-05T19:41:07.777Z,-4.1747,-104.4525,10,5.1,mb,76,105,13.966,0.89,us,us7000nw8z,2024-12-21T14:13:02.040Z,"central East Pacific Rise",earthquake,13.02,1.912,0.065,76,reviewed,us,us
2024-12-05T18:46:29.660Z,40.349,-124.915,12.51,4.67,ml,54,241,0.4418,0.2,nc,nc75001903,2024-12-21T15:56:00.930Z,"53 km WNW of Petrolia, CA",earthquake,0.83,1.04,0.102,9,reviewed,nc,nc
2024-12-05T18:44:21.110Z,40.374,-125.021666666667,10,7,mw,172,229,0.5261,0.23,nc,nc75095651,2025-02-06T18:54:32.917Z,"2024 Offshore Cape Mendocino, California Earthquake",earthquake,0.63,31.61,0.018,303,reviewed,nc,nc
2024-12-05T16:51:20.278Z,-55.9482,-27.9128,111.734,5.1,mww,87,46,5.197,0.95,us,us7000nw6g,2024-12-29T16:54:55.040Z,"South Sandwich Islands region",earthquake,9.63,4.571,0.139,5,reviewed,us,us
2024-12-05T16:46:08.929Z,-12.3172,167.0375,250.003,4.8,mb,74,51,3.115,0.64,us,us7000nw5h,2024-12-29T16:35:57.040Z,"181 km NNW of Sola, Vanuatu",earthquake,9.91,7.274,0.033,278,reviewed,us,us
2024-12-05T14:36:01.277Z,32.2879,137.9325,364.311,4.9,mb,103,60,1.788,0.71,us,us7000nw4s,2024-12-29T15:06:50.014Z,"240 km ESE of Kushimoto, Japan",earthquake,8.49,6.313,0.027,433,reviewed,us,us
2024-12-05T13:39:52.236Z,-23.3549,-66.702,208.836,5.2,mww,92,48,1.417,1.01,us,us7000nw44,2024-12-28T20:47:45.040Z,"103 km NNW of San Antonio de los Cobres, Argentina",earthquake,5.69,4.392,0.071,19,reviewed,us,us
2024-12-05T13:25:58.388Z,28.4397,51.8171,10,4.9,mb,91,55,5.245,0.58,us,us7000nw43,2025-01-11T16:15:12.040Z,"86 km WSW of Fīrūzābād, Iran",earthquake,7.44,1.842,0.049,134,reviewed,us,us
2024-12-05T12:50:58.066Z,-6.1083,154.8877,187.668,4.5,mb,41,121,3.315,0.86,us,us7000nw3z,2025-01-02T07:29:46.040Z,"69 km WNW of Panguna, Papua New Guinea",earthquake,10.93,7.811,0.101,29,reviewed,us,us
2024-12-05T11:48:03.206Z,52.1082,-170.8903,38.284,5.6,mww,149,58,0.904,0.91,us,us7000nw3f,2024-12-31T14:41:29.903Z,"165 km SW of Nikolski, Alaska",earthquake,5.94,4.572,0.066,22,reviewed,us,us
2024-12-05T08:00:31.019Z,-3.0968,136.83,42.997,4.5,mb,40,64,3.911,0.52,us,us7000nw2k,2025-01-11T12:59:36.040Z,"150 km E of Nabire, Indonesia",earthquake,9.21,7.456,0.104,27,reviewed,us,us
2024-12-05T07:49:50.500Z,17.5247,60.1904,10,4.5,mb,45,116,8.265,0.63,us,us7000nw2j,2024-12-25T06:23:13.040Z,"Owen Fracture Zone region",earthquake,6.86,1.819,0.09,36,reviewed,us,us
2024-12-05T06:21:22.894Z,32.8339,73.7141,10,5.2,mb,154,28,0.896,0.53,us,us7000nw1v,2024-12-22T12:47:00.936Z,"8 km SSW of Sarai Alamgir, Pakistan",earthquake,2.49,1.841,0.049,140,reviewed,us,us
2024-12-05T05:38:47.481Z,31.8637,49.5366,10,5,mww,166,59,4.491,0.59,us,us7000nw1s,2025-01-11T12:58:06.040Z,"23 km ESE of Masjed Soleymān, Iran",earthquake,9.85,1.861,0.073,18,reviewed,us,us
2024-12-05T04:26:38.569Z,38.6487,72.8351,10,4.5,mb,22,222,1.155,0.72,us,us7000nw1h,2025-02-07T23:09:53.040Z,"112 km WNW of Murghob, Tajikistan",earthquake,5.13,1.876,0.22,6,reviewed,us,us
2024-12-05T04:23:18.175Z,31.5833,49.4878,10,4.9,mb,113,68,4.64,0.92,us,us7000nw1i,2024-12-20T03:41:49.375Z,"35 km NNW of Rāmhormoz, Iran",earthquake,7.42,1.876,0.067,69,reviewed,us,us
2024-12-05T04:02:40.681Z,31.7601,49.569,17,5.4,mww,141,25,4.577,0.73,us,us7000nw1c,2025-02-07T23:02:20.763Z,"31 km SE of Masjed Soleymān, Iran",earthquake,7.05,1.837,0.089,12,reviewed,us,us
2024-12-05T01:23:53.466Z,50.3059,151.8833,328.482,4.6,mb,215,108,4.577,0.66,us,us7000nw0w,2024-12-20T01:56:05.040Z,"northwest of the Kuril Islands",earthquake,9.51,6.677,0.039,193,reviewed,us,us
2024-12-04T22:47:26.238Z,-6.6121,129.8957,162.459,4.5,mb,32,92,2.076,0.64,us,us7000nw06,2024-12-31T04:36:12.040Z,"Banda Sea",earthquake,9.41,7.538,0.1,29,reviewed,us,us
2024-12-04T22:13:21.787Z,-58.1967,-24.5471,16.515,4.5,mb,26,88,7.719,0.51,us,us7000nzk3,2024-12-31T04:26:08.040Z,"South Sandwich Islands region",earthquake,12.08,3.835,0.156,12,reviewed,us,us
2024-12-04T16:53:01.908Z,24.8543,128.0555,10,5,mb,120,103,1.983,0.68,us,us7000nvxl,2024-12-19T05:54:19.040Z,"146 km SSE of Itoman, Japan",earthquake,8.04,1.855,0.059,91,reviewed,us,us
2024-12-04T14:21:36.260Z,4.8923,95.8234,10,4.5,mb,50,64,1.168,0.54,us,us7000nzju,2025-01-02T02:21:02.040Z,"56 km SSW of Sigli, Indonesia",earthquake,8.02,1.866,0.085,43,reviewed,us,us
2024-12-04T11:46:46.892Z,-56.0523,-27.6076,95.162,4.8,mb,23,67,5.39,0.72,us,us7000nvw6,2024-12-21T07:07:01.040Z,"South Sandwich Islands region",earthquake,4.79,8.779,0.119,22,reviewed,us,us
2024-12-04T09:09:10.136Z,35.9544,31.7294,60.528,4.8,mb,116,41,1.641,1.2,us,us7000nvuc,2025-01-11T12:53:36.040Z,"63 km WSW of Gazipaşa, Turkey",earthquake,6.2,2.152,0.071,62,reviewed,us,us
2024-12-04T07:42:54.098Z,-15.7188,-174.3113,187.961,4.9,mb,60,50,3.036,0.67,us,us7000nvu1,2024-12-28T13:29:04.040Z,"61 km WNW of Hihifo, Tonga",earthquake,7.34,4.585,0.058,95,reviewed,us,us
2024-12-04T07:11:47.482Z,-43.8524,-81.8305,10,5.3,mww,93,73,6.089,1.14,us,us7000nvts,2024-12-28T11:50:19.172Z,"West Chile Rise",earthquake,10.65,1.788,0.066,22,reviewed,us,us
2024-12-04T01:56:58.775Z,18.4471,80.3296,10,5,mb,108,51,9.992,0.65,us,us7000nvs3,2025-01-08T23:18:44.040Z,"49 km NE of Mulugu, India",earthquake,7.19,1.862,0.059,92,reviewed,us,us
2024-12-04T00:09:30.407Z,23.6859,123.2599,10,5,mb,48,92,0.81,0.64,us,us7000nvrp,2025-01-02T01:38:33.040Z,"90 km SSE of Yonakuni, Japan",earthquake,4.11,1.892,0.103,30,reviewed,us,us
2024-12-03T22:31:07.006Z,34.592,140.3692,87.02,4.6,mb,30,137,1.544,0.45,us,us7000nvr1,2025-01-02T01:05:31.040Z,"59 km SSE of Wada, Japan",earthquake,9.2,7.93,0.136,16,reviewed,us,us
2024-12-03T21:54:27.337Z,-57.9951,-26.3901,148.375,4.5,mb,20,106,16.788,0.44,us,us7000nzbv,2025-01-02T00:52:00.040Z,"South Sandwich Islands region",earthquake,9.02,7.478,0.144,14,reviewed,us,us
2024-12-03T21:05:26.021Z,33.2848,141.0556,35,4.6,mb,34,118,1.055,0.57,us,us7000nzc1,2024-12-16T23:18:04.040Z,"216 km SSE of Wada, Japan",earthquake,7.74,1.912,0.111,24,reviewed,us,us
2024-12-03T20:27:37.524Z,18.1731,145.4694,284.615,4.9,mb,126,41,2.932,0.7,us,us7000nvqb,2024-12-17T17:51:49.040Z,"Pagan region, Northern Mariana Islands",earthquake,7.91,4.281,0.031,329,reviewed,us,us
2024-12-03T19:03:30.046Z,50.8271,-179.3088,10,4.5,mb,52,222,0.791,0.8,us,us7000nvqs,2025-02-03T14:07:05.040Z,"219 km WSW of Adak, Alaska",earthquake,3.99,1.89,0.118,21,reviewed,us,us
2024-12-03T18:54:41.788Z,18.5003,120.7963,34,5.7,mww,181,19,4.304,0.92,us,us7000nvpy,2024-12-17T17:40:18.871Z,"5 km SE of Bangui, Philippines",earthquake,8.11,1.774,0.043,51,reviewed,us,us
2024-12-03T18:27:00.885Z,8.4328,126.7904,33.517,4.9,mb,72,106,1.81,0.8,us,us7000nvpv,2024-12-17T16:50:10.040Z,"49 km NE of Barcelona, Philippines",earthquake,8.26,4.097,0.072,60,reviewed,us,us
2024-12-03T17:34:47.362Z,18.9165,145.5556,234.112,4.6,mb,88,65,3.662,0.96,us,us7000nvpq,2024-12-17T16:14:18.040Z,"Pagan region, Northern Mariana Islands",earthquake,10.52,6.413,0.066,69,reviewed,us,us
2024-12-03T16:57:07.550Z,53.9198,160.4762,65.559,5,mww,210,81,1.414,0.6,us,us7000nvpl,2024-12-31T20:19:11.040Z,"148 km SE of Mil’kovo, Russia",earthquake,8.73,5.36,0.086,13,reviewed,us,us
2024-12-03T16:09:11.776Z,4.8557,126.4225,14.196,5.1,mww,239,26,0.948,0.64,us,us7000nvnb,2025-02-08T15:15:34.040Z,"122 km ESE of Sarangani, Philippines",earthquake,4.63,3.01,0.062,25,reviewed,us,us
2024-12-03T14:54:25.297Z,-23.67,-67.1072,163.801,4.7,mww,115,43,1.217,0.76,us,us7000nvmq,2024-12-31T19:41:58.040Z,"100 km NW of San Antonio de los Cobres, Argentina",earthquake,8.78,6.527,0.073,18,reviewed,us,us
2024-12-03T12:41:05.084Z,25.6518,142.7038,15.337,4.7,mb,79,100,1.511,0.57,us,us7000nvm9,2024-12-25T14:52:51.040Z,"Volcano Islands, Japan region",earthquake,7.51,4.56,0.067,68,reviewed,us,us
2024-12-03T11:45:36.306Z,-6.8969,153.7772,10,4.9,mb,88,61,3.108,0.43,us,us7000nvm2,2024-12-25T11:20:10.040Z,"199 km WSW of Panguna, Papua New Guinea",earthquake,6.54,1.866,0.062,80,reviewed,us,us
2024-12-03T10:33:00.394Z,-1.0609,67.233,10,4.5,mb,29,78,5.964,0.44,us,us7000nzbn,2025-01-02T03:47:38.040Z,"Carlsberg Ridge",earthquake,10.35,1.908,0.125,21,reviewed,us,us
2024-12-03T09:32:17.420Z,19.5463,-65.2615,106,4.65,md,26,244,1.2299,0.51,pr,pr2024338004,2025-01-21T18:24:32.040Z,"137 km N of Culebra, Puerto Rico",earthquake,5.18,7.9,0.14,19,reviewed,pr,pr
2024-12-03T08:06:04.775Z,-21.1248,-178.8369,583.787,5.4,mww,119,23,4.463,0.72,us,us7000nvkt,2024-12-31T13:13:39.543Z,"Fiji region",earthquake,10.39,5.737,0.093,11,reviewed,us,us
2024-12-03T07:29:29.685Z,-41.1787,85.6711,10,5.1,mb,68,62,7.117,0.79,us,us7000nvkm,2024-12-31T10:09:49.040Z,"southeast Indian Ridge",earthquake,9.23,1.741,0.073,60,reviewed,us,us
2024-12-03T04:31:49.875Z,-24.6714,179.8316,514.416,4.6,mb,86,76,4.974,0.77,us,us7000nvk3,2024-12-31T04:06:01.040Z,"south of the Fiji Islands",earthquake,11.14,6.107,0.068,64,reviewed,us,us
2024-12-03T03:54:59.795Z,-52.8616,19.5387,10,4.9,mb,33,51,20.49,0.6,us,us7000nvjy,2024-12-31T02:16:41.040Z,"southwest of Africa",earthquake,8.8,1.84,0.102,30,reviewed,us,us
2024-12-02T23:06:51.275Z,15.0697,147.1017,10,4.6,mb,26,173,2.617,0.29,us,us7000nyiq,2025-01-09T23:03:31.040Z,"145 km E of Saipan, Northern Mariana Islands",earthquake,11.98,1.946,0.136,16,reviewed,us,us
2024-12-02T19:15:58.285Z,-24.5271,-176.0682,35,4.8,mb,38,121,4.997,0.51,us,us7000nvi0,2024-12-14T17:14:32.040Z,"south of the Fiji Islands",earthquake,14.02,1.921,0.074,56,reviewed,us,us
2024-12-02T16:06:16.806Z,-23.6638,-179.6851,533.789,4.6,mb,42,106,5.777,0.61,us,us7000nvft,2024-12-15T22:44:15.040Z,"south of the Fiji Islands",earthquake,13.79,10.535,0.096,32,reviewed,us,us
2024-12-02T16:06:10.719Z,-9.5851,110.239,10,4.5,mb,44,115,2.527,1.11,us,us7000nvfs,2024-12-15T22:39:38.040Z,"180 km S of Bambanglipuro, Indonesia",earthquake,7.72,1.639,0.111,24,reviewed,us,us
2024-12-02T15:11:52.922Z,-48.7259,106.5354,10,5,mb,43,97,20.944,0.45,us,us7000nvg1,2024-12-15T21:51:38.040Z,"southeast Indian Ridge",earthquake,12.01,1.739,0.111,26,reviewed,us,us
2024-12-02T14:07:33.103Z,-49.2054,107.6862,10,4.5,mb,18,148,26.738,0.81,us,us7000nyie,2025-01-08T22:39:14.040Z,"southeast Indian Ridge",earthquake,12.31,1.882,0.171,10,reviewed,us,us
2024-12-02T12:40:01.744Z,-7.9808,107.0044,22.973,4.6,mb,45,91,0.821,1.09,us,us7000nvfb,2024-12-30T14:37:11.040Z,"98 km SSW of Banjar, Indonesia",earthquake,6.9,5.555,0.093,34,reviewed,us,us
2024-12-02T12:19:09.310Z,-2.8659,129.3796,10,4.7,mb,47,61,1.727,0.86,us,us7000nvf3,2024-12-30T13:15:01.040Z,"66 km NE of Masohi, Indonesia",earthquake,5.34,1.844,0.088,39,reviewed,us,us
2024-12-02T07:05:28.852Z,0.7888,126.2119,48.096,4.5,mb,40,60,1.155,0.25,us,us7000nvei,2024-12-25T09:50:22.040Z,"130 km W of Ternate, Indonesia",earthquake,7.85,8.604,0.097,31,reviewed,us,us
2024-12-02T01:18:43.690Z,32.2923,142.3525,10,4.8,mww,162,93,2.292,0.43,us,us7000nvcs,2024-12-30T05:11:30.040Z,"Izu Islands, Japan region",earthquake,7.44,1.836,0.075,17,reviewed,us,us
2024-12-02T01:01:11.804Z,13.1373,146.9085,10,5,mb,109,45,2.036,0.51,us,us7000nvcm,2025-02-10T01:11:28.005Z,"223 km ESE of Yigo Village, Guam",earthquake,7.62,1.801,0.06,90,reviewed,us,us
2024-12-01T22:59:03.125Z,53.8491,160.4747,72.902,4.7,mb,87,115,1.37,0.53,us,us7000nvc5,2025-02-02T00:54:40.040Z,"150 km NE of Petropavlovsk-Kamchatsky, Russia",earthquake,9.25,4.295,0.042,174,reviewed,us,us
2024-12-01T17:56:35.510Z,-59.0065,-25.5533,35,4.9,mb,48,81,7.659,0.55,us,us7000nvaq,2025-02-02T00:54:34.040Z,"South Sandwich Islands region",earthquake,10.75,1.907,0.084,45,reviewed,us,us
2024-12-01T14:33:38.237Z,17.6209,119.5558,17.55,4.6,mb,54,115,5.364,0.91,us,us7000nva5,2025-02-02T00:54:34.040Z,"85 km W of Cabittaogan, Philippines",earthquake,11.82,4.999,0.077,51,reviewed,us,us
2024-12-01T13:15:24.808Z,5.4241,92.5763,10,4.5,mb,24,147,4.356,0.68,us,us7000nyhc,2025-02-02T00:55:46.040Z,"off the west coast of northern Sumatra",earthquake,9.63,1.871,0.131,17,reviewed,us,us
2024-12-01T11:13:33.628Z,-5.1576,150.6391,242.165,4.5,mb,22,133,1.797,0.48,us,us7000nv9i,2025-02-02T00:54:29.040Z,"70 km NE of Kimbe, Papua New Guinea",earthquake,14.4,12.29,0.121,20,reviewed,us,us
2024-12-01T07:57:44.830Z,18.4347,95.1919,80.697,4.6,mb,49,166,2.769,0.53,us,us7000nv8y,2025-02-02T00:54:28.040Z,"21 km NW of Myanaung, Myanmar",earthquake,4.22,7.72,0.066,69,reviewed,us,us
2024-12-01T06:12:22.543Z,-35.6747,78.3733,10,5,mb,52,84,2.214,0.67,us,us7000nv8n,2025-02-02T00:54:26.040Z,"Mid-Indian Ridge",earthquake,10.66,1.81,0.073,60,reviewed,us,us
2024-12-01T03:51:34.145Z,-31.7265,-178.7312,43.825,4.5,mb,18,156,2.554,0.52,us,us7000nyh5,2025-02-02T00:55:44.040Z,"Kermadec Islands region",earthquake,13.35,7.053,0.171,10,reviewed,us,us
2024-12-01T00:01:58.270Z,-28.7577,-176.489,10,4.9,mb,49,87,1.351,0.84,us,us7000nv77,2025-02-02T00:54:23.040Z,"Kermadec Islands region",earthquake,12.29,1.896,0.085,43,reviewed,us,us
2024-11-30T22:12:26.968Z,-22.5817,-12.9569,10,4.8,mb,42,50,26.676,1.01,us,us7000nv6w,2025-02-02T00:54:20.040Z,"southern Mid-Atlantic Ridge",earthquake,12.03,1.884,0.089,39,reviewed,us,us
2024-11-30T21:36:05.908Z,13.0543,143.9264,132.912,4.7,mb,150,40,1.06,0.66,us,us7000nv6t,2025-02-02T00:54:19.040Z,"83 km WSW of Merizo Village, Guam",earthquake,9.23,5.913,0.049,129,reviewed,us,us
2024-11-30T21:11:26.203Z,-3.021,128.7256,19.026,4.5,mb,23,68,1.899,0.83,us,us7000nv6q,2025-02-02T00:54:18.040Z,"40 km NW of Masohi, Indonesia",earthquake,6.49,5.105,0.124,19,reviewed,us,us
2024-11-30T18:34:56.733Z,-18.3641,-69.6619,118.268,4.8,mb,87,76,0.646,0.69,us,us7000nv60,2025-02-02T00:54:15.040Z,"68 km E of Arica, Chile",earthquake,5.75,5.509,0.04,199,reviewed,us,us
2024-11-30T17:58:40.649Z,-2.6122,136.7339,37.504,4.5,mb,42,57,3.966,0.57,us,us7000nv5y,2025-02-02T00:54:14.040Z,"160 km ENE of Nabire, Indonesia",earthquake,4.35,7.92,0.088,43,reviewed,us,us
2024-11-30T17:19:17.395Z,25.2326,126.0285,47.345,4.5,mb,41,113,1.838,0.77,us,us7000nv5v,2025-02-02T00:54:13.040Z,"87 km ENE of Hirara, Japan",earthquake,8.18,8.323,0.09,38,reviewed,us,us
2024-11-30T16:10:41.929Z,6.2665,123.3551,10,4.5,mb,74,43,2.349,0.53,us,us7000nv5u,2025-02-02T00:54:12.040Z,"78 km WSW of Sangay, Philippines",earthquake,5.32,1.851,0.072,62,reviewed,us,us
2024-11-30T16:01:25.729Z,-30.7736,-178.8699,84.601,4.5,mb,20,149,1.717,1.05,us,us7000nygn,2025-02-02T00:55:40.040Z,"Kermadec Islands, New Zealand",earthquake,16.94,13.45,0.131,17,reviewed,us,us
2024-11-30T15:08:50.569Z,19.3496,-108.5141,10,5.4,mww,189,72,3.603,0.56,us,us7000nv52,2025-02-02T00:54:09.040Z,"Revilla Gigedo Islands region",earthquake,8.94,1.842,0.036,75,reviewed,us,us
2024-11-30T15:06:52.962Z,-18.2581,-172.5524,10,4.9,mb,50,71,2.618,1.25,us,us7000nv53,2025-02-02T00:54:10.040Z,"157 km ENE of Neiafu, Tonga",earthquake,4.1,1.869,0.068,69,reviewed,us,us
2024-11-30T14:48:36.015Z,-20.0668,-175.8066,224.157,4.6,mb,39,116,5.63,0.94,us,us7000nv4y,2025-02-02T00:54:08.040Z,"132 km NNW of Houma, Tonga",earthquake,12.18,8.249,0.071,59,reviewed,us,us
2024-11-30T14:10:13.472Z,-5.9177,147.4253,88.429,4.8,mb,57,47,3.474,0.76,us,us7000nv4u,2025-02-02T00:54:07.040Z,"84 km NNW of Finschhafen, Papua New Guinea",earthquake,8.35,7.372,0.061,83,reviewed,us,us
2024-11-30T13:15:40.557Z,-24.0403,179.7868,531.352,5.1,mww,66,71,5.572,0.86,us,us7000nv4l,2025-02-02T00:54:05.040Z,"south of the Fiji Islands",earthquake,11.87,6.634,0.103,9,reviewed,us,us
2024-11-30T10:33:40.240Z,17.5037,145.8664,198.532,5.1,mb,111,47,2.251,1.04,us,us7000nv43,2025-02-08T10:43:50.798Z,"253 km N of Saipan, Northern Mariana Islands",earthquake,9.05,5.222,0.025,519,reviewed,us,us
2024-11-30T09:07:01.883Z,23.8314,123.383,19.908,5.2,mww,80,76,0.718,0.93,us,us7000nv3k,2025-02-02T00:54:00.040Z,"80 km SSE of Yonakuni, Japan",earthquake,6.24,4.865,0.08,15,reviewed,us,us
2024-11-30T08:46:16.409Z,25.3021,126.0218,49.015,5.7,mww,257,62,1.866,0.65,us,us7000nv3a,2025-02-02T00:53:59.040Z,"91 km NE of Hirara, Japan",earthquake,7.24,6.07,0.04,59,reviewed,us,us
2024-11-30T08:34:07.444Z,23.7581,123.5016,10,4.9,mb,68,103,0.836,1.1,us,us7000nv35,2025-02-02T00:53:58.040Z,"93 km SW of Ishigaki, Japan",earthquake,6.78,1.893,0.082,47,reviewed,us,us
2024-11-30T07:51:40.021Z,-32.641,-178.5993,10,4.6,mb,22,168,3.418,0.94,us,us7000nv33,2025-02-02T00:53:57.040Z,"south of the Kermadec Islands",earthquake,15.06,1.95,0.125,19,reviewed,us,us
2024-11-30T05:30:18.567Z,-32.2806,54.5582,10,4.7,mb,18,55,9.861,0.59,us,us7000nyg3,2025-02-02T00:55:35.040Z,"Southwest Indian Ridge",earthquake,6.31,1.902,0.158,12,reviewed,us,us
2024-11-30T01:19:39.420Z,-22.1996,-178.1363,355.401,4.5,mb,74,122,5.699,0.68,us,us7000nv1b,2025-02-02T00:53:48.040Z,"south of the Fiji Islands",earthquake,12.33,8.397,0.067,67,reviewed,us,us
2024-11-30T00:52:29.523Z,37.023,136.4771,10,4.8,mww,89,54,1.466,1.05,us,us7000nv16,2025-02-02T00:53:47.040Z,"31 km WNW of Hakui, Japan",earthquake,6.28,1.845,0.098,10,reviewed,us,us
2024-11-30T00:36:00.326Z,-8.8882,-81.0822,10,5.2,mww,93,156,5.184,1,us,us7000nv14,2025-02-02T00:53:46.040Z,"227 km WSW of Santiago de Cao, Peru",earthquake,7.86,1.623,0.052,35,reviewed,us,us
2024-11-29T21:20:54.622Z,-12.455,167.0456,244.511,4.5,mb,48,65,2.978,0.69,us,us7000nv0e,2025-02-02T00:53:42.040Z,"166 km NNW of Sola, Vanuatu",earthquake,12.78,7.923,0.085,40,reviewed,us,us
2024-11-29T20:39:23.351Z,4.631,127.7829,133.592,4.6,mb,128,72,3.267,0.69,us,us7000nv09,2025-02-02T00:53:39.040Z,"261 km SE of Pondaguitan, Philippines",earthquake,8.23,5.752,0.045,153,reviewed,us,us
2024-11-29T20:14:57.923Z,-58.0723,-23.9993,10,4.7,mb,34,98,7.932,0.6,us,us7000ny7n,2025-02-02T00:55:30.040Z,"South Sandwich Islands region",earthquake,4.19,1.901,0.096,33,reviewed,us,us
2024-11-29T19:13:15.546Z,35.9421,31.7094,58.945,4.8,mww,136,23,1.646,0.83,us,us7000nv00,2025-02-02T00:53:37.040Z,"65 km WSW of Gazipaşa, Turkey",earthquake,5.24,7.075,0.086,13,reviewed,us,us
2024-11-29T18:57:04.430Z,-0.2825,124.1508,72.014,4.5,mb,44,51,1.572,1.19,us,us7000nuzz,2025-02-02T00:53:36.040Z,"87 km SSW of Modisi, Indonesia",earthquake,5.91,4.481,0.089,40,reviewed,us,us
2024-11-29T16:13:17.112Z,-7.6434,104.8551,10,4.7,mb,39,146,2.777,1.19,us,us7000nuyl,2025-02-02T00:53:35.040Z,"176 km SW of Labuan, Indonesia",earthquake,7.62,1.883,0.095,34,reviewed,us,us
2024-11-29T08:19:10.448Z,-57.1291,-30.029,10,4.5,mb,15,97,18.443,0.54,us,us7000ny7c,2025-02-02T00:55:26.040Z,"South Sandwich Islands region",earthquake,9.18,1.942,0.145,14,reviewed,us,us
2024-11-29T04:30:58.572Z,-7.6144,88.7646,10,4.7,mb,21,128,12.479,0.24,us,us7000ny79,2025-02-02T00:55:25.040Z,"South Indian Ocean",earthquake,6.69,1.931,0.148,14,reviewed,us,us
2024-11-28T23:39:49.459Z,11.5824,125.5773,10,4.6,mb,33,128,4.484,0.47,us,us7000ny6p,2025-02-02T00:55:24.040Z,"11 km E of Lalawigan, Philippines",earthquake,16.16,1.872,0.107,26,reviewed,us,us
2024-11-28T23:26:45.239Z,-19.6662,169.1273,121.818,4.6,mb,45,129,3.325,0.99,us,us7000nuus,2025-02-02T00:53:21.040Z,"21 km SW of Isangel, Vanuatu",earthquake,9.53,7.92,0.092,37,reviewed,us,us
2024-11-28T23:25:21.120Z,-29.0783,-177.3958,63.254,4.7,mb,21,213,0.494,0.85,us,us7000nuun,2025-02-02T00:53:20.040Z,"Kermadec Islands, New Zealand",earthquake,10.98,5.986,0.133,17,reviewed,us,us
2024-11-28T21:55:24.661Z,-3.8465,100.528,10,4.6,mb,34,202,2.475,0.69,us,us7000nuub,2025-02-02T00:53:19.040Z,"193 km W of Bengkulu, Indonesia",earthquake,10.58,1.856,0.109,25,reviewed,us,us
2024-11-28T19:28:43.622Z,34.2474,141.8469,10,4.8,mb,53,139,2.037,0.92,us,us7000nutf,2025-02-02T00:53:15.040Z,"171 km SE of Shinmachi, Japan",earthquake,6.6,1.895,0.078,50,reviewed,us,us
2024-11-28T18:41:42.973Z,-28.9149,-176.9352,35,5,mww,63,104,0.929,0.64,us,us7000nuta,2025-02-02T00:53:13.040Z,"Kermadec Islands region",earthquake,10.33,0.498,0.083,14,reviewed,us,us
2024-11-28T17:23:33.290Z,-5.5325,147.5076,196.182,4.5,mb,44,70,3.469,0.85,us,us7000nusu,2025-02-02T00:53:08.040Z,"119 km NNW of Finschhafen, Papua New Guinea",earthquake,8.97,7.767,0.092,37,reviewed,us,us
2024-11-28T15:40:55.370Z,-20.3197,67.89,10,5,mww,39,51,4.286,1.09,us,us7000nuru,2025-02-02T00:53:05.040Z,"Mid-Indian Ridge",earthquake,12.06,1.863,0.086,13,reviewed,us,us
2024-11-28T15:38:34.996Z,-20.3354,67.9316,10,4.7,mb,34,63,4.327,0.56,us,us7000ny6i,2025-02-02T00:55:21.040Z,"Mid-Indian Ridge",earthquake,10.95,1.864,0.115,23,reviewed,us,us
2024-11-28T10:49:00.723Z,36.6297,71.2277,227.574,4.9,mb,124,72,2.193,0.92,us,us7000nupk,2025-02-02T00:53:03.040Z,"27 km WSW of Ashkāsham, Afghanistan",earthquake,7.41,6.412,0.036,238,reviewed,us,us
2024-11-28T08:31:06.405Z,36.9025,136.3895,10,4.5,mwr,113,53,1.501,0.86,us,us7000nunw,2025-02-02T00:53:00.040Z,"35 km W of Hakui, Japan",earthquake,8.41,1.853,0.075,17,reviewed,us,us
2024-11-28T01:52:30.359Z,43.4651,-127.258,10,4.6,mww,149,199,1.697,0.92,us,us7000num7,2025-02-06T02:02:32.883Z,"234 km W of Bandon, Oregon",earthquake,7.62,2.002,0.055,32,reviewed,us,us
2024-11-27T22:03:56.840Z,-37.6381,179.6542,19,5.8,mww,171,45,1.073,0.91,us,us7000nula,2025-02-02T00:52:45.040Z,"119 km E of Hicks Bay, New Zealand",earthquake,8.19,1.753,0.046,46,reviewed,us,us
2024-11-27T21:58:45.297Z,15.4608,120.8046,182,5.7,mww,242,30,7.322,0.61,us,us7000nul8,2025-02-02T00:52:45.040Z,"1 km NNE of Concepcion, Philippines",earthquake,9.33,1.884,0.044,50,reviewed,us,us
2024-11-27T20:34:40.038Z,48.5992,100.2142,10,5,mb,92,40,4.202,0.62,us,us7000nuku,2025-02-02T00:52:43.040Z,"109 km SSW of Tsengel, Mongolia",earthquake,8.17,1.842,0.066,74,reviewed,us,us
2024-11-27T20:31:40.824Z,40.4137,77.8019,10,4.5,mwr,92,115,1.314,0.74,us,us7000nuks,2025-02-02T00:52:42.040Z,"123 km WNW of Tumxuk, China",earthquake,4.59,1.878,0.061,26,reviewed,us,us
2024-11-27T18:06:50.098Z,-59.2025,149.2152,10,5,mww,13,131,7.114,0.65,us,us7000nxwc,2025-02-02T00:55:14.040Z,"west of Macquarie Island",earthquake,15.44,1.502,0.089,12,reviewed,us,us
2024-11-27T18:04:59.046Z,11.2158,125.8036,35,4.5,mb,101,111,4.126,0.66,us,us7000nujz,2025-02-02T00:52:39.040Z,"16 km ENE of Salcedo, Philippines",earthquake,10.46,1.898,0.059,91,reviewed,us,us
2024-11-27T17:31:03.010Z,37.3462,71.5418,117.595,4.6,mww,117,88,1.96,0.58,us,us7000nuj7,2025-02-02T00:52:38.040Z,"15 km S of Khorugh, Tajikistan",earthquake,6.5,5.755,0.139,5,reviewed,us,us
2024-11-27T15:59:18.311Z,-60.2074,-47.5428,10,4.9,mww,80,56,8.429,0.61,us,us7000nuix,2025-02-02T00:52:36.040Z,"Scotia Sea",earthquake,8.83,1.869,0.127,6,reviewed,us,us
2024-11-27T15:46:15.608Z,27.7339,52.2669,10,4.5,mb,93,63,4.493,0.58,us,us7000nuiu,2025-02-02T00:52:35.040Z,"63 km WNW of Mohr, Iran",earthquake,4.8,1.856,0.057,90,reviewed,us,us
2024-11-27T15:32:24.165Z,24.0475,121.7131,45.962,4.6,mwr,97,67,0.691,0.81,us,us7000nuil,2025-02-02T00:52:33.040Z,"13 km NE of Hualien City, Taiwan",earthquake,2.36,6.02,0.063,24,reviewed,us,us
2024-11-27T12:33:13.962Z,10.1362,125.6025,115.826,4.9,mww,104,72,3.047,0.92,us,us7000nuhy,2025-02-02T00:52:30.040Z,"19 km N of Dinagat, Philippines",earthquake,10.18,7.025,0.083,14,reviewed,us,us
2024-11-27T08:59:03.951Z,9.1414,126.6882,6.194,5,mb,70,62,2.333,1.16,us,us7000nug7,2025-02-02T00:52:27.040Z,"49 km ENE of Bacolod, Philippines",earthquake,6.1,3.576,0.065,75,reviewed,us,us
2024-11-27T00:47:14.960Z,6.1006,128.2035,10,4.5,mb,19,169,2.779,0.52,us,us7000nxvz,2025-02-02T00:55:09.040Z,"220 km ESE of San Ignacio, Philippines",earthquake,14.28,1.944,0.15,13,reviewed,us,us
2024-11-27T00:05:37.490Z,-11.2852,-74.886,104.964,4.6,mb,64,69,2.039,0.62,us,us7000nue0,2025-02-02T00:52:18.040Z,"19 km NW of Mariposa, Peru",earthquake,8.6,5.296,0.05,120,reviewed,us,us
2024-11-26T21:01:48.220Z,49.307,155.4628,51.585,5.4,mww,132,49,4.058,0.62,us,us7000nuc0,2025-02-02T00:52:11.040Z,"159 km SSW of Severo-Kuril’sk, Russia",earthquake,8.89,4.372,0.061,26,reviewed,us,us
2024-11-26T17:19:47.342Z,37.0193,136.3818,10,4.9,mww,136,54,1.537,0.69,us,us7000nub4,2025-02-02T00:52:09.040Z,"38 km WNW of Hakui, Japan",earthquake,5.22,1.74,0.11,8,reviewed,us,us
2024-11-26T15:34:28.836Z,-11.9665,166.5209,132.776,4.5,mb,49,144,3.523,0.67,us,us7000nu9j,2025-02-02T00:52:08.040Z,"158 km SSE of Lata, Solomon Islands",earthquake,11.06,7.676,0.082,45,reviewed,us,us
2024-11-26T14:52:52.173Z,37.014,136.4042,10.46,4.9,mww,176,35,1.519,0.79,us,us7000nu9d,2025-02-02T00:52:06.040Z,"36 km WNW of Hakui, Japan",earthquake,5.52,3.885,0.086,13,reviewed,us,us
2024-11-26T14:46:47.488Z,-39.1206,174.834,208.389,4.9,mb,79,44,0.607,0.8,us,us7000nu9b,2025-02-02T00:52:06.040Z,"51 km NNW of Jerusalem, New Zealand",earthquake,3.07,4.613,0.072,61,reviewed,us,us
2024-11-26T13:47:03.411Z,36.9549,136.3653,8,6.1,mww,321,10,1.532,0.74,us,us7000nu90,2025-02-02T00:52:03.040Z,"38 km WNW of Hakui, Japan",earthquake,5.42,1.69,0.036,73,reviewed,us,us
2024-11-26T13:01:14.469Z,10.0072,126.4594,5.267,4.5,mb,59,104,3.046,0.64,us,us7000nu8w,2025-02-02T00:52:02.040Z,"42 km ENE of Pilar, Philippines",earthquake,10.24,4.144,0.076,57,reviewed,us,us
2024-11-26T12:57:12.179Z,10.0247,126.4913,10,4.6,mb,69,104,3.072,0.56,us,us7000nu8v,2025-02-02T00:52:01.040Z,"46 km ENE of Pilar, Philippines",earthquake,9.92,1.863,0.071,59,reviewed,us,us
2024-11-26T12:33:09.423Z,-30.4554,-71.3521,47.097,5.1,mww,196,93,0.327,0.55,us,us7000nu8n,2025-02-02T00:52:00.040Z,"21 km NW of Ovalle, Chile",earthquake,5.98,4.506,0.093,11,reviewed,us,us
2024-11-26T12:18:13.433Z,41.1111,140.6858,123.122,4.8,mb,189,74,0.431,0.55,us,us7000nu8k,2025-02-02T00:52:00.040Z,"14 km N of Yomogita, Japan",earthquake,6.8,4.015,0.037,232,reviewed,us,us
2024-11-26T09:41:15.521Z,15.9222,120.2381,58.963,4.5,mb,55,84,6.905,0.58,us,us7000nxuq,2025-02-02T00:54:57.040Z,"3 km SE of Umanday Centro, Philippines",earthquake,7.71,7.942,0.089,37,reviewed,us,us
2024-11-26T08:03:26.083Z,24.848,96.1065,10,4.9,mb,54,82,3.787,0.83,us,us7000nu7y,2025-02-02T00:51:55.040Z,"131 km WNW of Bhamo, Myanmar",earthquake,7.41,1.885,0.071,62,reviewed,us,us
2024-11-26T07:55:04.469Z,-2.903,129.3838,10,5,mb,80,45,1.69,0.69,us,us7000nu7t,2025-02-02T00:51:54.040Z,"63 km NE of Masohi, Indonesia",earthquake,6.52,1.717,0.06,89,reviewed,us,us
2024-11-26T04:31:21.640Z,38.7149,142.1147,44.201,5.3,mww,193,61,2.224,0.48,us,us7000nu6z,2025-02-02T00:51:47.040Z,"52 km SE of Ōfunato, Japan",earthquake,8.25,4.766,0.063,24,reviewed,us,us
2024-11-26T01:54:45.095Z,-20.5815,-178.7364,607.398,4.8,mb,117,40,4.144,0.6,us,us7000nu6a,2025-02-02T00:51:45.040Z,"Fiji region",earthquake,11.42,6.378,0.047,142,reviewed,us,us
2024-11-25T23:56:28.466Z,13.8628,-92.5928,14.35,4.7,mww,76,144,1.22,0.92,us,us7000nu5z,2025-02-02T00:51:40.040Z,"83 km SSW of Ocós, Guatemala",earthquake,5.86,1.959,0.078,16,reviewed,us,us
2024-11-25T19:18:16.011Z,4.3722,126.1791,79.965,4.5,mb,55,105,2.745,1.04,us,us7000nu3k,2025-02-02T00:51:36.040Z,"138 km SE of Sarangani, Philippines",earthquake,9.63,7.646,0.077,50,reviewed,us,us
2024-11-25T18:42:15.117Z,44.2913,79.8235,26.665,4.5,mwr,100,41,0.994,0.6,us,us7000nu3e,2025-02-02T00:51:35.040Z,"20 km NW of Zharkent, Kazakhstan",earthquake,5.78,4.423,0.058,29,reviewed,us,us
2024-11-25T15:37:42.187Z,29.2609,140.7624,94.022,5,mww,149,24,2.496,1.09,us,us6000p7l3,2025-02-02T00:50:42.040Z,"Izu Islands, Japan region",earthquake,7.13,5.237,0.068,21,reviewed,us,us
2024-11-25T15:15:35.778Z,-5.6984,-109.0735,10,4.6,mb,100,53,34.563,0.41,us,us7000nxm0,2025-02-02T00:54:51.040Z,"central East Pacific Rise",earthquake,8.73,1.83,0.057,90,reviewed,us,us
2024-11-25T15:13:23.372Z,-22.0612,-176.0954,78.885,4.9,mb,31,135,6.497,0.71,us,us6000p7ky,2025-02-02T00:50:41.040Z,"128 km SW of Houma, Tonga",earthquake,13.09,9.378,0.094,35,reviewed,us,us
2024-11-25T14:10:27.219Z,-15.1956,-172.9208,10,4.8,mb,43,97,1.689,0.87,us,us6000p7ks,2025-02-02T00:50:39.040Z,"125 km NE of Hihifo, Tonga",earthquake,11.28,1.809,0.095,38,reviewed,us,us
2024-11-25T12:13:43.702Z,-17.3177,-178.863,527.982,4.5,mb,42,70,1.886,0.71,us,us6000p7kh,2025-02-02T00:50:37.040Z,"210 km ENE of Levuka, Fiji",earthquake,12.18,8.89,0.084,41,reviewed,us,us
2024-11-25T08:24:36.722Z,47.5643,-128.8932,10,4.8,mww,190,146,0.388,0.45,us,us6000p7jr,2025-02-10T08:34:46.948Z,"283 km SW of Tofino, Canada",earthquake,4.68,1.749,0.05,38,reviewed,us,us
2024-11-25T06:10:41.829Z,25.872,128.5362,10,4.9,mb,126,67,0.989,0.38,us,us6000p7j5,2025-02-02T00:50:27.040Z,"83 km SE of Katsuren-haebaru, Japan",earthquake,5.48,1.846,0.056,99,reviewed,us,us
2024-11-25T04:51:31.827Z,6.7154,-73.0998,160.779,4.6,mb,73,38,0.818,0.61,us,us6000p7iv,2025-02-02T00:50:26.040Z,"1 km SSW of Jordán, Colombia",earthquake,7.58,7.482,0.034,257,reviewed,us,us
2024-11-24T23:32:53.814Z,31.0288,141.3959,35,4.5,mb,39,117,2.476,0.84,us,us6000p7i6,2025-01-30T17:00:34.040Z,"Izu Islands, Japan region",earthquake,9.75,1.92,0.118,21,reviewed,us,us
2024-11-24T18:07:12.523Z,-32.4897,-177.6823,10,4.7,mb,27,121,3.224,0.99,us,us6000p7gu,2025-01-30T17:00:33.040Z,"south of the Kermadec Islands",earthquake,10.6,1.91,0.118,22,reviewed,us,us
2024-11-24T16:18:59.569Z,-29.956,75.2547,10,4.6,mb,25,88,42.185,0.51,us,us7000nxck,2025-01-30T17:00:37.040Z,"Mid-Indian Ridge",earthquake,13.03,1.898,0.122,20,reviewed,us,us
2024-11-24T15:28:06.991Z,21.0242,-45.6921,10,4.5,mb,19,79,15.3,0.9,us,us7000nxci,2025-01-30T17:00:37.040Z,"northern Mid-Atlantic Ridge",earthquake,13.39,1.913,0.121,20,reviewed,us,us
2024-11-24T14:59:30.449Z,-17.7621,167.6633,10,4.6,mb,26,181,2.344,1.02,us,us6000p7g0,2025-01-30T17:00:33.040Z,"69 km W of Port-Vila, Vanuatu",earthquake,9.43,1.918,0.12,26,reviewed,us,us
2024-11-24T14:19:14.903Z,-21.9684,-179.5252,591.053,4.6,mb,63,86,5.561,0.73,us,us6000p7fw,2025-01-30T17:00:33.040Z,"Fiji region",earthquake,12.22,7.237,0.069,64,reviewed,us,us
2024-11-24T14:05:07.331Z,-55.1988,-1.6682,10,4.5,mb,13,128,16.544,1.11,us,us7000nxcf,2025-01-30T17:00:37.040Z,"Bouvet Island region",earthquake,11.56,1.912,0.151,13,reviewed,us,us
2024-11-24T12:57:19.040Z,-22.4159,-68.4407,114.69,4.8,mww,54,53,0.586,0.65,us,us6000p7fm,2025-01-30T17:00:33.040Z,"49 km E of Calama, Chile",earthquake,6.35,5.05,0.083,14,reviewed,us,us
2024-11-24T11:06:31.656Z,40.9697,142.8284,34.27,4.6,mb,105,167,1.073,0.55,us,us6000p7f7,2025-01-30T17:00:33.040Z,"123 km ENE of Hachinohe, Japan",earthquake,10.03,6.861,0.058,87,reviewed,us,us
2024-11-24T10:48:39.424Z,-29.7749,-178.9458,218.627,4.5,mb,20,118,1.03,0.88,us,us7000nxcc,2025-01-30T17:00:37.040Z,"Kermadec Islands, New Zealand",earthquake,17.91,9.369,0.127,18,reviewed,us,us
2024-11-24T07:58:36.433Z,-11.2689,34.7704,10,5,mb,61,49,7.545,0.8,us,us6000p7ec,2025-01-30T17:00:33.040Z,"1 km NNE of Mbamba Bay, Tanzania",earthquake,8.28,1.795,0.082,47,reviewed,us,us
2024-11-24T01:36:44.135Z,-7.5685,127.8432,175.47,4.9,mb,50,39,3.655,0.63,us,us6000p7cq,2025-01-30T17:00:33.040Z,"140 km NE of Lospalos, Timor Leste",earthquake,9.57,5.718,0.1,32,reviewed,us,us
2024-11-24T01:08:02.386Z,-23.4319,-115.0554,10,4.9,mb,80,87,40.014,0.6,us,us6000p7cn,2025-01-30T17:00:33.040Z,"southern East Pacific Rise",earthquake,14.73,1.863,0.064,78,reviewed,us,us
2024-11-24T00:30:25.518Z,-15.5454,167.8007,159.91,4.5,mb,27,130,0.584,0.71,us,us6000p7c9,2025-01-30T17:00:33.040Z,"68 km E of Luganville, Vanuatu",earthquake,13.49,6.884,0.121,20,reviewed,us,us
2024-11-23T23:55:54.209Z,-55.584,158.4021,10,5.1,mb,37,131,1.131,0.96,us,us6000p7c2,2025-01-30T17:00:33.040Z,"Macquarie Island region",earthquake,7.31,1.916,0.102,31,reviewed,us,us
2024-11-23T23:53:29.375Z,45.5317,119.5357,10,4.5,mb,74,79,3.743,0.72,us,us6000p7c3,2025-01-30T17:00:33.040Z,"207 km WSW of Ulanhot, China",earthquake,7.79,1.852,0.075,52,reviewed,us,us
2024-11-23T23:22:32.228Z,40.2025,142.3269,62.367,4.7,mww,217,136,1.127,0.62,us,us6000p7bu,2025-01-30T17:00:33.040Z,"44 km ENE of Noda, Japan",earthquake,6.71,5.733,0.117,7,reviewed,us,us
2024-11-23T19:24:29.576Z,5.5052,126.9072,85.727,4.6,mb,68,109,2.039,0.6,us,us6000p7at,2025-01-30T17:00:33.040Z,"124 km SE of Pondaguitan, Philippines",earthquake,8.54,4.519,0.069,64,reviewed,us,us
2024-11-23T19:04:30.553Z,-17.8504,-178.5153,587.878,5.9,mww,182,23,2.439,0.73,us,us6000p7aq,2025-01-30T17:00:33.040Z,"230 km E of Levuka, Fiji",earthquake,10.36,5.539,0.056,31,reviewed,us,us
2024-11-23T17:25:52.307Z,-17.7647,167.6439,10,4.6,mb,34,143,2.343,0.79,us,us7000nwnb,2025-01-30T17:00:37.040Z,"71 km W of Port-Vila, Vanuatu",earthquake,7.8,1.904,0.11,26,reviewed,us,us
2024-11-23T15:45:46.473Z,-26.4903,-176.2106,10,4.5,mb,8,272,3.137,0.28,us,us7000nwn7,2025-01-30T17:00:37.040Z,"south of the Fiji Islands",earthquake,9.39,1.998,0.22,7,reviewed,us,us
2024-11-23T14:43:18.846Z,-4.1071,142.954,89.517,5,mww,71,50,2.748,0.77,us,us6000p79h,2025-01-30T17:00:32.040Z,"19 km NE of Ambunti, Papua New Guinea",earthquake,6.48,5.784,0.11,8,reviewed,us,us
2024-11-23T14:13:24.786Z,-28.6843,-176.5695,10,4.7,mb,27,76,1.316,1.1,us,us6000p79b,2025-01-30T17:00:32.040Z,"Kermadec Islands region",earthquake,9.5,1.877,0.115,27,reviewed,us,us
2024-11-23T12:07:57.531Z,-2.9301,145.8812,10,4.8,mb,28,66,1.725,0.67,us,us6000p78s,2025-01-30T17:00:32.040Z,"183 km WSW of Lorengau, Papua New Guinea",earthquake,8.07,1.892,0.121,21,reviewed,us,us
2024-11-23T11:31:39.243Z,-0.1185,130.1043,10,4.5,mb,34,68,2.877,0.9,us,us6000p78n,2025-01-30T17:00:32.040Z,"46 km WNW of Waisai, Indonesia",earthquake,9.12,1.893,0.101,29,reviewed,us,us
2024-11-23T10:47:50.678Z,-2.8084,145.7523,10,5.1,mb,52,41,1.783,0.86,us,us6000p78j,2025-01-30T17:00:32.040Z,"189 km WSW of Lorengau, Papua New Guinea",earthquake,7.68,1.873,0.069,69,reviewed,us,us
2024-11-23T10:25:35.232Z,-2.8697,145.7214,10,5.1,mb,47,42,1.837,0.51,us,us6000p78e,2025-01-30T17:00:32.040Z,"195 km WSW of Lorengau, Papua New Guinea",earthquake,8.31,1.847,0.068,71,reviewed,us,us
2024-11-23T08:33:03.377Z,39.3572,71.8331,9.151,4.9,mww,195,67,0.123,0.49,us,usd00125in,2025-01-30T17:00:37.040Z,"29 km ENE of Karakenja, Tajikistan",earthquake,6.29,4.366,0.093,11,reviewed,us,us
2024-11-23T04:58:52.248Z,2.2558,128.0003,170.426,4.5,mb,29,88,1.604,0.42,us,us6000p76u,2025-01-30T17:00:32.040Z,"58 km N of Tobelo, Indonesia",earthquake,8.14,7.96,0.124,21,reviewed,us,us
2024-11-23T00:26:27.653Z,-52.8119,19.8222,10,4.7,mb,22,98,20.432,0.33,us,us6000p78d,2025-01-30T17:00:32.040Z,"southwest of Africa",earthquake,13.74,1.878,0.123,20,reviewed,us,us
2024-11-22T21:59:21.125Z,0.3333,122.1695,142.925,4.5,mb,49,60,1.493,0.68,us,us6000p757,2025-01-30T17:00:32.040Z,"101 km WSW of Gorontalo, Indonesia",earthquake,7.21,7.005,0.087,38,reviewed,us,us
2024-11-22T15:22:03.056Z,-0.0408,123.9169,100.713,4.8,mb,37,61,1.517,0.69,us,us6000p6zn,2025-01-30T17:00:32.040Z,"79 km SW of Modisi, Indonesia",earthquake,8.25,9.232,0.109,26,reviewed,us,us
2024-11-22T14:25:41.076Z,46.4814,153.3016,10,4.5,mb,107,136,7.216,0.81,us,us6000p6zh,2025-01-30T17:00:32.040Z,"Kuril Islands",earthquake,7.73,1.799,0.053,106,reviewed,us,us
2024-11-22T12:40:19.019Z,23.1252,120.2224,10,4.9,mwr,68,36,0.413,0.71,us,us6000p6ze,2025-01-30T17:00:32.040Z,"11 km NNW of Yongkang, Taiwan",earthquake,4.4,1.843,0.068,21,reviewed,us,us
2024-11-22T11:25:19.848Z,-53.0712,19.6854,10,5,mb,34,53,20.695,0.5,us,us6000p6z5,2025-01-30T17:00:32.040Z,"southwest of Africa",earthquake,9.22,1.826,0.102,31,reviewed,us,us
2024-11-22T11:07:50.337Z,-41.3812,-85.4577,10,4.8,mb,31,146,9.271,0.36,us,us6000p6z0,2025-01-30T17:00:32.040Z,"West Chile Rise",earthquake,9.2,1.762,0.069,65,reviewed,us,us
2024-11-22T11:04:58.589Z,-40.3751,-85.3557,10,4.7,mb,43,146,8.505,0.51,us,us6000p6z4,2025-01-30T17:00:32.040Z,"West Chile Rise",earthquake,11.7,1.93,0.112,24,reviewed,us,us
2024-11-22T11:03:27.442Z,-52.5625,19.9052,10,4.5,mb,13,99,20.181,0.9,us,us7000nwlg,2025-01-30T17:00:36.040Z,"southwest of Africa",earthquake,14.16,1.937,0.164,11,reviewed,us,us
2024-11-22T10:34:12.994Z,-52.6295,19.9616,10,4.7,mb,20,81,20.246,0.5,us,us7000nwlf,2025-01-30T17:00:36.040Z,"southwest of Africa",earthquake,12.45,1.908,0.127,19,reviewed,us,us
2024-11-22T09:29:49.069Z,36.4388,26.7603,127.172,4.6,mb,150,99,1.122,0.64,us,us6000p6yq,2025-01-30T17:00:32.040Z,"38 km SSW of Kéfalos, Greece",earthquake,5.62,4.955,0.063,76,reviewed,us,us
2024-11-22T09:24:10.495Z,-10.1983,-75.5463,10,4.7,mb,100,67,2.186,0.51,us,us6000p6yn,2025-01-30T17:00:32.040Z,"44 km NNW of Oxapampa, Peru",earthquake,6.76,1.862,0.052,116,reviewed,us,us
2024-11-22T08:31:05.892Z,0.4742,126.6396,56.986,4.5,mb,43,53,0.785,0.69,us,us6000p6yg,2025-01-30T17:00:32.040Z,"89 km WSW of Ternate, Indonesia",earthquake,7.65,8.189,0.096,32,reviewed,us,us
2024-11-22T07:51:05.718Z,2.5891,128.2336,68.892,5.1,mww,77,36,2.002,0.87,us,us6000p6y6,2025-01-30T17:00:32.040Z,"98 km NNE of Tobelo, Indonesia",earthquake,7.48,6.601,0.103,9,reviewed,us,us
2024-11-22T05:43:31.502Z,26.2377,125.024,10,4.5,mb,35,91,1.984,0.83,us,us6000p6xu,2025-01-30T17:00:32.040Z,"161 km N of Hirara, Japan",earthquake,7.97,1.91,0.128,18,reviewed,us,us
2024-11-22T03:44:40.893Z,6.8423,126.5548,108.561,4.5,mb,43,116,0.994,0.63,us,us6000p6xc,2025-01-30T17:00:32.040Z,"23 km SE of Lukatan, Philippines",earthquake,7.84,6.75,0.102,30,reviewed,us,us
2024-11-22T02:30:27.675Z,-17.5859,-69.5258,165.843,4.9,mb,80,82,0.044,1.12,us,us6000p6x2,2025-01-30T17:00:32.040Z,"50 km ENE of Palca, Peru",earthquake,7.09,5.156,0.051,120,reviewed,us,us
2024-11-22T02:08:44.730Z,-50.3328,112.6582,10,4.6,mb,18,81,17.717,0.54,us,us7000nwl6,2025-01-30T17:00:36.040Z,"southeast Indian Ridge",earthquake,13.46,1.931,0.137,16,reviewed,us,us
2024-11-22T02:03:21.499Z,-33.1925,-179.1526,60.374,4.6,mb,25,118,4.058,0.7,us,us6000p6wz,2025-01-30T17:00:32.040Z,"south of the Kermadec Islands",earthquake,10.05,6.234,0.122,20,reviewed,us,us
2024-11-21T22:08:01.067Z,-58.9276,-25.6304,69.335,4.9,mb,63,76,19.68,0.45,us,us6000p6vm,2025-01-30T17:00:32.040Z,"South Sandwich Islands region",earthquake,8.99,5.071,0.088,41,reviewed,us,us
2024-11-21T19:30:05.958Z,-7.9299,122.9502,237.307,4.6,mb,66,44,0.995,0.63,us,us6000p6u5,2025-01-30T17:00:31.040Z,"111 km NE of Maumere, Indonesia",earthquake,6.65,6.053,0.062,79,reviewed,us,us
2024-11-21T17:28:21.963Z,31.7767,131.5927,35,4.8,mb,72,99,1.008,1,us,us6000p6tl,2025-01-30T17:00:31.040Z,"22 km SE of Miyazaki, Japan",earthquake,6.3,1.914,0.059,89,reviewed,us,us
2024-11-21T16:35:56.072Z,17.9819,-102.4291,36.197,4.5,mb,39,192,1.838,1.15,us,us6000p6sn,2025-01-30T17:00:31.040Z,"6 km WSW of El Habillal, Mexico",earthquake,8.92,10.382,0.087,39,reviewed,us,us
2024-11-21T15:47:51.939Z,12.2138,-88.0878,50.114,4.5,mb,55,181,1.268,1.01,us,us6000p6s9,2025-01-30T17:00:31.040Z,"90 km SW of Jiquilillo, Nicaragua",earthquake,5.9,6.618,0.088,45,reviewed,us,us
2024-11-21T15:39:48.401Z,11.7017,144.3333,10,5,mww,80,65,1.947,0.72,us,us6000p6s7,2025-02-06T15:49:50.510Z,"176 km SSW of Merizo Village, Guam",earthquake,10.61,1.823,0.117,7,reviewed,us,us
2024-11-21T15:31:49.434Z,12.3167,-88.2027,54.371,4.6,mb,27,154,1.151,0.91,us,us7000nwj2,2025-01-30T17:00:36.040Z,"94 km WSW of Jiquilillo, Nicaragua",earthquake,9.95,9.396,0.082,45,reviewed,us,us
2024-11-21T15:18:43.631Z,-19.4579,-177.0411,329.694,4.8,mb,53,106,4.522,0.74,us,us6000p6s1,2025-01-30T17:00:31.040Z,"262 km NW of Houma, Tonga",earthquake,11.19,6.996,0.048,134,reviewed,us,us
2024-11-21T14:17:34.785Z,13.6374,145.3044,83.497,4.6,mb,36,71,0.427,0.5,us,us6000p6rp,2025-01-30T17:00:31.040Z,"46 km ENE of Yigo Village, Guam",earthquake,8.95,6.572,0.065,71,reviewed,us,us
2024-11-21T12:12:53.535Z,-2.32,138.9634,35.773,5.2,mb,53,65,6.734,0.62,us,us6000p6r8,2025-01-30T17:00:31.040Z,"188 km W of Abepura, Indonesia",earthquake,9.62,5.192,0.058,97,reviewed,us,us
2024-11-21T11:19:23.279Z,-22.1188,-179.6301,586.691,4.6,mb,58,94,4.866,0.77,us,us6000p6r5,2025-01-30T17:00:31.040Z,"south of the Fiji Islands",earthquake,12.94,9.612,0.052,108,reviewed,us,us
2024-11-21T10:56:35.973Z,-0.0901,124.2163,10,4.5,mb,36,50,1.726,1.24,us,us6000p6r3,2025-01-30T17:00:31.040Z,"64 km SSW of Modisi, Indonesia",earthquake,6.68,1.881,0.113,23,reviewed,us,us
2024-11-21T09:45:47.640Z,-16.3031,-176.3279,373.882,4.5,mb,44,64,2.632,1.04,us,us6000p6qw,2025-01-30T17:00:31.040Z,"273 km W of Hihifo, Tonga",earthquake,10.72,9.681,0.093,34,reviewed,us,us
2024-11-21T04:59:15.218Z,29.2777,51.2977,10,5,mb,137,70,6.142,0.57,us,us6000p6pu,2025-01-30T17:00:31.040Z,"7 km E of Borāzjān, Iran",earthquake,8.17,1.856,0.05,126,reviewed,us,us
2024-11-21T02:23:43.731Z,8.0131,-82.8917,10,4.8,mww,58,87,1.29,1.17,us,us6000p6p4,2025-01-30T17:00:31.040Z,"3 km SW of Burica, Panama",earthquake,6.28,1.903,0.066,22,reviewed,us,us
2024-11-21T01:42:21.021Z,79.7448,2.3153,10,4.5,mb,33,68,1.975,1.28,us,us6000p6p1,2025-01-30T17:00:31.040Z,"Greenland Sea",earthquake,8.88,1.9,0.104,27,reviewed,us,us
2024-11-20T19:30:49.998Z,13.2629,124.8657,25.602,4.5,mb,33,131,6.194,0.64,us,us7000nw63,2025-01-30T17:00:36.040Z,"69 km NNW of Cabodiongan, Philippines",earthquake,12.44,3.107,0.128,18,reviewed,us,us
2024-11-20T18:44:13.288Z,-17.1616,-174.4037,169.488,5.1,mww,95,135,4.104,0.56,us,us6000p6m3,2025-01-30T17:00:31.040Z,"148 km SSW of Hihifo, Tonga",earthquake,12.62,5.748,0.086,13,reviewed,us,us
2024-11-20T15:09:04.939Z,46.4137,136.0994,437.348,5.1,mb,279,23,3.648,0.88,us,us6000p6j0,2025-01-30T17:00:31.040Z,"21 km ESE of Vostok, Russia",earthquake,9.09,5.824,0.025,511,reviewed,us,us
2024-11-20T14:55:42.678Z,18.1848,145.4512,289.199,5,mb,230,30,2.952,0.62,us,us6000p6iz,2025-02-05T15:05:57.432Z,"Pagan region, Northern Mariana Islands",earthquake,8.83,6.95,0.029,385,reviewed,us,us
2024-11-20T14:51:16.096Z,-18.9765,169.2885,217.543,4.6,mb,53,97,4.007,0.83,us,us6000p6ix,2025-01-30T17:00:31.040Z,"62 km N of Isangel, Vanuatu",earthquake,9.36,8.071,0.078,49,reviewed,us,us
2024-11-20T14:43:51.351Z,79.8553,1.618,2.408,5.7,mww,311,48,2.131,0.45,us,us6000p6iv,2025-01-30T17:00:31.040Z,"Greenland Sea",earthquake,8.87,3.712,0.049,40,reviewed,us,us
2024-11-20T10:42:56.316Z,-20.7318,-176.3434,212.565,5.5,mww,196,50,5.867,0.45,us,us6000p6id,2025-01-30T17:00:31.040Z,"118 km WNW of Houma, Tonga",earthquake,11.8,6.695,0.05,38,reviewed,us,us
2024-11-20T09:26:28.745Z,-12.0635,165.7646,10,5.3,mww,59,131,3.642,0.81,us,us6000p6i8,2025-01-30T17:00:31.040Z,"148 km S of Lata, Solomon Islands",earthquake,9.41,1.906,0.078,16,reviewed,us,us
2024-11-20T08:09:51.060Z,38.0348,141.7745,69.197,4.5,mwr,75,123,2.805,0.71,us,us6000p6i0,2025-01-30T17:00:31.040Z,"53 km SSE of Onagawa Chō, Japan",earthquake,7.94,5.88,0.069,20,reviewed,us,us
2024-11-20T06:40:15.398Z,41.0576,141.0694,10,4.9,mww,98,115,0.268,0.61,us,us6000p6hv,2025-01-30T17:00:31.040Z,"15 km W of Yokohama, Japan",earthquake,6.72,1.842,0.078,16,reviewed,us,us
2024-11-20T04:21:33.100Z,12.4768,93.1336,74.037,4.7,mb,24,136,6.129,0.57,us,us7000nw5n,2025-01-30T17:00:36.040Z,"97 km NNE of Bamboo Flat, India",earthquake,13.7,8.209,0.126,19,reviewed,us,us
2024-11-20T04:06:52.201Z,-57.2773,-25.3447,10,4.6,mb,33,184,6.963,0.44,us,us6000p6h8,2025-01-30T17:00:30.040Z,"South Sandwich Islands region",earthquake,14.47,1.951,0.098,31,reviewed,us,us
2024-11-20T04:03:35.529Z,-56.4086,-5.8372,10,4.8,mb,25,213,15.376,0.45,us,us6000p6h7,2025-01-30T17:00:30.040Z,"southern Mid-Atlantic Ridge",earthquake,15.6,1.962,0.111,25,reviewed,us,us
2024-11-20T02:55:34.487Z,-52.4339,16.4074,10,4.5,mb,13,96,20.295,0.59,us,us7000nw5u,2025-01-30T17:00:36.040Z,"southwest of Africa",earthquake,15.43,1.923,0.156,12,reviewed,us,us
2024-11-20T01:41:02.811Z,44.7765,149.9122,48.038,4.7,mb,47,156,5.281,1.17,us,us6000p6gu,2025-01-30T17:00:30.040Z,"168 km ESE of Kuril’sk, Russia",earthquake,11.59,8.872,0.099,31,reviewed,us,us
2024-11-20T00:05:07.793Z,-30.2168,-177.463,39.402,4.6,mb,22,113,1.031,1.07,us,us7000nw5i,2025-01-30T17:00:36.040Z,"Kermadec Islands, New Zealand",earthquake,12.28,8.005,0.133,17,reviewed,us,us
2024-11-19T23:38:29.955Z,-17.8812,167.473,10,4.6,mb,21,96,2.434,1.1,us,us7000nvy6,2025-01-30T17:00:35.040Z,"90 km W of Port-Vila, Vanuatu",earthquake,7.86,1.639,0.158,12,reviewed,us,us
2024-11-19T20:50:43.859Z,-8.8591,122.0598,105.516,4.5,mb,67,40,0.283,0.94,us,us6000p6f9,2025-01-30T17:00:30.040Z,"31 km SSW of Maumere, Indonesia",earthquake,8.91,2.678,0.073,55,reviewed,us,us
2024-11-19T18:36:11.645Z,34.0768,138.3387,249.022,5,mww,128,34,1.561,0.6,us,us6000p6ev,2025-01-30T17:00:30.040Z,"59 km S of Ōyama, Japan",earthquake,7.21,5.061,0.063,24,reviewed,us,us
2024-11-19T14:56:40.701Z,14.5488,-90.7382,179.148,4.7,mb,88,148,0.233,0.8,us,us7000nsm9,2025-01-30T17:00:35.040Z,"1 km SSW of Antigua Guatemala, Guatemala",earthquake,7.19,5.846,0.049,129,reviewed,us,us
2024-11-19T12:28:14.019Z,-8.1086,107.4066,48.061,4.6,mb,45,48,0.686,0.34,us,us7000nslw,2025-01-30T17:00:35.040Z,"101 km S of Banjar, Indonesia",earthquake,6.7,6.874,0.088,39,reviewed,us,us
2024-11-19T12:23:23.078Z,25.7325,142.5252,10,4.6,mb,52,145,1.391,0.46,us,us7000nslv,2025-01-30T17:00:35.040Z,"Volcano Islands, Japan region",earthquake,10.57,1.921,0.088,38,reviewed,us,us
2024-11-19T08:34:02.404Z,6.1462,126.1658,105.102,5.1,mww,110,29,1.087,0.96,us,us7000nskr,2025-01-30T17:00:35.040Z,"23 km S of Pondaguitan, Philippines",earthquake,7.26,2.026,0.066,22,reviewed,us,us
2024-11-19T07:41:06.690Z,-28.0002,-177.2911,54.764,4.5,mb,16,236,1.361,1.3,us,us7000nvxj,2025-01-30T17:00:35.040Z,"Kermadec Islands region",earthquake,12.98,10.186,0.163,12,reviewed,us,us
2024-11-19T04:35:55.529Z,-27.2979,67.0955,10,4.5,mb,24,57,8.248,0.58,us,us7000nvxe,2025-01-30T17:00:35.040Z,"Indian Ocean Triple Junction",earthquake,11.09,1.883,0.136,16,reviewed,us,us
2024-11-19T03:11:16.984Z,-4.5104,153.4347,118.281,4.5,mb,30,155,1.419,0.53,us,us7000nsk0,2025-01-30T17:00:35.040Z,"130 km E of Kokopo, Papua New Guinea",earthquake,10.6,6.793,0.115,22,reviewed,us,us
2024-11-19T02:41:52.175Z,-21.0456,-175.7525,8,5.6,mww,72,74,6.479,0.86,us,us7000nsjt,2025-01-30T17:00:35.040Z,"48 km WNW of Houma, Tonga",earthquake,10.47,1.792,0.061,26,reviewed,us,us
2024-11-19T01:22:48.371Z,-22.9391,-176.9154,10,4.5,mb,29,124,6.345,0.79,us,us7000nvxd,2025-01-30T17:00:35.040Z,"257 km SW of Houma, Tonga",earthquake,13.03,1.885,0.144,14,reviewed,us,us
2024-11-19T01:07:10.532Z,31.9266,140.8768,54.639,4.7,mb,51,114,1.487,0.45,us,us7000nsjm,2025-01-30T17:00:35.040Z,"Izu Islands, Japan region",earthquake,8.75,7.445,0.092,36,reviewed,us,us
2024-11-18T21:42:16.442Z,18.4948,145.8046,208.932,4.6,mb,95,103,3.243,0.71,us,us7000nsib,2025-01-30T17:00:35.040Z,"Pagan region, Northern Mariana Islands",earthquake,10.28,7.391,0.06,81,reviewed,us,us
2024-11-18T20:50:31.213Z,17.5973,119.5156,10,4.7,mb,75,117,5.397,0.99,us,us7000nshu,2025-01-30T17:00:35.040Z,"89 km W of Cabittaogan, Philippines",earthquake,11.45,1.902,0.063,76,reviewed,us,us
2024-11-18T17:59:40.656Z,-12.0021,166.0439,10,4.7,mb,29,145,3.605,0.46,us,us7000nsh0,2025-01-30T17:00:35.040Z,"143 km S of Lata, Solomon Islands",earthquake,10.55,1.895,0.123,20,reviewed,us,us
2024-11-18T15:00:24.219Z,41.3433,-29.311,10,4.6,mb,29,81,4.62,0.28,us,us7000nvvd,2025-01-30T17:00:35.040Z,"260 km NE of Santa Cruz das Flores, Portugal",earthquake,12.86,1.882,0.122,20,reviewed,us,us
2024-11-18T14:51:20.371Z,-33.4273,57.2272,10,4.5,mb,17,109,12.283,0.54,us,us7000nvvc,2025-01-30T17:00:35.040Z,"Southwest Indian Ridge",earthquake,15.79,1.906,0.157,12,reviewed,us,us
2024-11-18T13:04:46.930Z,-16.7769,-72.6393,53.718,4.6,mwr,59,137,2.704,0.88,us,us7000nsf4,2025-01-30T17:00:35.040Z,"18 km SSE of Camaná, Peru",earthquake,9.23,6.229,0.06,27,reviewed,us,us
2024-11-18T07:25:11.022Z,25.1646,142.6107,10,4.6,mb,58,130,1.961,0.43,us,us7000nsdb,2025-01-30T17:00:35.040Z,"Volcano Islands, Japan region",earthquake,10.65,1.9,0.089,40,reviewed,us,us
2024-11-18T07:06:26.733Z,29.8092,92.13,10,4.5,mb,56,100,0.878,0.35,us,us7000nsei,2025-01-30T17:00:35.040Z,"101 km E of Lhasa, China",earthquake,6.46,1.881,0.084,41,reviewed,us,us
2024-11-18T07:01:58.960Z,29.8909,92.1777,10,4.7,mb,106,80,0.932,0.49,us,us7000nsd6,2025-01-30T17:00:35.040Z,"107 km ENE of Lhasa, China",earthquake,5.9,1.853,0.06,86,reviewed,us,us
2024-11-18T05:24:16.424Z,-56.4573,147.3488,10,4.9,mb,42,84,6.875,0.49,us,us7000nscz,2025-01-30T17:00:35.040Z,"west of Macquarie Island",earthquake,6.58,1.783,0.095,36,reviewed,us,us
2024-11-18T05:20:46.695Z,-49.6164,116.4295,10,4.5,mb,22,92,16.684,0.66,us,us7000nvv0,2025-01-30T17:00:35.040Z,"western Indian-Antarctic Ridge",earthquake,7.63,1.85,0.145,14,reviewed,us,us
2024-11-18T04:57:10.969Z,-34.4713,55.1557,10,4.9,mb,30,73,11.827,0.5,us,us7000nscv,2025-01-30T17:00:34.040Z,"Southwest Indian Ridge",earthquake,6.09,1.891,0.12,22,reviewed,us,us
2024-11-18T03:35:34.227Z,20.7794,121.9014,18.497,5.1,mb,62,144,2.167,0.67,us,us7000nscj,2025-01-30T17:00:34.040Z,"37 km N of Basco, Philippines",earthquake,10.47,7.006,0.049,139,reviewed,us,us
2024-11-18T02:18:49.956Z,15.097,147.1498,10,5.1,mb,56,82,1.318,0.76,us,us7000nsce,2025-02-10T02:29:00.137Z,"150 km E of Saipan, Northern Mariana Islands",earthquake,7.94,1.822,0.068,70,reviewed,us,us
2024-11-18T00:00:45.051Z,-12.7093,-14.5935,10,5,mb,116,46,4.752,0.46,us,us7000nsc0,2025-01-30T17:00:34.040Z,"southern Mid-Atlantic Ridge",earthquake,9.27,1.836,0.054,108,reviewed,us,us
2024-11-17T23:26:48.458Z,-9.4678,113.8784,48.28,4.5,mb,38,110,1.028,0.6,us,us7000nvpb,2025-01-26T16:31:18.040Z,"122 km SSW of Gambiran Satu, Indonesia",earthquake,6.88,7.51,0.106,26,reviewed,us,us
2024-11-17T23:24:31.378Z,-12.797,-14.6199,10,4.9,mb,71,58,4.84,0.68,us,us7000nvpa,2025-01-26T16:31:18.040Z,"southern Mid-Atlantic Ridge",earthquake,8.73,1.854,0.07,65,reviewed,us,us
2024-11-17T23:16:14.225Z,-12.7831,-14.711,10,5,mb,96,62,4.832,0.49,us,us7000nsbw,2025-01-26T16:30:42.040Z,"southern Mid-Atlantic Ridge",earthquake,10.1,1.846,0.06,89,reviewed,us,us
2024-11-17T23:05:54.744Z,-12.8337,-14.9719,10,5.1,mb,111,57,4.907,0.68,us,us7000nsbu,2025-01-26T16:30:42.040Z,"southern Mid-Atlantic Ridge",earthquake,6.1,1.805,0.057,101,reviewed,us,us
2024-11-17T23:01:10.713Z,-1.7787,139.4504,10,4.8,mb,62,39,1.45,0.34,us,us7000nsbt,2025-01-26T16:30:42.040Z,"159 km NW of Abepura, Indonesia",earthquake,3.52,1.85,0.082,46,reviewed,us,us
2024-11-17T20:45:07.237Z,37.2211,68.8368,10,4.5,mb,71,57,1.07,0.76,us,us7000nsbe,2025-01-26T16:30:41.040Z,"5 km E of Qarāwul, Afghanistan",earthquake,4.39,1.855,0.067,66,reviewed,us,us
2024-11-17T18:55:36.976Z,-4.7992,153.2955,63.576,5.1,mww,76,73,1.28,0.74,us,us7000nsaz,2025-01-26T16:30:39.040Z,"124 km ESE of Kokopo, Papua New Guinea",earthquake,8.71,6.559,0.071,19,reviewed,us,us
2024-11-17T18:39:54.444Z,3.2614,88.6924,10,4.5,mb,29,65,8.46,0.65,us,us7000nvp4,2025-01-26T16:31:16.040Z,"North Indian Ocean",earthquake,6.55,1.734,0.121,20,reviewed,us,us
2024-11-17T18:37:06.459Z,-16.1728,-172.7964,10,4.5,mb,23,84,2.455,0.5,us,us7000nvp2,2025-01-26T16:31:16.040Z,"109 km ESE of Hihifo, Tonga",earthquake,8.47,1.874,0.156,12,reviewed,us,us
2024-11-17T17:23:51.552Z,21.3822,143.7554,10,4.5,mb,44,120,5.866,0.58,us,us7000nvp0,2025-01-26T16:31:15.040Z,"Mariana Islands region",earthquake,11.03,1.891,0.097,31,reviewed,us,us
2024-11-17T14:14:02.939Z,-24.2112,179.8941,515.2,4.8,mb,53,84,5.378,0.79,us,us7000nsac,2025-01-26T16:30:38.040Z,"south of the Fiji Islands",earthquake,13.07,8.773,0.051,121,reviewed,us,us
2024-11-17T12:16:29.874Z,29.0424,131.3968,8,6.1,mww,134,32,2.591,0.9,us,us7000nsa3,2025-01-26T16:30:37.040Z,"156 km SSE of Koshima, Japan",earthquake,6.25,1.822,0.041,56,reviewed,us,us
2024-11-17T04:26:43.817Z,0.7672,126.0316,40.002,4.9,mb,48,62,1.335,0.86,us,us7000ns8i,2025-01-26T16:30:33.040Z,"125 km SE of Bitung, Indonesia",earthquake,8.57,7.719,0.075,59,reviewed,us,us
2024-11-17T04:14:38.099Z,-24.2119,179.9889,514.008,4.5,mb,57,77,5.347,0.89,us,us7000ns8g,2025-01-26T16:30:33.040Z,"south of the Fiji Islands",earthquake,13.25,7.071,0.076,55,reviewed,us,us
2024-11-16T23:49:30.546Z,37.0996,71.2466,99.394,4.5,mb,43,89,1.89,0.76,us,us7000ns7u,2025-01-26T16:30:30.040Z,"45 km NE of Jurm, Afghanistan",earthquake,7.69,9.485,0.108,25,reviewed,us,us
2024-11-16T18:35:17.573Z,-0.0453,99.5357,96.702,4.5,mb,50,122,2.79,0.79,us,us7000ns6v,2025-01-26T16:30:28.040Z,"90 km NW of Pariaman, Indonesia",earthquake,7.48,7.386,0.091,38,reviewed,us,us
2024-11-16T18:19:47.940Z,13.0788,144.8546,51.681,4.5,mb,48,122,0.508,1.07,us,us7000nvhn,2025-01-26T16:31:10.040Z,"24 km SSE of Inarajan Village, Guam",earthquake,10.03,6.772,0.09,39,reviewed,us,us
2024-11-16T16:39:15.415Z,-17.6376,-178.8675,542.916,4.6,mb,117,115,2.043,0.78,us,us7000ns6k,2025-01-26T16:30:27.040Z,"198 km ENE of Levuka, Fiji",earthquake,11.84,5.676,0.037,228,reviewed,us,us
2024-11-16T15:43:59.785Z,-14.8219,167.2572,129.55,4.9,mb,90,54,0.624,0.63,us,us7000ns6f,2025-01-26T16:30:25.040Z,"31 km NE of Port-Olry, Vanuatu",earthquake,9.56,4.888,0.063,83,reviewed,us,us
2024-11-16T15:28:38.970Z,1.4242,98.3549,75.127,4.9,mb,121,43,1.384,0.6,us,us7000ns6d,2025-01-26T16:30:24.040Z,"58 km SW of Sibolga, Indonesia",earthquake,7.64,6.385,0.055,111,reviewed,us,us
2024-11-16T14:15:52.873Z,-23.1064,-67.9729,134.316,4.5,mb,24,50,0.244,0.83,us,us7000ns64,2025-01-26T16:30:23.040Z,"31 km SE of San Pedro de Atacama, Chile",earthquake,8.11,6.634,0.171,10,reviewed,us,us
2024-11-16T13:47:35.807Z,53.1113,159.8822,56.37,5,mww,104,78,0.749,0.98,us,us7000ns62,2025-01-26T16:30:22.040Z,"84 km E of Petropavlovsk-Kamchatsky, Russia",earthquake,7.89,5.836,0.117,7,reviewed,us,us
2024-11-16T12:22:17.410Z,41.0392,141.0132,9.94,5,mb,79,92,0.252,0.45,us,us7000ns5p,2025-01-26T16:30:22.040Z,"14 km NNE of Hiranai, Japan",earthquake,6.83,4.243,0.031,335,reviewed,us,us
2024-11-16T11:58:32.568Z,-5.3391,151.4016,93.831,4.9,mb,50,62,1.37,0.86,us,us7000ns5m,2025-01-26T16:30:21.040Z,"142 km E of Kimbe, Papua New Guinea",earthquake,8.32,7.175,0.081,48,reviewed,us,us
2024-11-16T09:50:15.653Z,17.7624,-61.4983,24.461,4.6,mwr,67,56,0.289,0.7,us,us7000ns58,2025-01-26T16:30:19.040Z,"37 km ENE of Codrington, Antigua and Barbuda",earthquake,6.6,4.925,0.053,34,reviewed,us,us
2024-11-16T08:22:26.471Z,-12.1604,166.651,119.062,5.4,mww,159,44,3.311,0.58,us,us7000ns4s,2025-01-26T16:30:18.040Z,"184 km SSE of Lata, Solomon Islands",earthquake,7.46,6.404,0.066,22,reviewed,us,us
2024-11-16T07:25:57.285Z,-55.9341,-26.4893,10,4.6,mb,17,79,5.972,0.96,us,us7000nvh5,2025-01-26T16:31:07.040Z,"South Sandwich Islands region",earthquake,13.11,1.93,0.141,16,reviewed,us,us
2024-11-16T07:03:06.199Z,14.2387,-93.0921,10,4.9,mww,144,168,1.205,0.71,us,us7000ns4l,2025-01-26T16:30:17.040Z,"89 km SW of Puerto Madero, Mexico",earthquake,6.23,1.847,0.051,37,reviewed,us,us
2024-11-16T03:51:18.038Z,-19.1017,-177.5847,535.594,4.6,mb,33,132,3.902,0.63,us,us7000ns3y,2025-01-26T16:30:15.040Z,"Fiji region",earthquake,14.87,9.463,0.119,23,reviewed,us,us
2024-11-16T02:17:09.831Z,-15.2575,-13.402,10,5.1,mww,60,59,7.41,1.18,us,us7000ns3m,2025-01-26T16:30:14.040Z,"southern Mid-Atlantic Ridge",earthquake,5.2,1.816,0.098,10,reviewed,us,us
2024-11-15T23:05:32.608Z,-19.5791,-174.1464,10,4.8,mb,42,96,4.015,0.61,us,us7000ns3a,2025-01-26T16:30:13.040Z,"26 km NE of Fangale’ounga, Tonga",earthquake,11.38,1.861,0.098,32,reviewed,us,us
2024-11-15T21:11:49.989Z,17.7746,-61.5099,28.025,5,mww,180,56,0.283,0.61,us,us7000ns2h,2025-01-26T16:30:10.040Z,"36 km ENE of Codrington, Antigua and Barbuda",earthquake,5.28,4.034,0.08,15,reviewed,us,us
2024-11-15T18:03:43.085Z,-4.5782,153.4185,112.769,4.6,mb,90,100,1.309,0.86,us,us7000ns1x,2025-01-26T16:30:09.040Z,"130 km ESE of Kokopo, Papua New Guinea",earthquake,10.05,6.479,0.063,84,reviewed,us,us
2024-11-15T17:58:51.265Z,35.8011,140.7467,50.526,4.7,mww,170,81,0.606,0.55,us,us7000ns1s,2025-01-26T16:30:08.040Z,"10 km NW of Hasaki, Japan",earthquake,6.83,5.236,0.103,9,reviewed,us,us
2024-11-15T17:57:24.538Z,-4.5001,153.4014,114.981,4.5,mb,83,97,1.272,0.71,us,us7000ns1t,2025-01-26T16:30:08.040Z,"126 km E of Kokopo, Papua New Guinea",earthquake,9.64,6.489,0.068,72,reviewed,us,us
2024-11-15T15:41:05.650Z,36.0525,140.8439,53.349,4.5,mb,39,138,2.188,1.17,us,us7000ns09,2025-01-26T16:30:07.040Z,"20 km ENE of Kashima-shi, Japan",earthquake,8.52,8.745,0.106,26,reviewed,us,us
2024-11-15T14:05:25.578Z,-23.4331,170.6896,13.882,4.9,mb,35,161,3.097,0.74,us,us7000nrz2,2025-01-26T16:30:06.040Z,"southeast of the Loyalty Islands",earthquake,12,5.235,0.108,29,reviewed,us,us
2024-11-15T11:38:17.024Z,-23.4723,170.5049,10,5,mb,19,245,2.944,0.84,us,us7000nryk,2025-01-26T16:30:04.040Z,"southeast of the Loyalty Islands",earthquake,12.36,1.992,0.133,18,reviewed,us,us
2024-11-15T11:34:47.946Z,-6.252,129.7799,10,4.6,mb,19,95,1.723,0.65,us,us7000nryj,2025-01-26T16:30:04.040Z,"Banda Sea",earthquake,7.71,1.903,0.132,17,reviewed,us,us
2024-11-15T10:51:25.546Z,-5.6122,151.5265,51.718,4.6,mb,66,45,1.389,0.41,us,us7000nryh,2025-01-26T16:30:03.040Z,"154 km E of Kimbe, Papua New Guinea",earthquake,10.31,7.189,0.075,53,reviewed,us,us
2024-11-15T10:41:07.227Z,-61.2858,153.9957,10,5.5,mww,30,124,7.296,0.38,us,us7000nryg,2025-01-26T16:30:03.040Z,"Balleny Islands region",earthquake,8.95,1.879,0.068,21,reviewed,us,us
2024-11-15T10:39:23.706Z,-61.4248,154.2239,10,4.5,mb,17,102,7.383,0.46,us,us7000nuyy,2025-01-26T16:31:05.040Z,"Balleny Islands region",earthquake,6.69,1.932,0.14,15,reviewed,us,us
2024-11-15T10:38:56.697Z,-4.2103,143.6146,10,4.5,mb,43,47,3.359,0.54,us,us7000nuyx,2025-01-26T16:31:04.040Z,"52 km WSW of Angoram, Papua New Guinea",earthquake,5.55,1.858,0.097,31,reviewed,us,us
2024-11-15T09:11:02.560Z,-4.8293,153.137,66.809,4.6,mb,35,78,1.159,0.2,us,us7000nuyw,2025-01-26T16:31:04.040Z,"110 km ESE of Kokopo, Papua New Guinea",earthquake,9.39,6.924,0.101,29,reviewed,us,us
2024-11-15T09:02:01.836Z,41.0371,40.882,10,4.5,mwr,131,31,1.06,0.38,us,us7000nry6,2025-01-26T16:30:01.040Z,"2 km WNW of Nurluca, Turkey",earthquake,4.47,1.825,0.058,29,reviewed,us,us
2024-11-15T08:41:47.013Z,-19.3958,-172.9908,10,5.4,mb,53,71,2.912,1.13,us,us7000nry3,2025-01-26T16:30:01.040Z,"133 km SE of Neiafu, Tonga",earthquake,6.03,1.866,0.082,51,reviewed,us,us
2024-11-15T07:46:20.265Z,37.9554,37.6128,6.57,4.9,mwr,51,67,0.623,0.47,us,us7000nrxw,2025-01-26T16:30:00.040Z,"15 km E of Nurhak, Turkey",earthquake,4.14,4.361,0.066,22,reviewed,us,us
2024-11-15T07:45:09.642Z,-5.6835,152.025,48.263,4.6,mb,33,131,1.489,0.98,us,us7000nrxx,2025-01-26T16:30:00.040Z,"150 km S of Kokopo, Papua New Guinea",earthquake,8.99,4.098,0.114,23,reviewed,us,us
2024-11-15T07:29:20.437Z,-5.8798,147.4761,88.534,4.8,mb,47,52,3.516,0.82,us,us7000nrxu,2025-01-26T16:30:00.040Z,"85 km NNW of Finschhafen, Papua New Guinea",earthquake,7.17,8.161,0.089,39,reviewed,us,us
2024-11-15T05:28:30.650Z,-4.7548,153.2923,56,6.6,mww,113,19,1.257,0.67,us,us7000nrwz,2025-01-26T16:29:58.040Z,"122 km ESE of Kokopo, Papua New Guinea",earthquake,8.14,1.856,0.061,26,reviewed,us,us
2024-11-15T03:59:22.357Z,-31.1362,-176.5246,10,4.5,mb,21,111,2.225,1.2,us,us7000nrwu,2025-01-26T16:29:57.040Z,"Kermadec Islands region",earthquake,6.94,1.912,0.15,15,reviewed,us,us
2024-11-15T03:46:47.213Z,6.6353,-82.3689,10,4.9,mww,40,167,2.751,1.18,us,us7000nrwt,2025-01-26T16:29:57.040Z,"164 km SSE of Burica, Panama",earthquake,8.06,1.952,0.045,48,reviewed,us,us
2024-11-15T02:17:08.228Z,51.7219,-173.6364,43.707,4.7,mb,82,139,0.593,0.91,us,us7000nrwh,2025-01-26T16:29:56.040Z,"65 km SE of Atka, Alaska",earthquake,7.21,5.434,0.038,206,reviewed,us,us
2024-11-15T02:08:13.027Z,0.476,126.7461,66.17,4.6,mb,49,41,0.686,0.76,us,us7000nrwg,2025-01-26T16:29:55.040Z,"79 km WSW of Ternate, Indonesia",earthquake,6.49,6.435,0.107,31,reviewed,us,us
2024-11-15T00:18:53.328Z,25.3423,142.7027,23.354,4.6,mb,25,162,1.807,0.45,us,us7000nuyn,2025-01-26T16:31:02.040Z,"Volcano Islands, Japan region",earthquake,14.45,6.778,0.141,15,reviewed,us,us
2024-11-15T00:11:57.919Z,51.5497,-178.2559,51.802,5.1,mb,112,87,0.303,0.59,us,us7000nrw7,2025-02-07T00:22:05.296Z,"117 km WSW of Adak, Alaska",earthquake,3.45,4.293,0.025,506,reviewed,us,us
2024-11-14T21:49:14.072Z,51.7938,-178.5843,91.053,4.7,mb,230,99,0.103,0.67,us,us7000nrv2,2025-01-26T16:29:52.040Z,"134 km W of Adak, Alaska",earthquake,5.92,3.338,0.041,180,reviewed,us,us
2024-11-14T19:08:17.852Z,-6.0117,104.3629,92.099,5.1,mb,85,64,2.158,0.82,us,us7000nrtu,2025-01-26T16:29:50.040Z,"118 km WSW of Bandar Lampung, Indonesia",earthquake,4.97,6.455,0.047,146,reviewed,us,us
2024-11-14T17:51:37.077Z,-0.2281,127.0888,38.646,4.7,mb,49,84,1.031,0.53,us,us7000nrtj,2025-01-26T16:29:49.040Z,"61 km NW of Labuha, Indonesia",earthquake,6.73,6.292,0.077,51,reviewed,us,us
2024-11-14T11:15:12.381Z,38.7407,142.6363,41.181,4.5,mb,45,122,2.378,1.38,us,us7000nrpa,2025-01-26T16:29:46.040Z,"87 km ESE of Ōfunato, Japan",earthquake,8.13,6.748,0.124,19,reviewed,us,us
2024-11-14T09:37:05.117Z,11.9804,92.8301,56.21,4.6,mb,26,96,6.58,0.27,us,us7000nuy3,2025-01-26T16:31:01.040Z,"33 km NNE of Bamboo Flat, India",earthquake,11.52,8.713,0.14,16,reviewed,us,us
2024-11-14T09:16:31.724Z,16.47,-98.4401,41.058,5,mb,79,162,1.093,0.71,us,us7000nrp3,2025-01-26T16:29:45.040Z,"2 km W of Cuajinicuilapa, Mexico",earthquake,8.96,7.135,0.033,285,reviewed,us,us
2024-11-14T07:54:45.184Z,-22.178,-179.6578,607.134,4.5,mb,35,112,4.908,0.72,us,us7000nrnx,2025-01-26T16:29:44.040Z,"south of the Fiji Islands",earthquake,10.87,9.591,0.102,28,reviewed,us,us
2024-11-14T02:38:16.293Z,23.8553,121.676,27.476,4.6,mwr,160,55,0.577,0.76,us,us7000nrn9,2025-01-26T16:29:43.040Z,"15 km SSE of Hualien City, Taiwan",earthquake,3.23,4.517,0.073,18,reviewed,us,us
2024-11-14T02:12:06.078Z,29.188,130.1348,60.557,4.5,mb,38,101,2.33,0.99,us,us7000nrn4,2025-01-26T16:29:42.040Z,"97 km NNE of Tatsugō, Japan",earthquake,8.28,9.122,0.111,24,reviewed,us,us
2024-11-14T00:44:39.844Z,36.3385,-33.7911,10,4.6,mb,51,117,6.762,0.58,us,us7000nrnr,2025-01-26T16:29:44.040Z,"Azores Islands region",earthquake,12.38,1.902,0.085,41,reviewed,us,us
2024-11-14T00:02:14.259Z,39.9904,141.5193,80.608,4.5,mb,90,133,0.87,0.48,us,us7000nrml,2025-01-26T16:29:40.040Z,"8 km SE of Kuzumaki, Japan",earthquake,7.2,5.286,0.065,70,reviewed,us,us
2024-11-13T18:40:42.360Z,-5.0587,102.2493,18.592,4.9,mb,100,94,0.988,0.74,us,us7000nrl4,2025-01-26T16:29:38.040Z,"139 km S of Bengkulu, Indonesia",earthquake,2.9,3.66,0.067,69,reviewed,us,us
2024-11-13T16:51:09.615Z,-29.8593,-177.2971,54.389,4.5,mb,19,222,0.806,1.02,us,us7000nuwt,2025-01-26T16:30:57.040Z,"Kermadec Islands, New Zealand",earthquake,12.86,11.731,0.156,12,reviewed,us,us
2024-11-13T16:34:06.010Z,31.7007,140.5693,60.722,4.5,mb,50,110,1.548,1.16,us,us7000nrky,2025-01-26T16:29:38.040Z,"Izu Islands, Japan region",earthquake,8.78,8.159,0.093,34,reviewed,us,us
2024-11-13T15:47:56.598Z,36.5366,70.8309,222.409,4.9,mb,199,65,2.064,0.67,us,us7000nrj9,2025-01-26T16:29:37.040Z,"36 km S of Jurm, Afghanistan",earthquake,7.44,6.502,0.044,164,reviewed,us,us
2024-11-13T10:20:37.127Z,13.9983,145.5315,92.568,4.5,mb,32,139,0.762,0.5,us,us7000nrir,2025-01-26T16:29:34.040Z,"86 km NE of Yigo Village, Guam",earthquake,7.61,7.473,0.107,26,reviewed,us,us
2024-11-13T07:14:41.426Z,20.8444,-45.5943,10,4.7,mb,37,80,15.342,0.53,us,us7000nuwl,2025-01-26T16:30:56.040Z,"northern Mid-Atlantic Ridge",earthquake,12.38,1.889,0.081,46,reviewed,us,us
2024-11-13T05:23:00.735Z,25.38,142.6328,10,4.6,mb,35,145,1.755,0.89,us,us7000nuwg,2025-01-26T16:30:55.040Z,"Volcano Islands, Japan region",earthquake,8.63,1.926,0.103,28,reviewed,us,us
2024-11-13T05:21:51.221Z,-22.3983,170.9583,10,4.8,mb,35,200,3.254,0.63,us,us7000nrhs,2025-01-26T16:29:32.040Z,"southeast of the Loyalty Islands",earthquake,11.59,1.957,0.107,27,reviewed,us,us
2024-11-13T05:13:20.904Z,36.5137,71.1648,231.72,5,mb,119,32,2.246,0.84,us,us7000nrhn,2025-01-26T16:29:31.040Z,"37 km WSW of Ashkāsham, Afghanistan",earthquake,7.63,5.213,0.034,280,reviewed,us,us
2024-11-13T04:15:07.727Z,29.695,92.3151,10,4.5,mb,38,90,6.459,1.01,us,us7000nrhe,2025-01-26T16:29:30.040Z,"117 km E of Lhasa, China",earthquake,10.94,1.9,0.097,31,reviewed,us,us
2024-11-13T02:51:17.060Z,15.9496,147.2513,10,4.6,mb,23,98,1.576,0.4,us,us7000nuwa,2025-01-26T16:30:54.040Z,"180 km ENE of Saipan, Northern Mariana Islands",earthquake,9.36,1.476,0.141,15,reviewed,us,us
2024-11-13T01:41:08.033Z,-8.2506,107.8746,82.375,4.9,mb,61,80,0.814,0.61,us,us7000nrgq,2025-01-26T16:29:30.040Z,"102 km SSW of Singaparna, Indonesia",earthquake,6.76,6.358,0.061,83,reviewed,us,us
2024-11-13T01:29:31.195Z,-58.7095,-24.8231,21.151,5.1,mb,70,51,7.827,0.62,us,us7000nrgn,2025-01-26T16:29:29.040Z,"South Sandwich Islands region",earthquake,10.88,3.116,0.064,78,reviewed,us,us
2024-11-13T00:20:04.590Z,16.2026,-98.5442,10,4.9,mb,100,157,0.443,1.11,us,us7000nuw7,2025-01-26T16:30:54.040Z,"18 km SW of Santiago Tepextla, Mexico",earthquake,5.53,1.909,0.064,75,reviewed,us,us
2024-11-13T00:18:23.349Z,16.2665,-98.4105,13.807,5,mww,116,164,1.298,0.67,us,us7000nrgf,2025-01-26T16:29:28.040Z,"8 km SSW of Santo Domingo Armenta, Mexico",earthquake,9.64,5.572,0.059,28,reviewed,us,us
2024-11-12T16:36:13.400Z,-55.4768,-3.4351,10,4.6,mb,9,164,16.26,0.6,us,us7000nuse,2025-01-26T16:30:53.040Z,"southern Mid-Atlantic Ridge",earthquake,13.73,1.91,0.193,9,reviewed,us,us
2024-11-12T16:10:25.688Z,-1.2366,-13.441,10,4.9,mb,51,87,15.912,0.68,us,us7000nusk,2025-01-26T16:30:54.040Z,"north of Ascension Island",earthquake,7.35,1.876,0.083,46,reviewed,us,us
2024-11-12T16:08:42.376Z,-1.3352,-13.2522,10,5.4,mb,308,29,6.566,0.54,us,us7000nrcp,2025-01-26T16:29:24.040Z,"north of Ascension Island",earthquake,8.68,1.768,0.034,307,reviewed,us,us
2024-11-12T14:41:38.243Z,29.6823,92.1177,10,4.5,mb,22,116,0.862,0.37,us,us7000nusc,2025-01-26T16:30:52.040Z,"98 km E of Lhasa, China",earthquake,9.17,1.94,0.131,17,reviewed,us,us
2024-11-12T14:31:59.248Z,-4.6006,152.4987,87.552,5.3,mww,221,21,0.526,0.79,us,us7000nrci,2025-01-26T16:29:24.040Z,"38 km SE of Kokopo, Papua New Guinea",earthquake,7.35,4.26,0.098,10,reviewed,us,us
2024-11-12T13:48:50.508Z,36.2683,141.3038,42.747,4.5,mb,67,133,1.252,0.52,us,us7000nrcd,2025-01-26T16:29:23.040Z,"64 km E of Ōarai, Japan",earthquake,8.58,7.562,0.073,58,reviewed,us,us
2024-11-12T09:58:43.471Z,27.1144,130.008,10,4.6,mb,74,88,1.573,0.4,us,us7000nusd,2025-01-26T16:30:53.040Z,"122 km ESE of Isen, Japan",earthquake,5.95,1.859,0.075,53,reviewed,us,us
2024-11-12T09:24:29.442Z,0.5861,126.1349,34.193,5.2,mww,161,47,1.245,0.54,us,us7000nrbx,2025-01-26T16:29:23.040Z,"140 km W of Ternate, Indonesia",earthquake,7,4.756,0.086,13,reviewed,us,us
2024-11-12T06:26:33.452Z,-3.1717,123.4898,17.803,4.6,mb,31,89,2.234,0.62,us,us7000nrbp,2025-01-26T16:29:21.040Z,"140 km NE of Kendari, Indonesia",earthquake,4.14,4.998,0.128,18,reviewed,us,us
2024-11-12T05:59:44.596Z,-3.2538,123.3877,10,4.7,mb,31,68,2.282,0.64,us,us7000nrbk,2025-01-26T16:29:21.040Z,"125 km NE of Kendari, Indonesia",earthquake,6.81,1.896,0.127,19,reviewed,us,us
2024-11-12T01:23:24.997Z,5.6605,126.5877,10,4.5,mb,19,116,7.348,0.56,us,us7000nurz,2025-01-26T16:30:50.040Z,"89 km SSE of Pondaguitan, Philippines",earthquake,14.46,1.916,0.156,12,reviewed,us,us
2024-11-11T23:56:24.095Z,55.8361,165.5618,10,4.9,mww,106,90,4.921,0.45,us,us7000nra5,2025-01-26T16:29:18.040Z,"197 km ESE of Ust’-Kamchatsk Staryy, Russia",earthquake,9.53,1.871,0.078,16,reviewed,us,us
2024-11-11T22:10:08.993Z,-20.4492,-177.7495,418.454,4.9,mb,148,48,4.795,0.65,us,us7000nr9k,2025-01-26T16:29:17.040Z,"266 km WNW of Houma, Tonga",earthquake,11.87,5.854,0.051,120,reviewed,us,us
2024-11-11T20:21:24.907Z,46.4942,153.902,10,4.6,mb,66,138,7.061,0.94,us,us7000nr96,2025-01-26T16:29:16.040Z,"Kuril Islands",earthquake,11.02,1.911,0.07,61,reviewed,us,us
2024-11-11T13:35:31.309Z,-5.404,125.7974,517.961,5,mb,133,27,4.184,0.77,us,us7000nr5i,2025-01-26T16:29:15.040Z,"Banda Sea",earthquake,9.55,5.855,0.043,180,reviewed,us,us
2024-11-11T13:22:11.982Z,20.108,145.5778,10,4.6,mb,26,125,4.851,0.7,us,us7000nuq9,2025-01-26T16:30:47.040Z,"Maug Islands region, Northern Mariana Islands",earthquake,12.84,1.91,0.128,18,reviewed,us,us
2024-11-11T11:50:57.184Z,30.7925,139.8704,186.57,4.8,mb,53,96,2.316,0.8,us,us7000nr5b,2025-01-26T16:29:14.040Z,"Izu Islands, Japan region",earthquake,9.22,7.422,0.057,104,reviewed,us,us
2024-11-11T10:16:53.821Z,20.1687,145.7964,8,5.5,mww,130,38,4.908,0.98,us,us7000nr4w,2025-01-26T16:29:13.040Z,"Maug Islands region, Northern Mariana Islands",earthquake,7.45,1.383,0.049,40,reviewed,us,us
2024-11-11T10:08:20.774Z,-4.957,132.1086,22.782,5,mb,82,39,2.029,0.84,us,us7000nr4u,2025-01-26T16:29:13.040Z,"103 km NW of Tual, Indonesia",earthquake,6.3,2.739,0.071,70,reviewed,us,us
2024-11-11T09:25:20.007Z,20.0986,145.3951,10,4.9,mb,39,100,6.492,0.97,us,us7000nuq1,2025-01-26T16:30:46.040Z,"Maug Islands region, Northern Mariana Islands",earthquake,11.93,1.907,0.075,55,reviewed,us,us
2024-11-11T09:16:38.453Z,20.2855,145.6203,10,4.5,mb,35,151,6.697,1.34,us,us7000nuq0,2025-01-26T16:30:45.040Z,"Maug Islands region, Northern Mariana Islands",earthquake,13.83,1.921,0.116,23,reviewed,us,us
2024-11-11T07:31:14.780Z,1.4406,126.8457,115.787,4.6,mb,35,89,0.844,0.53,us,us7000nupy,2025-01-26T16:30:45.040Z,"93 km NW of Ternate, Indonesia",earthquake,9.03,7.084,0.101,29,reviewed,us,us
2024-11-11T07:14:57.140Z,-21.226,-173.8299,10,5,mb,56,116,4.244,0.8,us,us7000nr49,2025-01-26T16:29:11.040Z,"117 km E of ‘Ohonua, Tonga",earthquake,11.7,1.87,0.076,55,reviewed,us,us
2024-11-11T05:29:24.628Z,29.8708,92.1054,10,4.5,mb,62,73,6.333,0.5,us,us7000nuq4,2025-01-26T16:30:46.040Z,"100 km ENE of Lhasa, China",earthquake,6.61,1.778,0.087,40,reviewed,us,us
2024-11-11T05:06:26.624Z,-17.7156,167.9842,35,4.6,mb,30,148,2.377,0.79,us,us7000nr3r,2025-01-26T16:29:10.040Z,"35 km W of Port-Vila, Vanuatu",earthquake,9.75,1.933,0.117,22,reviewed,us,us
2024-11-11T04:02:54.299Z,-15.1467,-173.3653,10,5,mb,45,80,1.966,0.62,us,us7000nr3j,2025-01-26T16:29:10.040Z,"100 km NNE of Hihifo, Tonga",earthquake,10.88,1.88,0.052,115,reviewed,us,us
2024-11-11T02:34:05.345Z,-14.7561,167.3376,105.084,4.7,mb,32,124,0.699,0.45,us,us7000nr37,2025-01-26T16:29:09.040Z,"42 km NE of Port-Olry, Vanuatu",earthquake,12.69,4.288,0.117,22,reviewed,us,us
2024-11-11T01:12:39.894Z,-6.955,129.6486,133.249,4.9,mb,69,74,2.43,0.53,us,us7000nr2z,2025-01-26T16:29:09.040Z,"Banda Sea",earthquake,11.96,5.546,0.063,80,reviewed,us,us
2024-11-10T22:35:13.094Z,-4.9353,132.0487,10,5.1,mb,113,58,2.013,0.53,us,us7000nr2k,2025-01-24T19:51:32.040Z,"109 km NW of Tual, Indonesia",earthquake,5.91,1.754,0.062,86,reviewed,us,us
2024-11-10T22:10:05.249Z,-29.7675,-69.429,116.889,4.8,mwr,144,39,0.614,0.81,us,us7000nr2d,2025-01-24T19:51:32.040Z,"84 km NW of San José de Jáchal, Argentina",earthquake,5.57,3.936,0.057,30,reviewed,us,us
2024-11-10T21:29:00.217Z,-4.9172,132.0496,10,5,mb,95,45,1.995,0.61,us,us7000nr2a,2025-01-24T19:51:31.040Z,"110 km NW of Tual, Indonesia",earthquake,3.48,1.804,0.065,76,reviewed,us,us
2024-11-10T20:55:16.115Z,48.9035,153.5007,150.55,4.5,mb,82,135,4.974,0.85,us,us7000nr26,2025-01-24T19:51:31.040Z,"273 km SW of Severo-Kuril’sk, Russia",earthquake,10.09,7.037,0.054,99,reviewed,us,us
2024-11-10T18:45:37.801Z,19.7614,-77.1136,15.764,4.6,mb,61,83,0.691,0.71,us,us7000nr1g,2025-01-24T19:51:31.040Z,"48 km SSW of Bartolomé Masó, Cuba",earthquake,4.49,4.304,0.059,85,reviewed,us,us
2024-11-10T17:53:19.260Z,-19.0343,169.4737,286.821,4.6,mb,50,118,4.034,0.77,us,us7000nr10,2025-01-24T19:51:31.040Z,"59 km NNE of Isangel, Vanuatu",earthquake,10.07,7.824,0.053,105,reviewed,us,us
2024-11-10T16:49:50.426Z,19.7974,-77.0506,14,6.8,mww,90,25,0.624,0.91,us,us7000nr0v,2025-01-24T19:51:30.040Z,"42 km SSW of Bartolomé Masó, Cuba",earthquake,3.76,1.715,0.032,94,reviewed,us,us
2024-11-10T16:28:28.767Z,-19.6115,-175.6166,206.93,4.6,mb,34,107,5.398,0.95,us,us7000nr0q,2025-01-24T19:51:30.040Z,"134 km W of Pangai, Tonga",earthquake,15.23,12.152,0.087,39,reviewed,us,us
2024-11-10T15:50:03.006Z,19.8238,-76.9792,19,5.9,mww,96,41,0.552,1.01,us,us7000nr0n,2025-01-24T19:51:30.040Z,"38 km S of Bartolomé Masó, Cuba",earthquake,4.31,0.556,0.048,41,reviewed,us,us
2024-11-10T15:46:58.318Z,-30.4397,-177.747,35,5.1,mww,46,113,1.183,1.18,us,us7000nr0k,2025-01-24T19:51:30.040Z,"Kermadec Islands, New Zealand",earthquake,8.59,1.835,0.08,15,reviewed,us,us
2024-11-10T14:57:44.400Z,25.6608,142.7364,18.98,4.8,mb,34,120,1.512,0.44,us,us7000nr0g,2025-01-24T19:51:30.040Z,"Volcano Islands, Japan region",earthquake,13.15,5.271,0.086,42,reviewed,us,us
2024-11-10T12:11:19.798Z,52.3172,99.1755,10,4.5,mb,41,81,6.457,0.92,us,us7000nqzx,2025-01-24T19:51:30.040Z,"49 km WSW of Orlik, Russia",earthquake,12.15,1.896,0.085,41,reviewed,us,us
2024-11-10T09:43:22.826Z,-20.7394,-178.5362,583.497,5,mb,80,47,4.388,0.74,us,us7000nqzm,2025-01-24T19:51:29.040Z,"Fiji region",earthquake,12.19,8.3,0.025,488,reviewed,us,us
2024-11-10T08:27:01.499Z,-16.0468,-172.2676,10,4.9,mb,36,87,2.177,1.13,us,us7000nqz1,2025-01-24T19:51:29.040Z,"163 km E of Hihifo, Tonga",earthquake,8.67,1.904,0.112,25,reviewed,us,us
2024-11-10T06:44:27.665Z,-4.1655,-75.4979,10,4.5,mb,41,104,3.663,0.82,us,us7000nqyh,2025-01-24T19:51:29.040Z,"119 km N of Lagunas, Peru",earthquake,8.37,1.901,0.091,35,reviewed,us,us
2024-11-10T05:13:22.899Z,25.6933,142.8168,10,4.9,mb,67,121,1.507,0.95,us,us7000nqy6,2025-01-24T19:51:29.040Z,"Volcano Islands, Japan region",earthquake,11.09,1.887,0.057,100,reviewed,us,us
2024-11-10T03:31:43.649Z,-23.1266,-114.7375,10,4.5,mb,74,71,6.262,0.72,us,us7000nugt,2025-01-24T19:51:34.040Z,"Easter Island region",earthquake,12.36,1.827,0.072,63,reviewed,us,us
2024-11-10T00:48:31.711Z,-22.6155,-175.0751,10,4.6,mb,31,157,1.444,0.86,us,us7000nqxm,2025-01-24T19:51:28.040Z,"141 km S of ‘Ohonua, Tonga",earthquake,11.76,1.916,0.122,20,reviewed,us,us
2024-11-09T23:37:55.487Z,-32.1228,-177.9042,10,4.6,mb,14,158,2.852,0.79,us,us7000nuat,2025-01-24T19:51:34.040Z,"south of the Kermadec Islands",earthquake,8.67,1.801,0.157,12,reviewed,us,us
2024-11-09T21:20:42.177Z,-4.7329,137.7671,16.647,4.9,mb,57,64,3.666,0.56,us,us7000nqx9,2025-01-24T19:51:28.040Z,"98 km NNW of Agats, Indonesia",earthquake,8.29,4.301,0.072,61,reviewed,us,us
2024-11-09T20:37:50.966Z,45.3508,98.832,10,5,mb,71,46,5.773,0.63,us,us7000nqx5,2025-01-24T19:51:28.040Z,"174 km WSW of Bayanhongor, Mongolia",earthquake,9.45,1.874,0.041,196,reviewed,us,us
2024-11-09T19:30:18.781Z,7.5218,-82.3895,10,5.8,mww,91,59,1.926,0.74,us,us7000nqwx,2025-01-24T19:51:28.040Z,"77 km SE of Burica, Panama",earthquake,6.44,1.69,0.044,50,reviewed,us,us
2024-11-09T19:17:08.015Z,-24.3078,178.9053,540.505,4.7,mb,70,65,5.691,0.91,us,us7000nqwt,2025-01-24T19:51:28.040Z,"south of the Fiji Islands",earthquake,11.26,6.384,0.043,167,reviewed,us,us
2024-11-09T19:08:50.701Z,-8.0303,162.6435,10,4.9,mb,47,96,3.01,0.79,us,us7000nqws,2025-01-24T19:51:28.040Z,"229 km ENE of Auki, Solomon Islands",earthquake,9.28,1.881,0.053,111,reviewed,us,us
2024-11-09T18:48:57.561Z,56.4223,-33.9835,10,4.7,mb,134,54,8.777,0.55,us,us7000nqwr,2025-01-24T19:51:28.040Z,"Reykjanes Ridge",earthquake,8.34,1.831,0.038,206,reviewed,us,us
2024-11-09T15:52:15.327Z,31.0954,131.3565,43.639,4.5,mb,91,98,0.877,0.99,us,us7000nqwe,2025-01-24T19:51:28.040Z,"44 km SSE of Kushima, Japan",earthquake,5.5,7.266,0.066,73,reviewed,us,us
2024-11-09T15:17:46.733Z,25.5225,142.5342,10,4.9,mb,106,101,1.598,0.62,us,us7000nqwb,2025-01-24T19:51:27.040Z,"Volcano Islands, Japan region",earthquake,9.52,1.872,0.053,115,reviewed,us,us
2024-11-09T14:47:17.407Z,24.982,142.7682,10,4.7,mb,42,98,2.169,0.83,us,us7000nqw9,2025-01-24T19:51:27.040Z,"Volcano Islands, Japan region",earthquake,10.85,1.891,0.059,89,reviewed,us,us
2024-11-09T14:13:16.342Z,-30.2297,-176.9789,10,4.6,mb,25,115,1.265,0.57,us,us7000nqw4,2025-01-24T19:51:27.040Z,"Kermadec Islands region",earthquake,8.83,1.901,0.114,23,reviewed,us,us
2024-11-09T13:45:33.039Z,-25.7465,-13.8406,10,5.1,mb,65,60,26.231,0.69,us,us7000nqw0,2025-01-24T19:51:27.040Z,"southern Mid-Atlantic Ridge",earthquake,5.89,1.83,0.07,67,reviewed,us,us
2024-11-09T11:04:02.567Z,7.5987,-82.4935,10,4.5,mb,50,141,1.813,0.61,us,us7000nqvb,2025-01-24T19:51:27.040Z,"63 km SE of Burica, Panama",earthquake,7.69,1.918,0.094,33,reviewed,us,us
2024-11-09T10:15:46.730Z,19.6238,-65.3376,74,4.68,md,29,223,1.3247,0.36,pr,pr2024314000,2025-01-24T19:51:27.040Z,"142 km NNE of Vieques, Puerto Rico",earthquake,3.01,8.109,0.08,26,reviewed,pr,pr
2024-11-09T10:03:40.690Z,7.4901,-82.3993,10,5.6,mww,78,92,1.95,0.82,us,us7000nqv1,2025-01-24T19:51:27.040Z,"79 km SE of Burica, Panama",earthquake,7.9,1.865,0.036,74,reviewed,us,us
2024-11-09T08:22:16.526Z,-20.3279,-175.768,143.328,4.8,mb,22,151,5.642,0.52,us,us7000nquv,2025-01-24T19:51:27.040Z,"105 km NNW of Houma, Tonga",earthquake,21.35,13.86,0.116,23,reviewed,us,us
2024-11-09T07:57:04.989Z,-0.8006,134.4506,24.139,4.6,mb,37,76,3.045,0.53,us,us7000nqur,2025-01-24T19:51:27.040Z,"43 km E of Manokwari, Indonesia",earthquake,10.01,5.154,0.09,37,reviewed,us,us
2024-11-09T05:00:39.995Z,32.3106,142.4167,10,5,mb,174,98,2.336,0.51,us,us7000nquf,2025-01-24T19:51:26.040Z,"Izu Islands, Japan region",earthquake,7.7,1.848,0.047,148,reviewed,us,us
2024-11-09T04:48:05.340Z,-30.3928,-177.6139,35,4.5,mb,13,144,1.158,0.65,us,us7000nua1,2025-01-24T19:51:33.040Z,"Kermadec Islands, New Zealand",earthquake,13.27,1.968,0.205,8,reviewed,us,us
2024-11-09T02:53:38.075Z,0.9901,121.1379,57.398,4.9,mb,63,57,0.376,0.97,us,us7000nqtx,2025-01-24T19:51:26.040Z,"219 km WNW of Gorontalo, Indonesia",earthquake,9.29,5.283,0.07,66,reviewed,us,us
2024-11-09T01:12:43.630Z,10.1406,125.9297,74.91,4.6,mb,54,100,3.071,0.84,us,us7000nqtc,2025-01-24T19:51:26.040Z,"17 km NW of Santa Monica, Philippines",earthquake,11.5,6.72,0.072,60,reviewed,us,us
2024-11-09T00:48:33.569Z,13.6508,120.8082,10,4.5,mb,45,127,11.802,0.56,us,us7000nqt8,2025-01-24T19:51:26.040Z,"6 km W of Tingloy, Philippines",earthquake,12.47,1.921,0.093,34,reviewed,us,us
2024-11-08T23:26:35.662Z,25.4584,142.8157,17.984,5,mb,120,53,1.726,0.69,us,us7000nqsv,2025-01-24T19:51:25.040Z,"Volcano Islands, Japan region",earthquake,9.77,4.027,0.056,101,reviewed,us,us
2024-11-08T20:06:04.887Z,65.3878,-134.6031,7.029,4.9,mww,269,13,1.552,0.57,us,us7000nqqx,2025-01-24T19:51:25.040Z,"273 km ENE of Dawson City, Canada",earthquake,4.55,3.617,0.075,17,reviewed,us,us
2024-11-08T19:58:44.230Z,52.8872,160.6101,35,4.6,mb,89,131,1.194,0.84,us,us7000nqqv,2025-01-24T19:51:24.040Z,"134 km E of Petropavlovsk-Kamchatsky, Russia",earthquake,9.89,1.927,0.057,100,reviewed,us,us
2024-11-08T18:36:49.770Z,24.9393,142.7563,23.669,4.6,mb,92,124,2.208,0.59,us,us7000nqqp,2025-01-24T19:51:24.040Z,"Volcano Islands, Japan region",earthquake,10.72,5.669,0.065,76,reviewed,us,us
2024-11-08T17:06:20.638Z,28.6983,143.33,10,4.5,mb,59,119,1.891,0.33,us,us7000nu56,2025-01-24T19:51:33.040Z,"Bonin Islands, Japan region",earthquake,8.73,1.874,0.082,46,reviewed,us,us
2024-11-08T16:30:57.548Z,1.0369,94.3751,10,4.5,mb,24,182,4.892,0.8,us,us7000nqn9,2025-01-24T19:51:24.040Z,"274 km SW of Sinabang, Indonesia",earthquake,8.25,1.939,0.136,17,reviewed,us,us
2024-11-08T16:23:58.964Z,-25.2849,179.8278,515.952,4.5,mb,39,95,4.421,0.93,us,us7000nqmb,2025-01-24T19:51:24.040Z,"south of the Fiji Islands",earthquake,15,9.202,0.078,49,reviewed,us,us
2024-11-08T16:17:24.592Z,-25.059,178.7373,584.775,4.6,mb,32,104,5.118,0.7,us,us7000nqm9,2025-01-24T19:51:24.040Z,"south of the Fiji Islands",earthquake,15.84,13.196,0.103,28,reviewed,us,us
2024-11-08T15:40:31.976Z,53.2388,159.5766,68.314,4.6,mb,52,133,0.599,0.72,us,us7000nqm2,2025-01-24T19:51:24.040Z,"66 km ENE of Petropavlovsk-Kamchatsky, Russia",earthquake,8.95,6.132,0.073,55,reviewed,us,us
2024-11-08T14:50:48.569Z,51.4886,-176.6762,35,4.7,mwr,63,128,0.41,1.05,us,us7000nqlu,2025-01-24T19:51:23.040Z,"42 km S of Adak, Alaska",earthquake,4.48,1.91,0.098,10,reviewed,us,us
2024-11-08T14:04:01.624Z,38.5535,39.7334,10,5.1,mwr,53,69,0.379,0.93,us,us7000nqls,2025-01-24T19:51:23.040Z,"21 km SSW of Kovancılar, Turkey",earthquake,4.33,1.86,0.056,31,reviewed,us,us
2024-11-08T11:45:32.143Z,-46.8186,-75.8743,10,4.9,mb,26,141,2.287,1.13,us,us7000nqlq,2025-01-24T19:51:23.040Z,"255 km WNW of Cochrane, Chile",earthquake,7.58,1.922,0.149,14,reviewed,us,us
2024-11-08T11:38:00.376Z,-46.7807,-75.6402,10,6.3,mww,85,52,2.139,0.71,us,us7000nql2,2025-01-24T19:51:23.040Z,"239 km WNW of Cochrane, Chile",earthquake,4.83,1.816,0.039,62,reviewed,us,us
2024-11-08T10:37:42.623Z,-1.4492,-77.4738,190.812,5.1,mww,244,76,0.553,0.6,us,us7000nqkx,2025-01-24T19:51:23.040Z,"58 km E of Puyo, Ecuador",earthquake,8.99,5.677,0.065,23,reviewed,us,us
2024-11-08T08:32:27.106Z,-30.2386,-177.3565,10,4.5,mb,15,212,1.09,0.76,us,us7000nu4t,2025-01-24T19:51:32.040Z,"Kermadec Islands, New Zealand",earthquake,11.05,1.998,0.151,13,reviewed,us,us
2024-11-08T08:01:21.061Z,-4.6843,128.3742,269.174,4.5,mb,25,60,1.534,0.31,us,us7000nqkj,2025-01-24T19:51:22.040Z,"111 km S of Ambon, Indonesia",earthquake,11.99,9.038,0.131,17,reviewed,us,us
2024-11-08T07:25:16.672Z,51.3506,-178.4974,51.845,4.6,mb,74,138,0.284,0.83,us,us7000nqkc,2025-01-24T19:51:22.040Z,"141 km WSW of Adak, Alaska",earthquake,5.17,6.202,0.035,250,reviewed,us,us
2024-11-08T05:00:54.894Z,29.9237,92.2999,10,4.7,mb,43,103,6.51,0.56,us,us7000nqjm,2025-01-24T19:51:22.040Z,"119 km ENE of Lhasa, China",earthquake,7.27,1.86,0.094,34,reviewed,us,us
2024-11-08T02:53:22.982Z,-41.4646,-84.7884,10,5,mb,35,138,9.126,0.98,us,us7000nqj9,2025-01-24T19:51:22.040Z,"West Chile Rise",earthquake,10.09,1.584,0.048,141,reviewed,us,us
2024-11-08T01:17:19.293Z,25.5033,142.6692,20.73,4.6,mb,59,121,1.644,0.61,us,us7000nqj5,2025-01-24T19:51:22.040Z,"Volcano Islands, Japan region",earthquake,13.05,5.634,0.062,78,reviewed,us,us
2024-11-07T22:21:23.832Z,25.4763,142.6357,10,4.7,mb,33,135,1.663,0.51,us,us6000p73e,2025-01-24T19:51:11.040Z,"Volcano Islands, Japan region",earthquake,10.91,1.918,0.126,21,reviewed,us,us
2024-11-07T21:43:58.363Z,25.517,142.6672,10,4.6,mb,45,123,1.631,0.72,us,us7000nqi9,2025-01-24T19:51:21.040Z,"Volcano Islands, Japan region",earthquake,11.97,1.9,0.103,28,reviewed,us,us
2024-11-07T20:23:10.093Z,25.5035,142.81,10,4.6,mb,56,123,1.682,0.62,us,us7000nqhg,2025-01-24T19:51:21.040Z,"Volcano Islands, Japan region",earthquake,11.19,1.897,0.078,49,reviewed,us,us
2024-11-07T20:11:24.587Z,25.495,142.7053,10,4.8,mb,90,98,1.661,0.48,us,us7000nqhf,2025-01-24T19:51:21.040Z,"Volcano Islands, Japan region",earthquake,8.26,1.744,0.043,165,reviewed,us,us
2024-11-07T20:07:06.184Z,25.2513,142.6412,10,4.6,mb,72,112,1.882,0.82,us,us7000nqhd,2025-01-24T19:51:21.040Z,"Volcano Islands, Japan region",earthquake,10.93,1.901,0.071,59,reviewed,us,us
2024-11-07T20:06:29.569Z,25.405,142.7163,10,4.5,mb,48,146,1.75,0.63,us,us7000nqhs,2025-01-24T19:51:21.040Z,"Volcano Islands, Japan region",earthquake,7.4,1.92,0.091,35,reviewed,us,us
2024-11-07T19:53:54.072Z,25.4503,142.847,10,5.1,mww,97,115,1.743,0.69,us,us7000nqha,2025-01-24T19:51:21.040Z,"Volcano Islands, Japan region",earthquake,9.37,1.876,0.063,24,reviewed,us,us
2024-11-07T19:12:30.508Z,25.4715,142.809,10,4.7,mb,78,66,1.712,0.67,us,us7000nqh5,2025-01-24T19:51:21.040Z,"Volcano Islands, Japan region",earthquake,9.2,1.863,0.058,91,reviewed,us,us
2024-11-07T17:07:08.624Z,-5.7403,154.5929,81.698,4.5,mb,29,97,2.868,1.07,us,us7000nqgq,2025-01-24T19:51:21.040Z,"117 km WNW of Panguna, Papua New Guinea",earthquake,10.41,4.73,0.113,23,reviewed,us,us
2024-11-07T16:42:05.663Z,-5.6899,154.3528,97.133,5.2,mww,66,30,2.641,0.73,us,us7000nqfp,2025-01-24T19:51:21.040Z,"143 km WNW of Panguna, Papua New Guinea",earthquake,10.42,5.574,0.071,19,reviewed,us,us
2024-11-07T15:54:07.023Z,25.5299,142.6658,10,4.7,mb,46,143,1.618,0.58,us,us7000nqec,2025-01-24T19:51:21.040Z,"Volcano Islands, Japan region",earthquake,11.05,1.89,0.093,35,reviewed,us,us
2024-11-07T14:56:58.077Z,-24.2875,-67.9803,111.85,4.8,mb,52,56,1.342,0.89,us,us7000nqea,2025-01-24T19:51:20.040Z,"154 km S of San Pedro de Atacama, Chile",earthquake,6.2,6.444,0.038,217,reviewed,us,us
2024-11-07T12:05:17.531Z,25.5581,142.3614,10,4.7,mb,53,129,1.539,1.07,us,us7000nqe1,2025-01-24T19:51:20.040Z,"Volcano Islands, Japan region",earthquake,9.8,1.897,0.089,38,reviewed,us,us
2024-11-07T09:07:51.439Z,29.32,130.6568,35,4.9,mb,57,69,2.189,0.8,us,us7000nqdq,2025-01-24T19:51:20.040Z,"102 km S of Koshima, Japan",earthquake,7.07,1.907,0.082,46,reviewed,us,us
2024-11-07T09:06:44.616Z,29.35,130.533,38.916,4.5,mb,36,115,2.153,0.52,us,us6000p72y,2025-01-24T19:51:11.040Z,"98 km S of Koshima, Japan",earthquake,7.96,7.78,0.113,23,reviewed,us,us
2024-11-07T09:00:06.910Z,-56.2193,-27.4481,119.198,5,mb,67,56,5.522,0.74,us,us7000nqdi,2025-01-24T19:51:20.040Z,"South Sandwich Islands region",earthquake,10.82,5.628,0.073,61,reviewed,us,us
2024-11-07T06:24:38.457Z,-14.8217,-75.2634,58.442,4.9,mb,87,121,3.209,0.57,us,us7000nqcy,2025-01-24T19:51:20.040Z,"17 km SSW of Changuillo, Peru",earthquake,9.15,7.052,0.059,90,reviewed,us,us
2024-11-07T04:31:33.207Z,-42.2511,74.8589,10,5.4,mww,96,18,4.911,0.54,us,us7000nqcc,2025-01-24T19:51:19.040Z,"Mid-Indian Ridge",earthquake,9.67,1.727,0.066,22,reviewed,us,us
2024-11-07T04:06:21.305Z,24.9821,142.4641,10,4.5,mb,9,240,2.12,0.9,us,us6000p728,2025-01-24T19:51:10.040Z,"Volcano Islands, Japan region",earthquake,8.93,1.989,0.221,6,reviewed,us,us
2024-11-07T02:31:48.513Z,25.3085,142.7458,10,4.6,mb,23,153,1.85,0.52,us,us6000p724,2025-01-24T19:51:10.040Z,"Volcano Islands, Japan region",earthquake,12.53,1.928,0.137,16,reviewed,us,us
2024-11-07T02:23:34.230Z,-26.5414,-114.832,10,4.7,mb,22,176,38.581,1.13,us,us6000p72b,2025-01-24T19:51:10.040Z,"Easter Island region",earthquake,8.05,1.916,0.123,20,reviewed,us,us
2024-11-07T02:21:28.975Z,-26.6805,-114.7407,10,4.6,mb,18,164,38.936,1.32,us,us6000p723,2025-01-24T19:51:10.040Z,"Easter Island region",earthquake,11.14,1.932,0.137,16,reviewed,us,us
2024-11-07T02:12:33.993Z,25.4531,142.8164,10,5,mb,62,65,1.731,1.04,us,us7000nqc3,2025-01-24T19:51:19.040Z,"Volcano Islands, Japan region",earthquake,11.2,1.863,0.072,62,reviewed,us,us
2024-11-07T01:55:31.511Z,-30.3414,-177.1665,10,5,mww,137,47,1.26,0.59,us,us7000nqc0,2025-01-24T19:51:19.040Z,"Kermadec Islands, New Zealand",earthquake,7.96,1.741,0.098,10,reviewed,us,us
2024-11-07T01:11:47.302Z,25.4937,142.7925,10,5.2,mww,142,71,1.686,0.62,us,us7000nqby,2025-01-24T19:51:19.040Z,"Volcano Islands, Japan region",earthquake,7.01,1.82,0.075,17,reviewed,us,us
2024-11-06T23:34:31.252Z,25.436,142.3073,10,4.5,mb,21,161,1.656,0.47,us,us6000p71i,2025-01-24T19:51:10.040Z,"Volcano Islands, Japan region",earthquake,12.93,1.956,0.14,15,reviewed,us,us
2024-11-06T23:06:18.218Z,25.4524,142.6229,10,4.7,mb,30,153,1.683,0.62,us,us6000p71c,2025-01-24T19:51:09.040Z,"Volcano Islands, Japan region",earthquake,12.28,1.915,0.121,21,reviewed,us,us
2024-11-06T22:59:15.938Z,25.3721,142.6759,10,5.1,mb,34,136,1.772,0.51,us,us6000p71k,2025-01-24T19:51:10.040Z,"Volcano Islands, Japan region",earthquake,10.84,1.927,0.11,27,reviewed,us,us
2024-11-06T22:59:01.090Z,25.4025,143.156,10,5.1,mb,53,137,1.898,0.87,us,us6000p71b,2025-01-24T19:51:09.040Z,"Volcano Islands, Japan region",earthquake,7.78,1.907,0.09,40,reviewed,us,us
2024-11-06T22:55:03.607Z,25.4039,142.8586,8,5.8,mww,277,22,1.79,0.49,us,us7000nqb9,2025-01-24T19:51:19.040Z,"Volcano Islands, Japan region",earthquake,8.16,1.753,0.048,41,reviewed,us,us
2024-11-06T20:19:56.281Z,29.8366,92.1951,10,4.7,mb,94,44,6.398,0.57,us,us7000nqak,2025-01-24T19:51:18.040Z,"107 km E of Lhasa, China",earthquake,8.05,1.808,0.066,69,reviewed,us,us
2024-11-06T18:06:16.520Z,-7.3847,128.9758,117.804,4.5,mb,38,53,2.99,0.8,us,us7000nqa7,2025-01-24T19:51:18.040Z,"251 km ENE of Lospalos, Timor Leste",earthquake,9.14,4.391,0.112,23,reviewed,us,us
2024-11-06T17:19:38.479Z,23.5101,121.6598,25.833,5,mww,103,36,0.872,0.71,us,us7000nqa4,2025-01-24T19:51:18.040Z,"52 km S of Hualien City, Taiwan",earthquake,4.08,3.792,0.11,8,reviewed,us,us
2024-11-06T15:55:08.907Z,-18.1047,-177.8948,435.632,5.9,mww,330,27,3.073,0.91,us,us7000nq9w,2025-01-24T19:51:18.040Z,"295 km E of Levuka, Fiji",earthquake,9.93,5.625,0.054,33,reviewed,us,us
2024-11-06T15:38:47.678Z,-20.895,-178.6489,587.521,5.2,mb,261,28,4.418,0.84,us,us7000nq9t,2025-01-24T19:51:18.040Z,"Fiji region",earthquake,10.16,6.26,0.037,239,reviewed,us,us
2024-11-06T15:27:44.313Z,-11.804,166.1389,10,4.7,mb,37,186,3.766,1.21,us,us7000nq9s,2025-01-24T19:51:18.040Z,"125 km SSE of Lata, Solomon Islands",earthquake,11.07,1.708,0.106,27,reviewed,us,us
2024-11-06T15:19:34.011Z,-33.4814,-178.1084,10,4.7,mb,22,177,4.209,1.25,us,us7000nq9q,2025-01-24T19:51:17.040Z,"south of the Kermadec Islands",earthquake,10.67,1.966,0.133,17,reviewed,us,us
2024-11-06T14:36:21.520Z,-4.7663,153.3071,35,5.9,mww,221,36,1.275,0.47,us,us7000nq9e,2025-01-24T19:51:17.040Z,"124 km ESE of Kokopo, Papua New Guinea",earthquake,9.14,1.882,0.043,51,reviewed,us,us
2024-11-06T11:53:49.333Z,1.1198,67.3493,10,4.5,mb,22,83,5.679,0.58,us,us6000p70v,2025-01-24T19:51:09.040Z,"Carlsberg Ridge",earthquake,12.95,1.865,0.151,13,reviewed,us,us
2024-11-06T10:36:27.217Z,12.5194,122.9906,10,4.6,mb,35,121,17.884,0.57,us,us7000nq8v,2025-01-24T19:51:17.040Z,"37 km NW of Tumalaytay, Philippines",earthquake,13.32,1.907,0.105,27,reviewed,us,us
2024-11-06T09:14:52.456Z,-3.3482,139.9157,93.05,4.6,mb,18,56,1.142,0.64,us,us7000nq8q,2025-01-24T19:51:17.040Z,"115 km SW of Abepura, Indonesia",earthquake,10.7,7.623,0.141,15,reviewed,us,us
2024-11-06T07:01:19.325Z,-21.346,-68.5477,108.897,4.8,mww,70,35,0.786,0.8,us,us7000nq7d,2025-01-24T19:51:17.040Z,"33 km WSW of Ollagüe, Chile",earthquake,5.51,5.819,0.073,18,reviewed,us,us
2024-11-06T02:12:10.334Z,15.9615,145.804,143.319,4.7,mb,25,113,0.723,0.63,us,us6000p70p,2025-01-24T19:51:09.040Z,"83 km N of Saipan, Northern Mariana Islands",earthquake,15.09,8.357,0.127,19,reviewed,us,us
2024-11-05T19:39:43.762Z,-12.9033,-75.2219,106,5.7,mww,162,46,1.826,0.7,us,us7000nq3d,2025-01-24T19:51:16.040Z,"18 km NNW of Santa Ana, Peru",earthquake,4.3,1.859,0.049,40,reviewed,us,us
2024-11-05T16:54:43.527Z,-51.4933,139.0678,10,5,mww,38,74,10.252,0.48,us,us6000p70c,2025-01-24T19:51:08.040Z,"western Indian-Antarctic Ridge",earthquake,8.57,1.806,0.089,12,reviewed,us,us
2024-11-05T11:42:32.230Z,19.16,-155.511833333333,38.35,4.75,ml,60,112,0.04722,0.11,hv,hv74522742,2025-01-24T19:51:15.040Z,"5 km SW of Pāhala, Hawaii",earthquake,0.42,0.44,0.183679842230999,44,reviewed,hv,hv
2024-11-05T10:14:14.750Z,38.4471,70.5118,10,4.6,mb,59,120,0.959,0.94,us,us6000p703,2025-01-24T19:51:08.040Z,"56 km NE of Mŭ’minobod, Tajikistan",earthquake,6.45,1.909,0.091,39,reviewed,us,us
2024-11-05T10:13:20.674Z,38.4037,70.6042,10,4.7,mb,48,125,1.022,0.84,us,us6000p702,2025-01-24T19:51:08.040Z,"59 km ENE of Mŭ’minobod, Tajikistan",earthquake,5.67,1.901,0.08,47,reviewed,us,us
2024-11-05T10:06:03.806Z,49.4545,147.111,590.621,5.3,mww,309,81,3.834,0.5,us,us7000nq1g,2025-01-24T19:51:15.040Z,"292 km E of Poronaysk, Russia",earthquake,10.2,7.786,0.127,6,reviewed,us,us
2024-11-05T09:32:49.887Z,33.2506,-39.4937,10,4.5,mb,18,122,12.239,0.41,us,us6000p706,2025-01-24T19:51:08.040Z,"northern Mid-Atlantic Ridge",earthquake,14.78,1.945,0.15,13,reviewed,us,us
2024-11-05T09:27:44.824Z,38.7763,70.3034,10,4.6,mb,64,66,0.904,0.46,us,us7000nq0j,2025-01-24T19:51:15.040Z,"28 km SSW of Rasht, Tajikistan",earthquake,4.6,1.881,0.086,40,reviewed,us,us
2024-11-05T09:03:02.457Z,38.4134,70.4408,10,4.7,mb,49,70,0.897,0.29,us,us7000nq0i,2025-01-24T19:51:15.040Z,"49 km NE of Mŭ’minobod, Tajikistan",earthquake,6.93,1.893,0.086,41,reviewed,us,us
2024-11-05T03:14:06.554Z,5.3197,-77.462,31.25,5,mww,60,61,2.109,0.67,us,us7000npzi,2025-01-24T19:51:14.040Z,"41 km NNW of Pizarro, Colombia",earthquake,7.25,3.823,0.073,18,reviewed,us,us
2024-11-05T01:48:48.062Z,16.2382,122.1919,35,4.7,mb,61,114,7.178,0.63,us,us7000npz9,2025-01-24T19:51:14.040Z,"48 km SE of Minuri, Philippines",earthquake,7.1,1.845,0.083,44,reviewed,us,us
2024-11-05T00:31:17.684Z,-20.1847,-174.0652,44.145,5,mb,98,61,1.448,0.45,us,us7000npz0,2025-01-24T19:51:04.040Z,"50 km SE of Pangai, Tonga",earthquake,10.7,5.253,0.067,72,reviewed,us,us
2024-11-04T22:01:42.236Z,15.1083,147.2253,10,4.5,mb,43,131,1.39,0.76,us,us6000p6t8,2025-01-24T19:51:07.040Z,"158 km E of Saipan, Northern Mariana Islands",earthquake,7.91,1.913,0.097,31,reviewed,us,us
2024-11-04T20:46:24.759Z,25.4627,142.5562,10,4.7,mb,60,120,1.66,0.5,us,us7000npxd,2025-01-24T19:51:13.040Z,"Volcano Islands, Japan region",earthquake,12.16,1.89,0.075,54,reviewed,us,us
2024-11-04T17:51:00.752Z,-12.3205,166.9492,218.732,4.5,mb,54,68,3.118,0.62,us,us7000npwt,2025-01-24T19:51:13.040Z,"184 km NNW of Sola, Vanuatu",earthquake,12.8,8.151,0.07,60,reviewed,us,us
2024-11-04T15:03:52.889Z,-17.4156,-69.312,162.256,4.5,mb,72,82,0.236,0.98,us,us7000npv7,2025-01-24T19:51:13.040Z,"76 km E of Estique, Peru",earthquake,7.71,5.315,0.076,51,reviewed,us,us
2024-11-04T12:49:15.793Z,-20.2997,-177.4928,501.722,4.5,mb,45,98,4.829,0.67,us,us7000npuw,2025-01-24T19:51:13.040Z,"247 km WNW of Houma, Tonga",earthquake,14.37,7.745,0.074,54,reviewed,us,us
2024-11-04T09:13:54.480Z,-7.4375,128.1796,156.562,4.5,mb,35,59,3.366,0.77,us,us7000npu0,2025-01-24T19:51:12.040Z,"177 km NE of Lospalos, Timor Leste",earthquake,9.49,8.573,0.113,23,reviewed,us,us
2024-11-04T08:32:26.724Z,8.0352,126.3317,10,4.9,mb,146,78,1.215,0.45,us,us7000nptx,2025-01-24T19:51:12.040Z,"8 km W of Lingig, Philippines",earthquake,7.54,1.825,0.043,171,reviewed,us,us
2024-11-04T07:57:20.735Z,56.3564,-34.0155,10,4.9,mb,176,50,8.804,0.43,us,us7000npts,2025-01-24T19:51:12.040Z,"Reykjanes Ridge",earthquake,4.36,1.837,0.036,242,reviewed,us,us
2024-11-04T03:26:05.370Z,-8.8571,110.2221,100.629,4.5,mb,20,132,1.809,0.42,us,us7000npsx,2025-01-24T19:51:12.040Z,"100 km S of Bambanglipuro, Indonesia",earthquake,6.11,9.183,0.181,9,reviewed,us,us
2024-11-04T02:28:35.448Z,-2.2767,99.6667,10,4.5,mb,20,161,3.881,0.47,us,us6000p6sl,2025-01-24T19:51:07.040Z,"28 km SSE of Tuapejat, Indonesia",earthquake,7.52,1.952,0.157,12,reviewed,us,us
2024-11-03T21:18:39.973Z,-18.9485,-66.9227,257.483,4.8,mb,142,41,2.262,0.8,us,us7000nprz,2025-01-16T18:48:12.040Z,"16 km WSW of Challapata, Bolivia",earthquake,7.55,6.77,0.049,130,reviewed,us,us
2024-11-03T19:48:44.294Z,-53.8626,2.7355,10,4.8,mb,47,64,18.04,0.51,us,us7000nprm,2025-01-16T18:48:10.040Z,"Bouvet Island region",earthquake,11.72,1.882,0.084,44,reviewed,us,us
2024-11-03T19:20:50.121Z,25.578,142.7092,10,4.7,mb,57,125,1.583,0.95,us,us7000npre,2025-01-16T18:48:09.040Z,"Volcano Islands, Japan region",earthquake,11.44,1.904,0.082,45,reviewed,us,us
2024-11-03T17:09:25.603Z,25.3622,142.5602,10,4.7,mb,48,141,1.759,0.54,us,us7000npqy,2025-01-16T18:48:05.040Z,"Volcano Islands, Japan region",earthquake,10.45,1.913,0.093,35,reviewed,us,us
2024-11-03T17:07:19.597Z,40.123,23.3314,10,4.6,mb,41,55,0.646,0.54,us,us6000p6lr,2025-01-16T18:43:56.040Z,"5 km WSW of Néa Fókaia, Greece",earthquake,4.18,1.837,0.129,18,reviewed,us,us
2024-11-03T17:03:52.253Z,40.1264,23.2456,9,5.2,mww,111,18,0.58,0.63,us,us7000npqn,2025-01-16T18:48:04.040Z,"10 km SW of Néa Poteídaia, Greece",earthquake,3.57,1.814,0.043,52,reviewed,us,us
2024-11-03T16:06:40.534Z,-3.3995,145.8329,21.201,4.9,mb,38,119,5.198,0.64,us,us7000npqk,2025-01-16T18:48:03.040Z,"201 km N of Madang, Papua New Guinea",earthquake,5.39,5.038,0.092,41,reviewed,us,us
2024-11-03T15:34:55.576Z,25.3932,142.6924,21.192,4.8,mb,37,121,1.756,0.65,us,us7000npqj,2025-01-16T18:48:02.040Z,"Volcano Islands, Japan region",earthquake,11.94,5.279,0.08,48,reviewed,us,us
2024-11-03T14:09:29.380Z,25.3651,142.6095,10,4.9,mb,41,129,1.765,0.86,us,us7000npqd,2025-01-16T18:48:00.040Z,"Volcano Islands, Japan region",earthquake,12.13,1.901,0.097,33,reviewed,us,us
2024-11-03T13:47:37.828Z,-28.3754,-69.0129,99.987,4.6,mb,36,88,1.562,0.82,us,us7000npqa,2025-01-16T18:47:59.040Z,"89 km WNW of Vinchina, Argentina",earthquake,7.95,8.132,0.129,18,reviewed,us,us
2024-11-03T12:24:10.202Z,25.3247,142.7618,10,4.6,mb,23,115,1.838,1.36,us,us6000p6kv,2025-01-16T18:43:49.040Z,"Volcano Islands, Japan region",earthquake,10.67,1.893,0.136,16,reviewed,us,us
2024-11-03T12:20:49.175Z,25.3785,142.5678,10,4.7,mb,60,111,1.744,0.79,us,us7000npq2,2025-01-16T18:47:58.040Z,"Volcano Islands, Japan region",earthquake,4.94,1.87,0.059,87,reviewed,us,us
2024-11-03T12:09:52.136Z,25.4139,142.859,10,5,mb,65,81,1.781,0.96,us,us6000p6l2,2025-01-16T18:43:51.040Z,"Volcano Islands, Japan region",earthquake,7.88,1.859,0.042,182,reviewed,us,us
2024-11-03T12:06:47.034Z,25.4481,142.6118,10,4.9,mb,69,90,1.685,1.08,us,us7000npq0,2025-01-16T18:47:57.040Z,"Volcano Islands, Japan region",earthquake,10.91,1.896,0.069,67,reviewed,us,us
2024-11-03T11:04:12.410Z,-21.7036,169.6391,10,4.7,mb,32,106,2.225,0.38,us,us6000p6ku,2025-01-16T18:43:48.040Z,"182 km E of Tadine, New Caledonia",earthquake,7.77,1.845,0.126,21,reviewed,us,us
2024-11-03T10:56:48.615Z,51.4799,-175.6197,34,5.8,mww,131,70,0.542,0.63,us,us7000nppj,2025-02-09T11:06:54.376Z,"82 km ESE of Adak, Alaska",earthquake,4.21,1.882,0.068,21,reviewed,us,us
2024-11-03T08:45:32.506Z,-59.6774,-26.4265,91.455,4.5,mb,35,92,7.704,0.64,us,us6000p6kz,2025-01-16T18:43:50.040Z,"South Sandwich Islands region",earthquake,12.98,8.991,0.093,34,reviewed,us,us
2024-11-03T07:57:27.845Z,-7.5443,126.7189,251.124,4.9,mb,48,52,4.364,0.72,us,us7000npp7,2025-01-16T18:47:50.040Z,"107 km NNE of Baukau, Timor Leste",earthquake,7.49,6.744,0.084,44,reviewed,us,us
2024-11-03T05:59:52.791Z,-5.5041,152.0033,50.72,4.9,mb,39,150,1.314,1.01,us,us7000npnr,2025-01-16T18:47:49.040Z,"131 km SSW of Kokopo, Papua New Guinea",earthquake,9.72,4.645,0.092,37,reviewed,us,us
2024-11-03T05:23:05.669Z,25.5328,128.8281,10,4.6,mb,43,73,1.39,0.51,us,us7000npng,2025-01-16T18:47:48.040Z,"130 km SE of Katsuren-haebaru, Japan",earthquake,2.49,1.886,0.104,28,reviewed,us,us
2024-11-03T04:04:04.506Z,-35.6965,-69.4927,188.15,5.4,mww,122,39,1.388,0.91,us,us7000npn0,2025-01-16T18:47:44.040Z,"130 km NNE of Barrancas, Argentina",earthquake,7.02,4.589,0.039,63,reviewed,us,us
2024-11-03T03:31:13.004Z,-26.4263,-11.4096,10,4.5,mb,24,73,11.674,0.86,us,us6000p6kl,2025-01-16T18:43:44.040Z,"southern Mid-Atlantic Ridge",earthquake,13.08,1.897,0.113,23,reviewed,us,us
2024-11-03T03:13:24.914Z,-26.6075,-11.3904,10,4.6,mb,28,88,26.183,0.8,us,us6000p6kf,2025-01-16T18:43:43.040Z,"southern Mid-Atlantic Ridge",earthquake,13.3,1.888,0.1,30,reviewed,us,us
2024-11-03T03:10:37.216Z,-26.3948,-11.442,10,4.5,mb,25,73,18.569,1.23,us,us7000npmr,2025-01-16T18:47:42.040Z,"southern Mid-Atlantic Ridge",earthquake,8.51,1.893,0.113,24,reviewed,us,us
2024-11-03T01:46:07.662Z,35.1753,52.388,10,4.6,mb,61,95,4.862,0.95,us,us7000npmi,2025-01-16T18:47:40.040Z,"9 km SE of Īstgāh-e Rāh Āhan-e Garmsār, Iran",earthquake,8.81,1.87,0.065,72,reviewed,us,us
2024-11-03T01:28:29.500Z,-37.1777,177.4011,137.02,4.6,mb,35,53,0.817,0.76,us,us7000npmb,2025-01-16T18:47:38.040Z,"92 km WNW of Hicks Bay, New Zealand",earthquake,5.65,6.702,0.111,25,reviewed,us,us
2024-11-02T23:54:16.836Z,0.4689,126.6045,54.404,4.6,mb,49,42,0.819,0.76,us,us7000nply,2025-01-16T18:47:34.040Z,"93 km WSW of Ternate, Indonesia",earthquake,6.9,5.498,0.095,33,reviewed,us,us
2024-11-02T21:04:13.578Z,9.2356,40.1179,10,4.7,mb,59,116,1.46,0.9,us,us7000npla,2025-01-16T18:47:27.040Z,"28 km N of Āwash, Ethiopia",earthquake,6.81,1.752,0.08,47,reviewed,us,us
2024-11-02T19:59:14.759Z,12.5321,-87.9765,64.288,5.1,mww,86,139,0.947,1.1,us,us7000npl2,2025-01-16T18:47:23.040Z,"61 km WSW of Jiquilillo, Nicaragua",earthquake,4.8,5.063,0.049,40,reviewed,us,us
2024-11-02T19:28:58.717Z,25.4572,142.7901,10,4.9,mb,82,98,1.72,0.59,us,us7000npky,2025-01-16T18:47:21.040Z,"Volcano Islands, Japan region",earthquake,10.58,1.882,0.046,151,reviewed,us,us
2024-11-02T17:18:04.294Z,-18.4284,-177.5162,546.987,4.5,mb,39,83,3.549,0.55,us,us7000npkd,2025-01-16T18:47:18.040Z,"Fiji region",earthquake,10.5,6.766,0.094,36,reviewed,us,us
2024-11-02T15:33:18.404Z,52.3722,-165.1204,14.848,4.5,mb,169,83,1.695,0.46,us,us7000npjx,2025-01-16T18:47:12.040Z,"192 km SSE of Unalaska, Alaska",earthquake,4.65,4.963,0.039,199,reviewed,us,us
2024-11-02T12:17:40.180Z,7.3071,143.2955,10,4.6,mb,54,105,6.431,0.78,us,us6000p6jq,2025-01-16T18:43:37.040Z,"State of Yap, Federated States of Micronesia",earthquake,10.06,1.875,0.087,39,reviewed,us,us
2024-11-02T10:19:44.892Z,-6.2274,103.6412,38.191,4.8,mww,69,63,1.976,0.66,us,us7000npiy,2025-01-16T18:47:06.040Z,"199 km WSW of Bandar Lampung, Indonesia",earthquake,8.83,6.501,0.089,12,reviewed,us,us
2024-11-02T08:52:58.788Z,-44.3666,-82.1747,10,4.5,mb,23,150,7.292,0.59,us,us6000p6jk,2025-01-16T18:43:34.040Z,"West Chile Rise",earthquake,12.01,1.927,0.18,10,reviewed,us,us
2024-11-02T08:33:39.924Z,-16.6635,-173.481,37.818,4.6,mb,22,113,3.192,1.17,us,us7000npij,2025-01-16T18:47:00.040Z,"85 km SSE of Hihifo, Tonga",earthquake,10.98,6.623,0.146,14,reviewed,us,us
2024-11-02T07:42:14.581Z,-29.6814,-71.2335,68.858,4.8,mwr,107,121,0.236,0.63,us,us7000npid,2025-01-16T18:46:57.040Z,"24 km N of La Serena, Chile",earthquake,5.72,5.709,0.052,36,reviewed,us,us
2024-11-02T06:27:33.525Z,21.1754,121.0776,27.867,4.9,mb,62,106,2.156,0.52,us,us7000nphz,2025-01-16T18:46:52.040Z,"98 km SSE of Hengchun, Taiwan",earthquake,8.47,6.058,0.08,50,reviewed,us,us
2024-11-02T05:50:51.877Z,41.5128,79.3833,10,4.6,mb,53,59,1.203,0.87,us,us7000nphu,2025-01-16T18:46:48.040Z,"83 km WNW of Aksu, China",earthquake,6.92,1.898,0.089,38,reviewed,us,us
2024-11-02T05:03:54.734Z,-17.9427,-178.5435,571.981,5.4,mww,199,36,2.469,0.63,us,us7000nphp,2025-01-16T18:46:46.040Z,"227 km E of Levuka, Fiji",earthquake,10.78,6.737,0.098,10,reviewed,us,us
2024-11-01T23:13:52.019Z,52.6805,-35.072,10,4.5,mb,42,126,12.378,0.78,us,us7000nsnz,2025-01-16T18:49:10.040Z,"Reykjanes Ridge",earthquake,11.74,1.911,0.094,33,reviewed,us,us
2024-11-01T23:00:03.112Z,7.401,126.1641,10,4.6,mb,57,115,0.667,0.74,us,us7000npgq,2025-01-16T18:46:36.040Z,"21 km ESE of San Mariano, Philippines",earthquake,4.71,1.888,0.083,43,reviewed,us,us
2024-11-01T21:35:46.223Z,33.8593,86.4464,10,4.7,mb,65,82,6.123,0.52,us,us7000npga,2025-01-16T18:46:32.040Z,"western Xizang",earthquake,9.6,1.862,0.073,57,reviewed,us,us
2024-11-01T21:13:22.300Z,9.2572,40.1009,10,4.6,mb,79,114,1.449,0.41,us,us7000npg7,2025-01-16T18:46:31.040Z,"31 km NNW of Āwash, Ethiopia",earthquake,7.85,1.873,0.067,66,reviewed,us,us
2024-11-01T21:04:32.015Z,28.4681,142.5304,10,4.5,mb,33,150,1.401,0.46,us,us7000npg6,2025-01-16T18:46:30.040Z,"Bonin Islands, Japan region",earthquake,9.38,1.916,0.111,24,reviewed,us,us
2024-11-01T20:52:24.491Z,-17.4293,167.8896,4.05,4.6,mb,35,111,2.078,0.52,us,us7000nsnx,2025-01-16T18:49:08.040Z,"56 km NW of Port-Vila, Vanuatu",earthquake,8.02,5.651,0.107,27,reviewed,us,us
2024-11-01T20:01:15.039Z,36.2464,70.588,120.222,4.8,mb,171,34,2.212,0.68,us,us7000npg1,2025-01-16T18:46:29.040Z,"72 km SSW of Jurm, Afghanistan",earthquake,8.56,5.218,0.042,178,reviewed,us,us
2024-11-01T18:55:29.383Z,8.9786,40.1166,10,4.6,mb,119,63,1.422,0.51,us,us7000npfn,2025-01-16T18:46:28.040Z,"5 km W of Āwash, Ethiopia",earthquake,7.65,1.865,0.054,107,reviewed,us,us
2024-11-01T17:19:13.559Z,-0.5287,125.852,37.961,5.1,mww,237,18,1.991,0.58,us,us7000npf5,2025-01-16T18:46:27.040Z,"169 km N of Sanana, Indonesia",earthquake,5.9,1.268,0.127,6,reviewed,us,us
2024-11-01T17:05:12.672Z,43.8401,86.3047,11.715,4.6,mb,20,120,4.091,0.96,us,us7000nsns,2025-01-16T18:49:06.040Z,"55 km SSE of Shihezi, China",earthquake,10.15,5.676,0.142,15,reviewed,us,us
2024-11-01T15:05:41.342Z,19.1147,146.8128,34.882,4.6,mb,31,109,3.975,1.02,us,us7000nsnr,2025-01-16T18:49:05.040Z,"Mariana Islands region",earthquake,12.32,6.244,0.107,26,reviewed,us,us
2024-11-01T14:16:51.290Z,35.8764,140.8206,44.514,4.6,mwr,76,121,2.214,0.64,us,us7000npc6,2025-01-16T18:46:20.040Z,"15 km N of Hasaki, Japan",earthquake,8.02,5.882,0.071,19,reviewed,us,us
2024-11-01T12:25:57.451Z,43.2623,144.1462,120.056,4.5,mb,24,134,1.415,0.68,us,us7000nsnk,2025-01-16T18:49:03.040Z,"33 km N of Shiranuka, Japan",earthquake,8.67,5.239,0.145,14,reviewed,us,us
2024-11-01T12:12:10.416Z,25.3306,142.5913,10,4.9,mb,30,142,1.795,0.53,us,us7000npbu,2025-01-16T18:46:17.040Z,"Volcano Islands, Japan region",earthquake,5.64,1.928,0.125,21,reviewed,us,us
2024-11-01T08:48:09.334Z,-2.713,139.4168,32.937,4.9,mb,36,73,1.3,0.87,us,us7000npbh,2025-01-16T18:46:15.040Z,"135 km W of Abepura, Indonesia",earthquake,9.4,5.372,0.087,41,reviewed,us,us
2024-11-01T08:33:53.328Z,-9.3289,108.8595,10,4.6,mb,26,80,2.207,1.01,us,us7000npbg,2025-01-16T18:46:14.040Z,"178 km S of Cilacap, Indonesia",earthquake,6.05,1.901,0.129,18,reviewed,us,us
2024-11-01T08:24:01.506Z,25.28,142.69,10,4.7,mb,49,125,1.864,0.75,us,us7000npbf,2025-01-16T18:46:13.040Z,"Volcano Islands, Japan region",earthquake,10.24,1.882,0.074,56,reviewed,us,us
2024-11-01T05:38:14.848Z,56.4478,-33.9482,10,5.4,mww,158,29,8.776,0.65,us,us7000npb7,2025-01-16T18:46:11.040Z,"Reykjanes Ridge",earthquake,9.23,1.853,0.052,35,reviewed,us,us
2024-11-01T05:29:02.735Z,-21.2251,-67.882,152.059,4.8,mwr,81,43,1.388,0.85,us,us7000npb4,2025-01-16T18:46:10.040Z,"38 km E of Ollagüe, Chile",earthquake,6.17,5.731,,,reviewed,us,guc
2024-11-01T05:24:10.798Z,-18.822,169.0731,230.633,4.6,mb,45,55,3.803,0.91,us,us7000npb3,2025-01-16T18:46:09.040Z,"82 km NNW of Isangel, Vanuatu",earthquake,6.17,7.228,0.058,87,reviewed,us,us
2024-11-01T04:18:52.412Z,29.247,130.359,39.713,4.7,mb,48,121,2.256,0.73,us,us7000npax,2025-01-16T18:46:08.040Z,"110 km S of Yudomari, Japan",earthquake,8.56,7.527,0.082,47,reviewed,us,us
2024-11-01T01:25:06.309Z,17.2315,-100.9617,10,4.7,mww,46,187,1.271,1.29,us,us7000npa7,2025-01-16T18:46:04.040Z,"8 km WSW of San Luis de La Loma, Mexico",earthquake,5.67,1.922,0.063,24,reviewed,us,us
2024-10-31T22:24:42.056Z,-19.9227,66.3786,10,5.1,mww,68,55,2.837,0.49,us,us7000np9n,2025-01-16T18:45:58.040Z,"Mauritius - Reunion region",earthquake,9.15,1.785,0.083,14,reviewed,us,us
2024-10-31T20:51:59.806Z,43.9367,149.0369,10,4.9,mww,87,135,4.65,0.63,us,us7000np96,2025-01-16T18:45:57.040Z,"170 km SSE of Kuril’sk, Russia",earthquake,10.48,1.882,0.117,7,reviewed,us,us
2024-10-31T20:20:40.436Z,-9.9098,151.7685,10,4.8,mww,40,90,4.572,0.68,us,us7000np90,2025-01-16T18:45:56.040Z,"143 km ENE of Samarai, Papua New Guinea",earthquake,8.62,1.876,0.089,12,reviewed,us,us
2024-10-31T17:48:01.249Z,-9.249,108.9052,24.387,4.7,mb,34,125,2.166,0.75,us,us7000nsn4,2025-01-16T18:48:57.040Z,"168 km S of Cilacap, Indonesia",earthquake,7.73,3.62,0.115,23,reviewed,us,us
2024-10-31T17:46:27.498Z,-6.8848,155.4595,39.502,5.3,mww,95,34,4.233,0.62,us,us7000np8b,2025-01-16T18:45:54.040Z,"62 km S of Panguna, Papua New Guinea",earthquake,8.26,6.442,0.071,19,reviewed,us,us
2024-10-31T16:18:16.748Z,23.5198,121.6159,14.486,4.8,mwr,59,46,0.855,0.92,us,us7000np7y,2025-01-16T18:45:50.040Z,"50 km S of Hualien City, Taiwan",earthquake,3.9,4.064,0.078,16,reviewed,us,us
2024-10-31T16:09:03.651Z,23.8909,142.8613,30.994,4.7,mb,38,122,3.249,0.87,us,us7000nsmu,2025-01-16T18:48:54.040Z,"Volcano Islands, Japan region",earthquake,12.31,6.12,0.097,32,reviewed,us,us
2024-10-31T15:48:09.325Z,13.6014,145.0987,127.823,4.5,mb,32,85,0.224,0.72,us,us7000nsmy,2025-01-16T18:48:55.040Z,"23 km ENE of Yigo Village, Guam",earthquake,10.78,5.228,0.11,24,reviewed,us,us
2024-10-31T13:12:48.085Z,43.1959,145.9677,50.062,4.6,mb,21,124,2.387,0.93,us,us7000np6i,2025-01-16T18:45:46.040Z,"34 km ESE of Nemuro, Japan",earthquake,9.4,4.182,0.136,16,reviewed,us,us
2024-10-31T08:52:51.820Z,-49.9073,127.0713,9.355,4.7,mb,33,112,15.594,0.4,us,us7000np5x,2025-01-16T18:45:44.040Z,"western Indian-Antarctic Ridge",earthquake,13.13,5.031,0.099,31,reviewed,us,us
2024-10-31T06:02:24.157Z,-18.9431,-177.9519,504.251,4.9,mb,136,74,3.539,0.64,us,us7000np5i,2025-01-16T18:45:43.040Z,"Fiji region",earthquake,10.93,6.271,0.05,129,reviewed,us,us
2024-10-31T05:44:44.843Z,-48.9029,121.2807,10,5.2,mww,55,65,16.244,0.54,us,us7000np5g,2025-01-16T18:45:42.040Z,"western Indian-Antarctic Ridge",earthquake,10.79,1.878,0.093,11,reviewed,us,us
2024-10-31T05:21:48.522Z,-14.9406,-71.7841,124.612,4.5,mb,34,141,3.44,0.89,us,us7000np5a,2025-01-16T18:45:41.040Z,"31 km WSW of Coporaque, Peru",earthquake,9.66,7.783,0.084,42,reviewed,us,us
2024-10-31T05:15:53.105Z,52.2764,159.6143,53.472,4.6,mb,67,125,0.951,0.61,us,us7000np59,2025-01-16T18:45:41.040Z,"109 km SE of Vilyuchinsk, Russia",earthquake,10.56,7.192,0.074,55,reviewed,us,us
2024-10-31T03:58:12.412Z,11.6729,142.2818,10,4.6,mb,31,125,3.162,1.11,us,us7000nsmc,2025-01-16T18:48:50.040Z,"285 km NE of Fais, Micronesia",earthquake,13.35,1.912,0.114,23,reviewed,us,us
2024-10-31T02:56:41.357Z,-22.979,-179.8929,568.504,4.5,mb,30,126,5.552,0.83,us,us7000np4w,2025-01-16T18:45:36.040Z,"south of the Fiji Islands",earthquake,12.14,8.94,0.097,31,reviewed,us,us
2024-10-30T23:47:23.326Z,4.6729,127.508,111.067,4.6,mb,79,106,3.058,0.58,us,us7000np45,2025-01-16T18:45:32.040Z,"237 km SE of Pondaguitan, Philippines",earthquake,8.52,5.811,0.067,67,reviewed,us,us
2024-10-30T21:39:11.208Z,19.1,121.0634,37.035,4.6,mb,100,102,3.699,0.75,us,us7000np3w,2025-01-16T18:45:29.040Z,"54 km N of Claveria, Philippines",earthquake,8.95,2.951,0.061,80,reviewed,us,us
2024-10-30T20:15:20.095Z,43.5842,-127.6418,10,6,mww,107,69,2.612,0.75,us,us7000np33,2025-02-05T20:25:30.864Z,"267 km W of Bandon, Oregon",earthquake,7.88,1.809,0.036,73,reviewed,us,us
2024-10-30T18:49:49.901Z,-11.5108,166.1228,82.631,4.5,mb,38,98,6.413,0.73,us,us7000np2k,2025-01-16T18:45:26.040Z,"93 km SSE of Lata, Solomon Islands",earthquake,11.31,4.322,0.094,33,reviewed,us,us
2024-10-30T13:20:50.784Z,-21.3543,-11.4163,10,4.7,mb,23,66,27.27,0.27,us,us7000nsgc,2025-01-16T18:48:45.040Z,"southern Mid-Atlantic Ridge",earthquake,13.12,1.887,0.117,22,reviewed,us,us
2024-10-30T13:03:53.914Z,6.4558,126.8095,113.356,4.6,mb,50,118,1.366,0.33,us,us7000np03,2025-01-16T18:45:20.040Z,"70 km SE of Bobon, Philippines",earthquake,7.35,6.13,0.089,38,reviewed,us,us
2024-10-30T12:18:51.671Z,-4.4064,150.0827,509,6,mww,295,14,2.086,0.58,us,us7000nnz9,2025-01-16T18:45:18.040Z,"126 km N of Kimbe, Papua New Guinea",earthquake,9.25,1.922,0.052,36,reviewed,us,us
2024-10-30T11:43:21.072Z,-24.179,-66.9698,182.784,4.9,mb,59,75,1.65,0.82,us,us7000nnz6,2025-01-16T18:45:17.040Z,"66 km W of San Antonio de los Cobres, Argentina",earthquake,9.75,7.778,0.075,55,reviewed,us,us
2024-10-30T08:59:08.911Z,-25.2544,-178.8575,380.662,4.9,mb,52,113,4.06,0.86,us,us7000nnyz,2025-01-16T18:45:15.040Z,"south of the Fiji Islands",earthquake,12.89,7.079,0.087,41,reviewed,us,us
2024-10-30T06:14:26.974Z,36.1033,139.7223,76.787,4.5,mb,33,134,1.298,0.51,us,us7000nnyg,2025-01-16T18:45:13.040Z,"3 km N of Satte, Japan",earthquake,8.24,8.03,0.139,15,reviewed,us,us
2024-10-30T05:45:38.247Z,-28.6299,-176.8525,41.194,4.5,mb,17,135,1.125,0.48,us,us7000nsg0,2025-01-16T18:48:43.040Z,"Kermadec Islands region",earthquake,12.68,9.197,0.163,12,reviewed,us,us
2024-10-30T02:18:41.991Z,38.2418,74.1476,131.267,4.5,mb,54,206,3.796,0.64,us,us7000nnxq,2025-01-16T18:45:09.040Z,"17 km ENE of Murghob, Tajikistan",earthquake,10.31,10.802,0.085,40,reviewed,us,us
2024-10-29T23:44:31.226Z,-26.3879,71.719,10,4.6,mb,31,55,10.128,1.11,us,us7000ns1e,2025-01-16T18:48:41.040Z,"Mid-Indian Ridge",earthquake,11.72,1.875,0.112,24,reviewed,us,us
2024-10-29T21:49:16.678Z,7.3271,-71.8678,10,4.7,mb,38,78,1.868,0.77,us,us7000nnx8,2025-01-16T18:45:07.040Z,"44 km NE of Cubará, Colombia",earthquake,5.79,1.896,0.063,77,reviewed,us,us
2024-10-29T18:46:45.789Z,-12.2302,-14.775,10,5,mb,45,80,4.29,0.73,us,us7000nnwd,2025-01-16T18:45:06.040Z,"southern Mid-Atlantic Ridge",earthquake,12.62,1.888,0.087,42,reviewed,us,us
2024-10-29T18:44:26.524Z,-13.1213,166.4118,41.658,4.6,mb,28,130,7.32,1.17,us,us7000nnwb,2025-01-16T18:45:05.040Z,"149 km NW of Sola, Vanuatu",earthquake,11.05,6.87,0.125,19,reviewed,us,us
2024-10-29T18:13:31.284Z,-14.87,167.1767,97.173,4.6,mb,43,141,6.285,0.66,us,us7000ns10,2025-01-16T18:48:31.040Z,"22 km NNE of Port-Olry, Vanuatu",earthquake,12.59,7.618,0.093,34,reviewed,us,us
2024-10-29T17:32:53.459Z,-59.7778,-27.3153,173.066,5.1,mb,136,34,15.428,0.88,us,us7000nnvq,2025-01-16T18:45:04.040Z,"South Sandwich Islands region",earthquake,8.51,4.674,0.054,118,reviewed,us,us
2024-10-29T16:16:32.632Z,-19.7304,-177.0211,330.927,4.9,mb,122,121,4.716,0.73,us,us7000nnv7,2025-01-16T18:44:58.040Z,"239 km NW of Houma, Tonga",earthquake,10.33,5.632,0.036,253,reviewed,us,us
2024-10-29T16:00:32.198Z,-54.7416,159.0059,17.591,4.7,mb,26,179,0.247,0.5,us,us7000nnv3,2025-01-16T18:44:57.040Z,"Macquarie Island region",earthquake,5.71,4.659,0.12,21,reviewed,us,us
2024-10-29T14:15:39.314Z,11.7728,142.3704,44.432,4.5,mb,41,127,3.033,0.64,us,us7000ns11,2025-01-16T18:48:32.040Z,"299 km WSW of Merizo Village, Guam",earthquake,12.85,6.766,0.1,30,reviewed,us,us
2024-10-29T13:01:41.294Z,-28.6148,-176.87,35,4.8,mb,40,75,1.121,0.92,us,us7000nnsw,2025-01-16T18:44:53.040Z,"Kermadec Islands region",earthquake,9.56,1.901,0.092,44,reviewed,us,us
2024-10-29T12:13:58.000Z,51.8725,157.8398,86.557,4.9,mb,172,117,1.241,0.48,us,us7000nnss,2025-01-16T18:44:53.040Z,"101 km ENE of Ozernovskiy, Russia",earthquake,8,3.414,0.028,413,reviewed,us,us
2024-10-29T11:02:53.512Z,10.2638,127.2449,10,4.7,mb,66,80,3.575,0.59,us,us7000ns0t,2025-01-16T18:48:28.040Z,"133 km ENE of Pilar, Philippines",earthquake,10.42,1.875,0.075,54,reviewed,us,us
2024-10-29T08:32:45.641Z,-18.1306,-178.2019,566.896,4.9,mb,107,31,2.843,0.82,us,us7000nnsg,2025-01-16T18:44:51.040Z,"262 km E of Levuka, Fiji",earthquake,8.33,6.004,0.028,399,reviewed,us,us
2024-10-29T07:45:28.903Z,11.6495,142.2883,10,4.9,mb,60,53,3.171,0.88,us,us7000nns7,2025-01-16T18:44:49.040Z,"284 km NE of Fais, Micronesia",earthquake,8.96,1.863,0.059,91,reviewed,us,us
2024-10-29T06:13:05.296Z,-18.6749,169.51,283.585,5,mb,50,78,4.368,0.68,us,us7000nnrv,2025-01-16T18:44:47.040Z,"98 km NNE of Isangel, Vanuatu",earthquake,10.61,2.778,0.038,224,reviewed,us,us
2024-10-29T04:27:10.609Z,-2.9507,129.7521,10,4.8,mb,56,51,1.568,0.8,us,us7000nnr7,2025-01-16T18:44:45.040Z,"95 km ENE of Masohi, Indonesia",earthquake,5.56,1.845,0.085,43,reviewed,us,us
2024-10-29T02:35:22.584Z,4.8018,96.0583,10,4.6,mb,24,91,0.982,0.89,us,us7000nnqs,2025-01-16T18:44:43.040Z,"52 km SSW of Reuleuet, Indonesia",earthquake,6.08,1.885,0.141,15,reviewed,us,us
2024-10-28T23:49:09.977Z,-31.7778,-177.9872,10,4.5,mb,13,178,2.508,0.66,us,us7000ns02,2025-01-16T18:48:22.040Z,"Kermadec Islands region",earthquake,11.79,1.848,0.171,10,reviewed,us,us
2024-10-28T22:33:55.880Z,-25.9519,179.8795,491.128,4.8,mb,110,44,3.813,0.81,us,us7000nnpu,2025-01-16T18:44:38.040Z,"south of the Fiji Islands",earthquake,10.91,6.516,0.063,77,reviewed,us,us
2024-10-28T22:26:04.300Z,-8.8379,157.8872,10.028,4.5,mb,18,98,2.12,0.31,us,us7000ns04,2025-01-16T18:48:23.040Z,"140 km SE of Gizo, Solomon Islands",earthquake,9.79,5.046,0.121,20,reviewed,us,us
2024-10-28T20:49:39.629Z,-14.3151,167.3755,148.028,4.5,mb,39,161,6.866,0.76,us,us7000nnpf,2025-01-16T18:44:36.040Z,"52 km SSW of Sola, Vanuatu",earthquake,8.67,7.024,0.099,30,reviewed,us,us
2024-10-28T14:35:01.535Z,-10.9909,164.2936,10,4.7,mb,51,120,4.548,0.82,us,us7000nnn1,2025-01-16T18:44:26.040Z,"167 km W of Lata, Solomon Islands",earthquake,5.3,1.868,0.082,45,reviewed,us,us
2024-10-28T13:08:36.561Z,27.8841,94.0163,10,4.7,mb,57,98,6.699,0.61,us,us7000nnml,2025-01-16T18:44:24.040Z,"36 km NNE of Ziro, India",earthquake,9.78,1.891,0.076,52,reviewed,us,us
2024-10-28T13:07:11.065Z,1.5367,97.0761,37.266,4.8,mb,49,112,0.55,0.58,us,us7000nnmk,2025-01-16T18:44:23.040Z,"65 km WNW of Gunungsitoli, Indonesia",earthquake,7.71,3.767,0.096,34,reviewed,us,us
2024-10-28T09:25:51.320Z,30.0327,130.3424,57.166,4.5,mb,51,112,1.475,0.77,us,us7000nrzi,2025-01-16T18:48:19.040Z,"25 km SSW of Yudomari, Japan",earthquake,7.06,7.686,0.111,32,reviewed,us,us
2024-10-28T08:33:44.129Z,-3.4711,151.2112,10,4.7,mb,42,67,1.162,0.42,us,us7000nnll,2025-01-16T18:44:15.040Z,"109 km SSE of Kavieng, Papua New Guinea",earthquake,6.77,1.865,0.092,36,reviewed,us,us
2024-10-28T07:53:30.759Z,43.4231,83.7143,10,4.5,mb,62,98,3.085,0.39,us,us7000nnlg,2025-01-16T18:44:14.040Z,"37 km E of Xinyuan, China",earthquake,3.86,1.889,0.087,39,reviewed,us,us
2024-10-28T07:08:37.689Z,7.0174,-76.8664,10,4.6,mb,105,83,1.562,0.64,us,us7000nnla,2025-01-16T18:44:11.040Z,"6 km NW of Murindó, Colombia",earthquake,5.43,1.871,0.052,111,reviewed,us,us
2024-10-28T05:40:29.430Z,1.8348,126.855,108.244,4.7,mb,69,74,1.173,0.67,us,us7000nnkx,2025-01-16T18:44:09.040Z,"128 km W of Tobelo, Indonesia",earthquake,7.62,6.57,0.073,56,reviewed,us,us
2024-10-28T04:28:58.607Z,39.9986,143.3426,35,4.5,mb,21,127,1.911,0.41,us,us7000nrza,2025-01-16T18:48:18.040Z,"126 km ENE of Miyako, Japan",earthquake,7.61,1.822,0.156,12,reviewed,us,us
2024-10-28T02:46:26.024Z,-25.9206,179.8,489.416,4.9,mb,102,44,3.876,0.78,us,us7000nnjz,2025-01-16T18:44:03.040Z,"south of the Fiji Islands",earthquake,9.67,4.138,0.032,304,reviewed,us,us
2024-10-28T02:02:58.464Z,-7.1454,125.7502,484.187,4.8,mb,82,45,3.781,0.44,us,us7000nnjr,2025-01-16T18:44:01.040Z,"153 km N of Metinaro, Timor Leste",earthquake,9.66,4.414,0.065,72,reviewed,us,us
2024-10-28T00:14:43.317Z,4.7491,-82.6319,10,4.9,mww,94,143,3.701,0.6,us,us7000nnja,2025-01-16T18:43:57.040Z,"south of Panama",earthquake,8.11,1.842,0.047,44,reviewed,us,us
2024-10-27T23:44:39.527Z,-18.3644,168.1259,27.834,4.8,mb,40,143,3.032,0.7,us,us7000nrt8,2025-01-04T23:09:07.040Z,"72 km SSW of Port-Vila, Vanuatu",earthquake,9.33,5.587,0.101,30,reviewed,us,us
2024-10-27T22:27:20.705Z,-3.0263,147.2765,10,4.5,mb,12,154,0.981,0.48,us,us7000nrt5,2025-01-04T23:09:06.040Z,"109 km S of Lorengau, Papua New Guinea",earthquake,10.03,1.511,0.171,10,reviewed,us,us
2024-10-27T22:06:32.012Z,-17.899,-178.2309,607.641,5,mb,176,34,2.694,0.74,us,us7000nnix,2025-01-04T23:08:31.040Z,"260 km E of Levuka, Fiji",earthquake,11.15,5.983,0.048,135,reviewed,us,us
2024-10-27T21:16:14.602Z,-21.9538,-68.5929,125.382,4.6,mb,45,54,0.623,0.95,us,us7000nnit,2025-01-04T23:08:30.040Z,"65 km NNE of Calama, Chile",earthquake,4.81,4.871,0.093,34,reviewed,us,us
2024-10-27T20:58:16.601Z,-1.9279,137.4524,10,4.7,mww,31,72,3.3,0.82,us,us7000nniq,2025-01-04T23:08:30.040Z,"173 km ESE of Biak, Indonesia",earthquake,9.48,1.868,0.089,12,reviewed,us,us
2024-10-27T17:07:10.334Z,37.6308,36.0057,10,4.9,mww,96,56,0.274,0.73,us,us7000nni1,2025-01-04T23:08:29.040Z,"21 km SSE of Feke, Turkey",earthquake,5.17,1.859,0.061,26,reviewed,us,us
2024-10-27T15:56:25.415Z,5.7151,126.5679,32.832,4.6,mb,35,128,1.666,0.86,us,us7000nnhw,2025-01-04T23:08:29.040Z,"83 km SSE of Pondaguitan, Philippines",earthquake,9.14,5.273,0.105,30,reviewed,us,us
2024-10-27T13:35:03.923Z,-1.0828,127.3464,10,4.8,mb,51,83,1.842,0.66,us,us7000nnhg,2025-01-04T23:08:27.040Z,"52 km SSW of Labuha, Indonesia",earthquake,4.98,1.861,0.073,63,reviewed,us,us
2024-10-27T13:32:35.701Z,-1.0928,127.2642,10,4.6,mb,41,85,1.855,0.8,us,us7000nnhf,2025-01-04T23:08:26.040Z,"56 km SSW of Labuha, Indonesia",earthquake,6.94,1.89,0.105,31,reviewed,us,us
2024-10-27T13:13:03.503Z,-32.1744,-178.0717,10,4.7,mb,20,152,2.906,0.74,us,us7000nrsl,2025-01-04T23:09:04.040Z,"south of the Kermadec Islands",earthquake,13.31,1.933,0.142,17,reviewed,us,us
2024-10-27T12:05:22.929Z,38.803,91.6619,10,4.5,mb,18,187,9.989,0.74,us,us7000nrsx,2025-01-04T23:09:05.040Z,"196 km SSE of Luobupo, China",earthquake,12.92,1.994,0.222,6,reviewed,us,us
2024-10-27T10:34:05.677Z,-31.5891,-178.1365,34.163,4.5,mb,16,175,2.327,0.67,us,us7000nrsd,2025-01-04T23:09:03.040Z,"Kermadec Islands region",earthquake,16.06,7.018,0.163,11,reviewed,us,us
2024-10-27T10:21:45.264Z,23.9825,121.6566,31.216,4.7,mwr,65,47,0.198,1.09,us,us7000nngq,2025-01-04T23:08:26.040Z,"5 km E of Hualien City, Taiwan",earthquake,3.49,4.347,0.068,21,reviewed,us,us
2024-10-27T09:50:12.985Z,-23.472,-67.6575,145.309,4.9,mww,53,44,0.706,1.36,us,us7000nngm,2025-01-04T23:08:25.040Z,"83 km SE of San Pedro de Atacama, Chile",earthquake,8.32,5.243,0.075,17,reviewed,us,us
2024-10-27T04:49:49.007Z,54.6412,160.5356,90.891,5.2,mb,92,59,1.969,0.81,us,us7000nnff,2025-01-04T23:08:24.040Z,"121 km SSE of Atlasovo, Russia",earthquake,9.88,6.115,0.022,676,reviewed,us,us
2024-10-27T00:31:16.239Z,23.9956,-46.5021,10,5,mb,202,101,15.606,0.76,us,us7000nneu,2025-01-04T23:08:22.040Z,"northern Mid-Atlantic Ridge",earthquake,12.1,1.896,0.041,192,reviewed,us,us
2024-10-26T22:16:53.034Z,21.9008,121.3819,10,4.5,mb,51,100,0.954,0.78,us,us7000nne2,2025-01-04T23:08:21.040Z,"66 km E of Hengchun, Taiwan",earthquake,3.66,1.853,0.092,35,reviewed,us,us
2024-10-26T18:31:36.450Z,-42.197,87.9641,10,4.7,mb,19,87,14.286,0.73,us,us7000nrq2,2025-01-04T23:09:00.040Z,"southeast Indian Ridge",earthquake,13.92,1.908,0.142,15,reviewed,us,us
2024-10-26T16:32:08.045Z,17.483,145.7636,158.448,4.6,mb,108,75,2.23,0.65,us,us7000nrq5,2025-01-04T23:09:00.040Z,"251 km N of Saipan, Northern Mariana Islands",earthquake,10.35,7.418,0.052,116,reviewed,us,us
2024-10-26T15:23:13.632Z,41.431,-29.2638,10,4.5,mb,28,141,4.664,0.58,us,us7000nrpw,2025-01-04T23:08:59.040Z,"270 km NE of Santa Cruz das Flores, Portugal",earthquake,13.85,1.906,0.113,23,reviewed,us,us
2024-10-26T14:21:55.944Z,-8.4236,119.858,179.386,4.6,mb,51,69,2.363,1.14,us,us7000nnc7,2025-01-04T23:08:18.040Z,"8 km NNW of Labuan Bajo, Indonesia",earthquake,8.46,4.958,0.08,47,reviewed,us,us
2024-10-26T12:56:21.227Z,-7.1135,129.1749,183.084,4.6,mb,54,80,2.674,0.58,us,us7000nnbu,2025-01-04T23:08:17.040Z,"286 km ENE of Lospalos, Timor Leste",earthquake,9.18,7.355,0.078,49,reviewed,us,us
2024-10-26T12:22:02.706Z,9.0897,39.9217,10,4.8,mb,77,100,3.764,0.75,us,us7000nnhu,2025-01-04T23:08:28.040Z,"20 km N of Metahāra, Ethiopia",earthquake,10.76,1.882,0.07,63,reviewed,us,us
2024-10-26T12:21:38.972Z,9.1078,39.8591,10,4.7,mb,71,92,1.184,0.79,us,us7000nnhs,2025-01-04T23:08:28.040Z,"23 km NNW of Metahāra, Ethiopia",earthquake,7.88,1.888,0.071,61,reviewed,us,us
2024-10-26T08:35:57.334Z,40.96,83.9942,10,5.1,mb,133,118,4.103,0.5,us,us7000nnak,2025-01-04T23:08:15.040Z,"122 km SE of Kuqa, China",earthquake,9.34,1.894,0.052,120,reviewed,us,us
2024-10-26T07:23:56.098Z,-50.2939,69.4293,10,5.2,mb,65,60,1.071,0.5,us,us7000nnai,2025-01-04T23:08:14.040Z,"119 km SSW of Port-aux-Français, French Southern Territories",earthquake,7.79,1.864,0.076,58,reviewed,us,us
2024-10-26T04:17:25.752Z,-38.5863,-15.7061,10,4.8,mb,28,64,3.083,0.49,us,us7000nrpm,2025-01-04T23:08:57.040Z,"Tristan da Cunha region",earthquake,10.48,1.883,0.111,26,reviewed,us,us
2024-10-26T01:21:57.916Z,12.6601,-88.114,60.411,4.8,mb,53,135,0.829,0.94,us,us7000nn9u,2025-01-04T23:08:13.040Z,"59 km S of Intipucá, El Salvador",earthquake,5.29,7.638,0.028,390,reviewed,us,us
2024-10-25T21:55:33.326Z,7.5445,-82.3132,10,4.6,mww,51,149,1.317,0.99,us,us7000nn8v,2025-01-04T23:08:12.040Z,"75 km S of Boca Chica, Panama",earthquake,6.63,1.92,0.098,10,reviewed,us,us
2024-10-25T18:41:46.305Z,-0.8895,-24.626,10,4.5,mb,18,121,12.275,0.57,us,us7000nrkl,2025-01-04T23:08:55.040Z,"central Mid-Atlantic Ridge",earthquake,14.36,1.932,0.15,13,reviewed,us,us
2024-10-25T18:18:20.279Z,-16.0391,-174.3002,116.014,4.6,mb,25,89,3.226,0.88,us,us7000nrkp,2025-01-04T23:08:55.040Z,"54 km W of Hihifo, Tonga",earthquake,9.64,9.628,0.141,15,reviewed,us,us
2024-10-25T16:04:12.404Z,30.6841,141.6057,46.94,4.7,mb,35,119,2.863,0.5,us,us7000nrkj,2025-01-04T23:08:54.040Z,"Izu Islands, Japan region",earthquake,9.85,7.726,0.124,20,reviewed,us,us
2024-10-25T15:04:23.620Z,36.5508333,-117.056,4.58,4.54,ml,34,147,0.5094,0.16,ci,ci40964384,2025-01-04T23:08:10.040Z,"10 km SE of Stovepipe Wells, CA",earthquake,0.26,31.61,0.109,15,reviewed,ci,ci
2024-10-25T14:46:23.800Z,14.0745,-92.662,17,5.8,mww,119,64,1.116,1.04,us,us7000nn6t,2025-01-04T23:08:09.040Z,"69 km SW of Brisas Barra de Suchiate, Mexico",earthquake,5.81,1.812,0.052,35,reviewed,us,us
2024-10-25T14:01:26.658Z,-19.3134,-172.9614,11,5.7,mww,29,87,2.877,0.7,us,us7000nn5q,2025-01-04T23:08:08.040Z,"130 km SE of Neiafu, Tonga",earthquake,11.83,1.932,0.065,23,reviewed,us,us
2024-10-25T11:17:06.791Z,37.033,142.0607,35,4.7,mb,36,125,3.13,0.69,us,us7000nn3x,2025-01-04T23:08:07.040Z,"98 km ESE of Tomioka, Japan",earthquake,9.23,1.928,0.111,25,reviewed,us,us
2024-10-25T08:05:08.290Z,36.6016667,-117.0911667,3.98,4.72,mw,35,146,0.3829,0.17,ci,ci40964128,2025-02-07T08:15:10.682Z,"5 km E of Stovepipe Wells, CA",earthquake,0.31,31.61,,6,reviewed,ci,ci
2024-10-25T06:57:27.016Z,-28.0895,63.0502,10,4.5,mb,27,72,9.571,0.42,us,us7000nrk7,2025-01-04T23:08:53.040Z,"Southwest Indian Ridge",earthquake,10.97,1.874,0.124,19,reviewed,us,us
2024-10-25T06:31:50.960Z,43.2803,146.5994,82.02,4.9,mb,59,169,2.837,0.6,us,us7000nn2q,2025-01-04T23:08:04.040Z,"58 km S of Shikotan, Russia",earthquake,10.16,8.206,0.047,139,reviewed,us,us
2024-10-25T05:38:05.073Z,-21.6994,-68.4462,119.209,5,mww,82,43,0.746,0.93,us,us7000nn2i,2025-01-04T23:08:03.040Z,"56 km SSW of Ollagüe, Chile",earthquake,6.78,5.898,0.055,32,reviewed,us,us
2024-10-25T05:04:32.499Z,-6.1825,154.5368,407.902,4.5,mb,52,125,3.082,0.47,us,us7000nn2f,2025-01-04T23:08:03.040Z,"105 km W of Panguna, Papua New Guinea",earthquake,12.68,8.004,0.06,81,reviewed,us,us
2024-10-25T02:12:23.882Z,31.9198,141.6628,10,4.6,mb,60,121,1.965,0.57,us,us7000nn1v,2025-01-04T23:08:02.040Z,"Izu Islands, Japan region",earthquake,7.85,1.869,0.073,60,reviewed,us,us
2024-10-25T00:00:32.139Z,-5.288,151.701,61.116,5.1,mb,86,32,1.027,0.55,us,us7000nn1g,2025-01-04T23:08:01.040Z,"121 km SSW of Kokopo, Papua New Guinea",earthquake,9.76,4.906,0.053,116,reviewed,us,us
2024-10-24T23:28:20.236Z,-16.1456,-173.9085,95.632,5.3,mww,106,44,3.027,0.65,us,us7000nn19,2025-01-04T23:08:01.040Z,"24 km SSW of Hihifo, Tonga",earthquake,9.08,4.589,0.08,15,reviewed,us,us
2024-10-24T21:13:20.620Z,54.8694,-118.663,10,4.5,mb,83,36,0.678,0.63,us,us7000nn0c,2025-01-04T23:07:59.040Z,"34 km SSE of Grande Prairie, Canada",earthquake,5.68,0.787,0.042,168,reviewed,us,us
2024-10-24T20:31:59.106Z,5.4511,-78.3798,10,4.6,mb,60,121,2.93,0.76,us,us7000nmzv,2025-01-04T23:07:59.040Z,"125 km WNW of Pizarro, Colombia",earthquake,7.08,1.9,0.084,43,reviewed,us,us
2024-10-24T19:32:35.574Z,-31.2237,-179.9248,340.82,5,mb,69,75,2.614,0.75,us,us7000nmzf,2025-01-04T23:07:58.040Z,"Kermadec Islands region",earthquake,11.46,7.479,0.038,225,reviewed,us,us
2024-10-24T19:23:15.474Z,-17.4955,-70.6827,114.465,4.9,mb,47,129,0.929,0.93,us,us7000nmzd,2025-01-04T23:07:58.040Z,"15 km NNE of Locumba, Peru",earthquake,5.32,5.833,0.069,66,reviewed,us,us
2024-10-24T18:52:10.287Z,-5.0842,152.1733,62.847,5.1,mb,64,62,0.887,0.65,us,us7000nmz2,2025-01-04T23:07:57.040Z,"82 km S of Kokopo, Papua New Guinea",earthquake,8.6,6.643,0.037,240,reviewed,us,us
2024-10-24T17:51:27.678Z,25.4971,142.6492,10,5.1,mww,101,68,1.646,1.04,us,us7000nmyu,2025-01-04T23:07:57.040Z,"Volcano Islands, Japan region",earthquake,9.11,1.861,0.073,18,reviewed,us,us
2024-10-24T17:39:27.412Z,-21.7259,-67.2722,184.712,4.8,mb,43,68,1.481,0.9,us,us7000nmyt,2025-01-04T23:07:56.040Z,"115 km ESE of Ollagüe, Chile",earthquake,8.05,7.675,0.082,46,reviewed,us,us
2024-10-24T17:22:45.592Z,-2.3984,134.1974,46.99,4.9,mb,56,61,2.014,0.54,us,us7000nmyq,2025-01-04T23:07:56.040Z,"81 km ESE of Bintuni, Indonesia",earthquake,8.63,7.306,0.064,76,reviewed,us,us
2024-10-24T16:42:41.858Z,-10.1334,160.9825,10,4.5,mb,25,112,1.232,0.55,us,us7000nmym,2025-01-04T23:07:56.040Z,"108 km WNW of Kirakira, Solomon Islands",earthquake,9.85,1.903,0.124,22,reviewed,us,us
2024-10-24T14:33:36.639Z,3.1075,128.2465,85.428,4.6,mb,30,119,2.481,0.96,us,us7000nre9,2025-01-04T23:08:50.040Z,"154 km N of Tobelo, Indonesia",earthquake,12.58,9.547,0.103,28,reviewed,us,us
2024-10-24T11:45:36.009Z,-28.7244,-71.795,13.472,4.9,mww,66,134,0.819,0.95,us,us7000nmum,2025-01-04T23:07:53.040Z,"102 km W of Vallenar, Chile",earthquake,3.47,4.215,0.063,24,reviewed,us,us
2024-10-24T07:14:31.239Z,52.4838,-170.6317,54.394,5,mww,191,133,0.529,0.73,us,us7000nmtw,2025-02-06T07:24:46.944Z,"129 km WSW of Nikolski, Alaska",earthquake,7.71,5.481,0.08,15,reviewed,us,us
2024-10-24T05:21:39.230Z,14.8593,53.2533,10,4.6,mb,47,146,10.409,0.84,us,us7000nmta,2025-01-04T23:07:51.040Z,"188 km SE of Al Ghayz̧ah, Yemen",earthquake,11.98,1.95,0.084,42,reviewed,us,us
2024-10-24T04:30:51.025Z,-41.935,80.0351,10,5.6,mww,45,52,4.548,0.51,us,us7000nmsy,2025-01-04T23:07:50.040Z,"Mid-Indian Ridge",earthquake,9.39,1.861,0.086,13,reviewed,us,us
2024-10-24T04:29:59.808Z,-41.7461,79.6302,10,4.9,mb,32,68,4.252,0.8,us,us7000nmsx,2025-01-04T23:07:50.040Z,"Mid-Indian Ridge",earthquake,12.03,1.899,0.106,28,reviewed,us,us
2024-10-24T00:45:18.938Z,-60.0429,-24.1857,10,4.6,mb,40,96,14.441,0.44,us,us7000nrdx,2025-01-04T23:08:49.040Z,"South Sandwich Islands region",earthquake,12.55,1.854,0.093,34,reviewed,us,us
2024-10-24T00:38:44.197Z,28.6033,52.2189,10,5,mb,173,51,5.095,0.55,us,us7000nms2,2025-01-04T23:07:48.040Z,"43 km SW of Fīrūzābād, Iran",earthquake,8.14,1.77,0.044,165,reviewed,us,us
2024-10-23T21:30:14.788Z,-27.8201,-176.6853,35,5.1,mb,96,64,1.792,0.57,us,us7000nmra,2025-01-04T23:07:46.040Z,"Kermadec Islands region",earthquake,5.06,1.821,0.062,84,reviewed,us,us
2024-10-23T20:02:44.453Z,-16.4679,-172.1624,10,4.6,mb,36,124,2.571,0.76,us,us7000nrd9,2025-01-04T23:08:47.040Z,"183 km ESE of Hihifo, Tonga",earthquake,12.93,1.828,0.094,34,reviewed,us,us
2024-10-23T19:20:54.336Z,-17.8318,-174.9004,230.38,4.9,mb,32,66,4.675,0.76,us,us7000nmqr,2025-01-04T23:07:45.040Z,"132 km NW of Neiafu, Tonga",earthquake,10.61,6.623,0.095,35,reviewed,us,us
2024-10-23T18:19:50.019Z,25.3686,142.7449,10,4.6,mb,49,129,1.792,0.73,us,us7000nrdd,2025-01-04T23:08:47.040Z,"Volcano Islands, Japan region",earthquake,11.02,1.902,0.083,43,reviewed,us,us
2024-10-23T14:38:04.614Z,49.394,155.6369,40,6.2,mww,277,38,3.938,0.55,us,us7000nmlt,2025-01-04T23:07:43.040Z,"146 km SSW of Severo-Kuril’sk, Russia",earthquake,9.34,1.93,0.037,69,reviewed,us,us
2024-10-23T13:45:17.173Z,23.7411,141.8628,98.235,4.7,mb,97,89,3.353,0.6,us,us7000nmln,2025-01-04T23:07:42.040Z,"Volcano Islands, Japan region",earthquake,10.28,6.124,0.045,153,reviewed,us,us
2024-10-23T07:44:43.587Z,-18.3774,-173.1489,10,4.6,mb,23,107,3.131,0.55,us,us7000nmkm,2025-01-04T23:07:40.040Z,"93 km ENE of Neiafu, Tonga",earthquake,6.19,1.851,0.117,22,reviewed,us,us
2024-10-23T06:06:56.970Z,-41.0753,-91.5709,10,4.6,mb,37,153,13.803,0.56,us,us7000nrdf,2025-01-04T23:08:48.040Z,"southeast of Easter Island",earthquake,14.55,1.937,0.102,29,reviewed,us,us
2024-10-23T06:05:14.228Z,-41.0186,-91.3277,10,5,mb,72,143,13.657,0.64,us,us7000nmk2,2025-01-04T23:07:39.040Z,"southeast of Easter Island",earthquake,12.6,1.885,0.049,130,reviewed,us,us
2024-10-23T03:12:09.900Z,31.0047,140.9088,70.625,4.6,mb,53,96,2.3,0.48,us,us7000nmjm,2025-01-04T23:07:38.040Z,"Izu Islands, Japan region",earthquake,11.37,6.057,0.082,45,reviewed,us,us
2024-10-23T01:37:22.534Z,38.1521,74.0639,160.971,4.5,mb,32,227,3.733,0.47,us,us7000nrcx,2025-01-04T23:08:45.040Z,"8 km ESE of Murghob, Tajikistan",earthquake,10.28,10.905,0.135,16,reviewed,us,us
2024-10-22T22:57:16.233Z,-26.1619,71.0091,10,4.7,mb,35,55,9.494,0.6,us,us7000nr6w,2025-01-04T23:08:44.040Z,"Mid-Indian Ridge",earthquake,10.18,1.407,0.106,27,reviewed,us,us
2024-10-22T22:46:17.170Z,-18.1333,168.9794,10,4.5,mb,23,195,3.167,0.91,us,us7000nr6x,2025-01-04T23:08:44.040Z,"83 km ESE of Port-Vila, Vanuatu",earthquake,5.18,1.961,0.135,16,reviewed,us,us
2024-10-22T22:17:58.233Z,16.6317,-99.26,10,4.9,mww,311,159,1.139,0.71,us,us7000nmi9,2025-01-04T23:07:36.040Z,"14 km SSW of Las Vigas, Mexico",earthquake,6.67,1.854,0.052,35,reviewed,us,us
2024-10-22T22:02:10.213Z,22.0209,121.4705,10,4.5,mb,32,117,0.871,1.07,us,us7000nmi6,2025-01-04T23:07:36.040Z,"75 km E of Hengchun, Taiwan",earthquake,5.65,1.925,0.135,16,reviewed,us,us
2024-10-22T19:49:32.406Z,2.7718,-84.4081,10,4.6,mb,69,80,5.748,0.83,us,us7000nmhe,2025-01-04T23:07:34.040Z,"off the coast of Central America",earthquake,9.71,1.869,0.073,55,reviewed,us,us
2024-10-22T19:43:33.728Z,-13.5983,66.039,10,4.6,mb,22,92,31.065,0.51,us,us7000nr6r,2025-01-04T23:08:43.040Z,"Mid-Indian Ridge",earthquake,12.46,1.728,0.164,12,reviewed,us,us
2024-10-22T18:14:17.547Z,5.6923,126.344,10,4.5,mb,36,128,1.565,0.71,us,us7000nr6m,2025-01-04T23:08:42.040Z,"76 km SSE of Pondaguitan, Philippines",earthquake,10.59,1.813,0.108,25,reviewed,us,us
2024-10-22T15:45:37.516Z,-23.872,-179.6709,462.72,5.5,mww,108,73,5.574,0.5,us,us7000nmg9,2025-01-04T23:07:31.040Z,"south of the Fiji Islands",earthquake,10.57,5.99,0.073,18,reviewed,us,us
2024-10-22T12:48:53.863Z,-1.0605,127.3641,10,4.9,mb,98,80,1.82,0.31,us,us7000nmeb,2025-01-04T23:07:31.040Z,"49 km SSW of Labuha, Indonesia",earthquake,4.99,1.83,0.063,82,reviewed,us,us
2024-10-22T12:43:52.695Z,-7.8597,108.2882,96.919,4.7,mb,70,28,0.745,0.55,us,us7000nmea,2025-01-04T23:07:30.040Z,"53 km S of Kawalu, Indonesia",earthquake,6.81,5.889,0.073,59,reviewed,us,us
2024-10-22T12:35:42.863Z,1.1056,127.1048,160.006,4.5,mb,46,54,0.422,0.56,us,us7000nme9,2025-01-04T23:07:30.040Z,"46 km NW of Ternate, Indonesia",earthquake,8.68,4.925,0.091,38,reviewed,us,us
2024-10-22T12:08:32.720Z,-2.9805,147.4269,10,5.1,mww,70,49,0.933,0.56,us,us7000nme7,2025-01-04T23:07:29.040Z,"106 km S of Lorengau, Papua New Guinea",earthquake,5.84,1.844,0.08,15,reviewed,us,us
2024-10-22T11:45:30.248Z,-2.9675,147.1414,10,4.5,mb,28,75,0.945,0.64,us,us7000nr6g,2025-01-04T23:08:42.040Z,"104 km S of Lorengau, Papua New Guinea",earthquake,6.3,1.876,0.121,20,reviewed,us,us
2024-10-22T10:19:30.466Z,-3.0453,147.5308,10,4.6,mb,38,76,1.009,0.39,us,us7000nr6f,2025-01-04T23:08:41.040Z,"115 km SSE of Lorengau, Papua New Guinea",earthquake,6.59,1.878,0.105,27,reviewed,us,us
2024-10-22T05:32:24.877Z,-3.5458,-103.5343,10,4.7,mb,19,228,22.695,0.88,us,us7000nr73,2025-01-04T23:08:45.040Z,"central East Pacific Rise",earthquake,19.66,2.008,0.129,18,reviewed,us,us
2024-10-22T02:36:18.609Z,-6.0452,130.3336,10,5.1,mb,78,43,1.572,0.58,us,us7000nmcs,2025-01-04T23:07:27.040Z,"271 km W of Tual, Indonesia",earthquake,7.09,1.75,0.078,53,reviewed,us,us
2024-10-22T01:12:37.434Z,36.172,141.2847,35,4.5,mb,38,151,2.51,0.55,us,us7000nmck,2025-01-04T23:07:27.040Z,"62 km ENE of Kashima-shi, Japan",earthquake,9.57,1.956,0.11,24,reviewed,us,us
2024-10-21T20:25:35.787Z,-17.7732,-178.6631,556.614,4.7,mb,94,72,2.279,0.68,us,us7000nmby,2025-01-04T23:07:25.040Z,"216 km E of Levuka, Fiji",earthquake,11.52,6.61,0.028,393,reviewed,us,us
2024-10-21T19:22:50.877Z,-1.1008,127.443,10,4.5,mb,32,105,1.861,0.67,us,us7000nmbm,2025-01-04T23:07:25.040Z,"52 km S of Labuha, Indonesia",earthquake,7.78,1.798,0.115,22,reviewed,us,us
2024-10-21T16:02:44.463Z,-17.5017,-178.2268,535.852,4.6,mb,76,111,2.515,0.81,us,us7000nmav,2025-01-04T23:07:23.040Z,"267 km ENE of Levuka, Fiji",earthquake,13.02,6.953,0.065,71,reviewed,us,us
2024-10-21T15:15:13.675Z,-1.1539,127.3576,10,4.7,mb,45,66,1.913,0.72,us,us6000p03l,2025-01-04T23:07:23.040Z,"59 km SSW of Labuha, Indonesia",earthquake,6.82,1.869,0.099,31,reviewed,us,us
2024-10-21T14:11:32.872Z,42.7601,143.6798,118.661,4.6,mb,102,76,0.839,0.53,us,us6000p02e,2025-01-04T23:07:22.040Z,"6 km SSE of Honchō, Japan",earthquake,7.01,2.046,0.046,141,reviewed,us,us
2024-10-21T13:44:54.903Z,11.4781,142.9045,10,4.6,mb,19,142,2.842,1.25,us,us7000nqpn,2025-01-04T23:08:38.040Z,"275 km SW of Merizo Village, Guam",earthquake,13.01,1.924,0.157,12,reviewed,us,us
2024-10-21T10:11:42.797Z,12.1849,45.9255,10,4.6,mb,33,72,3.083,1,us,us7000nqp9,2025-01-04T23:08:37.040Z,"116 km SE of Aden, Yemen",earthquake,5.25,1.917,0.119,22,reviewed,us,us
2024-10-21T08:35:08.532Z,-1.138,127.3953,10,5,mb,69,80,1.897,0.29,us,us6000p00d,2025-01-04T23:07:21.040Z,"57 km S of Labuha, Indonesia",earthquake,7.01,1.847,0.074,58,reviewed,us,us
2024-10-21T08:24:05.925Z,-1.2346,127.2704,10,5,mww,117,75,1.995,0.49,us,us6000p00b,2025-01-04T23:07:21.040Z,"71 km SSW of Labuha, Indonesia",earthquake,6.82,1.843,0.078,16,reviewed,us,us
2024-10-21T08:08:33.280Z,-1.1526,127.2649,10,5,mb,79,52,1.914,0.42,us,us6000p00a,2025-01-04T23:07:21.040Z,"62 km SSW of Labuha, Indonesia",earthquake,6.89,1.85,0.069,67,reviewed,us,us
2024-10-21T06:32:35.236Z,-1.177,127.3252,10,5.6,mww,160,48,1.936,0.31,us,us6000p000,2025-01-04T23:07:20.040Z,"63 km SSW of Labuha, Indonesia",earthquake,6.78,1.835,0.066,22,reviewed,us,us
2024-10-21T06:26:33.036Z,-62.5676,-157.8253,10,4.6,mb,13,146,18.892,0.42,us,us7000nqp5,2025-01-04T23:08:36.040Z,"Pacific-Antarctic Ridge",earthquake,14.48,1.893,0.157,13,reviewed,us,us
2024-10-21T06:09:38.610Z,-17.9123,-178.5673,563.06,4.5,mb,41,95,2.433,0.6,us,us6000nzzw,2025-01-04T23:07:20.040Z,"224 km E of Levuka, Fiji",earthquake,12.98,8.006,0.094,33,reviewed,us,us
2024-10-21T05:35:48.521Z,52.6005,172.5319,39.714,5,mb,227,76,0.963,0.61,us,us6000nzzt,2025-02-10T05:45:51.073Z,"51 km WSW of Attu Station, Alaska",earthquake,5.98,6.152,0.027,444,reviewed,us,us
2024-10-21T04:58:11.329Z,-7.5212,127.9598,142.042,4.5,mb,20,75,3.552,0.64,us,us7000nqns,2025-01-04T23:08:34.040Z,"153 km NE of Lospalos, Timor Leste",earthquake,13,9.182,0.171,10,reviewed,us,us
2024-10-21T04:17:54.365Z,-1.0739,127.5442,10,4.5,mb,30,132,1.842,0.56,us,us7000nqnq,2025-01-04T23:08:34.040Z,"50 km S of Labuha, Indonesia",earthquake,3.52,1.893,0.125,19,reviewed,us,us
2024-10-21T04:12:15.294Z,-1.0987,127.4191,10,5.1,mww,97,31,1.859,0.54,us,us6000nzzb,2025-01-04T23:07:18.040Z,"52 km S of Labuha, Indonesia",earthquake,6.01,1.739,0.073,18,reviewed,us,us
2024-10-21T04:10:23.063Z,-1.1131,127.352,10,4.8,mb,55,59,1.872,0.74,us,us6000nzza,2025-01-04T23:07:18.040Z,"55 km SSW of Labuha, Indonesia",earthquake,6.72,1.851,0.089,39,reviewed,us,us
2024-10-21T03:53:05.041Z,-1.1704,127.2159,10,4.8,mb,46,57,1.935,0.76,us,us6000nzz3,2025-01-04T23:07:17.040Z,"66 km SSW of Labuha, Indonesia",earthquake,3.82,1.868,0.102,30,reviewed,us,us
2024-10-21T03:42:48.790Z,-1.0647,127.2787,10,4.5,mb,31,110,1.826,0.66,us,us7000nqnp,2025-01-04T23:08:34.040Z,"53 km SSW of Labuha, Indonesia",earthquake,9.22,1.878,0.124,19,reviewed,us,us
2024-10-21T03:24:16.301Z,-1.1774,127.4529,16,5.8,mww,110,26,1.938,0.75,us,us6000nzyn,2025-01-04T23:07:17.040Z,"61 km S of Labuha, Indonesia",earthquake,6.08,1.748,0.055,32,reviewed,us,us
2024-10-21T02:42:08.408Z,-28.3015,-178.3053,10,4.5,mb,10,250,1.015,0.75,us,us7000nqnn,2025-01-04T23:08:33.040Z,"Kermadec Islands region",earthquake,10.97,2.023,0.171,11,reviewed,us,us
2024-10-21T00:10:26.991Z,78.3863,6.5664,10,4.5,mb,32,119,1.189,1.06,us,us7000nqnl,2025-01-04T23:08:33.040Z,"206 km W of Longyearbyen, Svalbard and Jan Mayen",earthquake,8.42,1.936,0.113,23,reviewed,us,us
2024-10-21T00:06:39.589Z,-5.2397,152.6559,41.582,4.6,mb,36,130,1.119,0.66,us,us7000nqnk,2025-01-04T23:08:33.040Z,"108 km SSE of Kokopo, Papua New Guinea",earthquake,7.97,7.365,0.112,24,reviewed,us,us
2024-10-20T23:22:17.612Z,-12.4872,166.9743,203.748,4.5,mb,70,101,8.421,0.38,us,us6000nzxu,2024-12-26T23:03:32.040Z,"165 km NNW of Sola, Vanuatu",earthquake,12.43,7.467,0.071,58,reviewed,us,us
2024-10-20T22:59:40.922Z,-30.8831,-68.7676,109,5.7,mww,219,26,0.664,0.71,us,us6000nzxj,2024-12-26T23:03:38.040Z,"65 km NNW of Albardón, Argentina",earthquake,6.11,1.845,0.032,95,reviewed,us,us
2024-10-20T18:31:41.560Z,-11.4561,166.1707,81.085,4.5,mb,42,140,6.441,0.56,us,us7000nqn1,2024-12-26T23:03:40.040Z,"90 km SSE of Lata, Solomon Islands",earthquake,4.38,7.528,0.092,35,reviewed,us,us
2024-10-20T18:05:18.664Z,-4.2178,153.0449,13.051,4.5,mb,22,133,0.879,1.16,us,us6000nzwp,2024-12-26T23:03:54.040Z,"87 km E of Kokopo, Papua New Guinea",earthquake,10.47,5.271,0.128,18,reviewed,us,us
2024-10-20T16:13:48.886Z,5.3024,94.1844,35,4.6,mb,47,131,2.752,0.7,us,us6000nzwe,2024-12-26T23:03:48.040Z,"130 km WSW of Banda Aceh, Indonesia",earthquake,10.09,1.933,0.076,56,reviewed,us,us
2024-10-20T13:56:17.659Z,-23.0587,-66.3761,231.557,4.5,mb,27,72,2.934,0.79,us,us6000nzw3,2024-12-26T23:03:31.040Z,"73 km WNW of El Aguilar, Argentina",earthquake,7.83,9.232,0.136,16,reviewed,us,us
2024-10-20T12:31:07.587Z,-21.8931,-179.5015,591.313,5.5,mww,75,58,4.725,0.65,us,us6000nzvu,2024-12-26T23:03:29.040Z,"Fiji region",earthquake,11.03,7.534,0.068,21,reviewed,us,us
2024-10-20T10:06:51.920Z,-24.5689,-177.1379,154.518,4.8,mb,56,107,4.711,1.01,us,us6000nzve,2024-12-26T23:03:35.040Z,"south of the Fiji Islands",earthquake,11.34,6.755,0.044,163,reviewed,us,us
2024-10-20T10:00:01.194Z,13.8634,92.8425,17.641,4.7,mb,24,102,6.114,1.06,us,us7000nqmm,2024-12-26T23:03:53.040Z,"239 km N of Bamboo Flat, India",earthquake,9.86,4.143,0.147,14,reviewed,us,us
2024-10-20T09:08:59.836Z,-5.522,154.2951,125.502,4.8,mb,48,90,2.502,0.88,us,us6000nzv6,2024-12-26T23:03:36.040Z,"158 km NW of Panguna, Papua New Guinea",earthquake,10.73,6.616,0.065,74,reviewed,us,us
2024-10-20T05:24:49.031Z,0.3682,121.0182,107.402,4.6,mb,26,136,0.775,1.14,us,us6000nzu9,2024-12-26T23:03:38.040Z,"190 km NE of Palu, Indonesia",earthquake,6.76,6.792,0.125,19,reviewed,us,us
2024-10-20T04:44:42.987Z,3.5772,127.8858,79.634,4.8,mb,56,109,2.835,0.73,us,us6000nzu5,2024-12-26T23:03:40.040Z,"204 km N of Tobelo, Indonesia",earthquake,9.09,7.291,0.092,39,reviewed,us,us
2024-10-20T00:51:12.931Z,-35.8938,-103.3329,10,5.1,mww,15,155,25.243,1.24,us,us7000nqmc,2024-12-26T23:04:14.040Z,"southeast of Easter Island",earthquake,16.78,1.923,0.098,10,reviewed,us,us
2024-10-19T23:37:35.054Z,42.9029,146.4318,35,4.8,mb,47,136,2.58,0.55,us,us6000nzt2,2024-12-26T23:03:48.040Z,"83 km SE of Nemuro, Japan",earthquake,10.18,1.935,0.093,36,reviewed,us,us
2024-10-19T23:02:34.502Z,-30.061,-177.006,10,4.5,mb,18,223,1.126,1.05,us,us7000nqgi,2024-12-26T23:04:14.040Z,"Kermadec Islands, New Zealand",earthquake,12.85,1.994,0.15,13,reviewed,us,us
2024-10-19T22:26:15.835Z,-26.3158,-68.8537,106.629,4.6,mb,106,46,1.576,0.85,us,us6000nzsk,2024-12-26T23:03:38.040Z,"119 km E of Diego de Almagro, Chile",earthquake,7.78,6.817,0.056,94,reviewed,us,us
2024-10-19T18:46:50.385Z,-30.9806,-176.3752,10,4.5,mb,11,216,2.174,0.52,us,us6000nzrz,2024-12-26T23:04:07.040Z,"Kermadec Islands region",earthquake,15.29,2.001,0.144,14,reviewed,us,us
2024-10-19T18:07:13.624Z,0.4909,119.9077,62.475,5.2,mww,200,17,1.069,0.62,us,us6000nzru,2024-12-26T23:03:42.040Z,"154 km N of Palu, Indonesia",earthquake,5.64,4.382,0.078,16,reviewed,us,us
2024-10-19T17:29:14.193Z,-6.0549,146.685,55.903,4.7,mb,98,43,3.361,0.65,us,us6000nzrq,2024-12-26T23:03:43.040Z,"81 km NNW of Lae, Papua New Guinea",earthquake,7.07,6.841,0.06,88,reviewed,us,us
2024-10-19T15:36:20.357Z,5.284,94.2863,54.158,4.6,mb,70,75,2.65,0.83,us,us6000nzrf,2024-12-26T23:03:44.040Z,"119 km WSW of Banda Aceh, Indonesia",earthquake,9.1,6.86,0.072,62,reviewed,us,us
2024-10-19T15:28:07.389Z,-17.2026,-173.5318,35,4.5,mb,10,128,3.683,1.13,us,us7000nqge,2024-12-26T23:03:48.040Z,"140 km SSE of Hihifo, Tonga",earthquake,5.32,1.955,0.205,9,reviewed,us,us
2024-10-19T13:38:02.873Z,38.7786,72.4845,10,4.6,mb,21,117,0.878,1.1,us,us6000nzr3,2024-12-26T23:04:07.040Z,"89 km SSE of Daroot-Korgon, Kyrgyzstan",earthquake,3.73,1.881,0.137,16,reviewed,us,us
2024-10-19T13:35:31.998Z,38.9444,72.5777,10,4.5,mb,19,123,0.806,0.98,us,us6000nzqu,2024-12-26T23:04:06.040Z,"73 km SSE of Kyzyl-Eshme, Kyrgyzstan",earthquake,6.57,1.906,0.14,15,reviewed,us,us
2024-10-19T13:32:20.709Z,-13.6929,66.0196,10,5.3,mww,70,40,6.541,0.65,us,us6000nzqz,2024-12-26T23:04:06.040Z,"Mid-Indian Ridge",earthquake,8.52,1.725,0.075,17,reviewed,us,us
2024-10-19T12:01:57.611Z,5.4996,-82.6346,10,4.6,mb,54,136,2.971,0.89,us,us6000nzql,2024-12-26T23:04:06.040Z,"281 km S of Burica, Panama",earthquake,6.68,1.934,0.048,129,reviewed,us,us
2024-10-19T11:41:10.568Z,37.5967,37.1395,10,4.5,mb,42,55,0.21,0.98,us,us6000nzqk,2024-12-26T23:04:06.040Z,"18 km NW of Pazarcık, Turkey",earthquake,3.52,1.617,0.113,23,reviewed,us,us
2024-10-19T07:08:29.740Z,34.7322,26.2418,15.594,4.8,mww,81,130,1.24,0.6,us,us6000nzpu,2024-12-26T23:03:53.040Z,"51 km S of Palekastro, Greece",earthquake,8.09,5.242,0.069,20,reviewed,us,us
2024-10-19T01:20:32.744Z,-56.1363,-27.9915,120.116,4.7,mb,38,96,5.207,0.76,us,us6000nzp2,2024-12-26T23:03:36.040Z,"South Sandwich Islands region",earthquake,12.48,8.67,0.086,41,reviewed,us,us
2024-10-19T00:43:33.619Z,-42.7379,-82.6385,10,4.9,mww,57,145,7.015,1.02,us,us6000nznv,2024-12-26T23:04:06.040Z,"West Chile Rise",earthquake,10.31,1.883,0.065,23,reviewed,us,us
2024-10-19T00:18:53.783Z,-18.9272,-172.7182,10,4.7,mb,28,90,2.645,0.89,us,us6000nznl,2024-12-26T23:04:05.040Z,"136 km ESE of Neiafu, Tonga",earthquake,10.15,1.896,0.112,24,reviewed,us,us
2024-10-18T14:49:59.476Z,25.4932,141.0794,146.065,4.5,mb,31,123,1.879,0.96,us,us6000nziy,2024-12-26T23:03:35.040Z,"Volcano Islands, Japan region",earthquake,12.25,2.407,0.097,31,reviewed,us,us
2024-10-18T10:26:12.655Z,15.7686,-94.8109,44.694,4.7,mb,131,131,2.621,0.51,us,us6000nzic,2024-12-26T23:03:45.040Z,"52 km SSE of San Mateo del Mar, Mexico",earthquake,7.71,7.306,0.041,180,reviewed,us,us
2024-10-18T09:18:22.971Z,25.22,142.799,10,5.4,mww,235,83,1.948,0.37,us,us6000nzi5,2024-12-26T23:04:05.040Z,"Volcano Islands, Japan region",earthquake,6.54,1.746,0.059,28,reviewed,us,us
2024-10-18T07:17:17.481Z,12.1315,-89.1156,10,4.5,mb,53,173,1.538,0.74,us,us6000nzhn,2024-12-26T23:04:05.040Z,"141 km SSW of Puerto El Triunfo, El Salvador",earthquake,7.4,1.949,0.085,40,reviewed,us,us
2024-10-18T05:25:17.069Z,-7.4667,156.3264,10,5,mb,47,94,4.083,0.59,us,us6000nzhb,2024-12-26T23:04:05.040Z,"90 km NW of Gizo, Solomon Islands",earthquake,9.43,1.832,0.089,40,reviewed,us,us
2024-10-18T04:38:07.288Z,40.2403,142.2895,60.402,5.2,mww,113,120,1.083,0.68,us,us6000nzgv,2024-12-26T23:03:43.040Z,"42 km ENE of Noda, Japan",earthquake,6.71,5.237,0.089,12,reviewed,us,us
2024-10-18T01:41:59.064Z,-6.7981,155.1677,35,5,mb,47,61,3.956,0.86,us,us6000nzgl,2024-12-26T23:03:47.040Z,"63 km SSW of Panguna, Papua New Guinea",earthquake,9.8,1.848,0.06,88,reviewed,us,us
2024-10-18T00:58:27.983Z,43.6645,-125.7602,7.842,5,mww,84,91,0.883,0.59,us,us6000nzg2,2025-02-07T01:08:36.525Z,"121 km WNW of Barview, Oregon",earthquake,4.69,3.621,0.038,68,reviewed,us,us
2024-10-17T19:01:00.624Z,-18.8635,169.015,162.646,4.7,mb,44,123,4.009,0.72,us,us6000nzeg,2024-12-26T23:03:34.040Z,"80 km NNW of Isangel, Vanuatu",earthquake,10.68,6.495,0.08,47,reviewed,us,us
2024-10-17T18:17:35.005Z,-6.6173,72.6629,10,4.7,mb,62,105,0.817,0.43,us,us6000nzeb,2024-12-26T23:04:04.040Z,"Chagos Archipelago region",earthquake,7.56,1.854,0.077,51,reviewed,us,us
2024-10-17T16:33:54.860Z,-56.337,-27.1383,113.442,5,mb,54,85,5.722,0.6,us,us6000nzds,2024-12-26T23:03:37.040Z,"South Sandwich Islands region",earthquake,11.32,6.154,0.079,51,reviewed,us,us
2024-10-17T14:50:32.744Z,19.7131,-75.9796,17.589,4.6,mwr,75,52,0.486,0.81,us,us6000nzct,2024-12-26T23:03:53.040Z,"37 km S of El Cobre, Cuba",earthquake,3.27,3.866,0.071,19,reviewed,us,us
2024-10-17T11:36:44.234Z,-31.2351,-176.8358,10,4.8,mb,26,129,2.179,1.06,us,us6000nzbq,2024-12-26T23:04:04.040Z,"Kermadec Islands region",earthquake,12.5,1.952,0.116,23,reviewed,us,us
2024-10-17T11:18:22.807Z,-20.0981,-178.2711,626.436,5.4,mww,112,31,4.194,0.84,us,us6000nzbh,2024-12-26T23:03:28.040Z,"Fiji region",earthquake,10.66,5.672,0.098,10,reviewed,us,us
2024-10-17T10:33:40.849Z,-27.9235,-176.5806,10,5,mb,66,43,1.772,1.28,us,us6000nzb2,2024-12-26T23:04:04.040Z,"Kermadec Islands region",earthquake,8.7,1.794,0.049,132,reviewed,us,us
2024-10-17T10:23:38.754Z,-27.799,-176.299,10,4.5,mb,20,252,2.033,0.78,us,us7000nq85,2024-12-26T23:04:13.040Z,"Kermadec Islands region",earthquake,8.07,1.992,0.135,20,reviewed,us,us
2024-10-17T10:07:00.097Z,-27.9071,-176.3512,10,4.9,mb,38,121,1.924,0.72,us,us6000nzat,2024-12-26T23:04:04.040Z,"Kermadec Islands region",earthquake,9.39,1.871,0.063,79,reviewed,us,us
2024-10-17T09:58:04.340Z,5.9769,125.9122,147.032,4.6,mb,56,98,1.135,1,us,us6000nzar,2024-12-26T23:03:35.040Z,"25 km E of Mangili, Philippines",earthquake,7.27,6.916,0.078,49,reviewed,us,us
2024-10-17T09:10:07.969Z,9.0536,40.0971,10,4.5,mb,28,129,1.409,0.82,us,us6000nzak,2024-12-26T23:04:04.040Z,"10 km NW of Āwash, Ethiopia",earthquake,9.37,1.904,0.131,17,reviewed,us,us
2024-10-17T08:29:57.386Z,39.6516,37.3342,9.338,4.5,mwr,70,44,0.939,0.59,us,us6000nza6,2024-12-26T23:04:19.040Z,"23 km S of Hafik, Turkey",earthquake,4.92,4.604,0.086,13,reviewed,us,us
2024-10-17T06:37:05.174Z,9.8693,142.4763,10,4.5,mb,31,134,4.377,0.7,us,us7000nq7s,2024-12-26T23:04:12.040Z,"214 km E of Fais, Micronesia",earthquake,12.48,1.933,0.124,19,reviewed,us,us
2024-10-17T05:37:32.887Z,-27.8826,-176.2657,12,5.6,mww,77,71,1.996,0.53,us,us6000nz9e,2024-12-26T23:03:54.040Z,"Kermadec Islands region",earthquake,10.67,1.865,0.053,34,reviewed,us,us
2024-10-17T04:37:36.393Z,-31.3873,-176.8767,10,4.6,mb,20,195,2.302,1.19,us,us7000nq7j,2024-12-26T23:04:12.040Z,"Kermadec Islands region",earthquake,10.71,1.961,0.141,15,reviewed,us,us
2024-10-17T04:35:27.389Z,-31.3221,-176.6918,10,4.6,mb,15,111,2.312,0.71,us,us7000nq7k,2024-12-26T23:04:12.040Z,"Kermadec Islands region",earthquake,9.98,1.95,0.164,11,reviewed,us,us
2024-10-17T04:20:36.028Z,-31.2923,-176.8548,10,5.1,mww,94,69,2.224,0.72,us,us6000nz8w,2024-12-26T23:04:03.040Z,"Kermadec Islands region",earthquake,10.24,1.871,0.083,14,reviewed,us,us
2024-10-17T02:18:51.659Z,-14.9629,167.6304,107.194,4.9,mb,38,202,0.634,0.79,us,us6000nz8e,2024-12-26T23:03:38.040Z,"60 km E of Port-Olry, Vanuatu",earthquake,12.75,6.7,0.102,30,reviewed,us,us
2024-10-17T01:28:44.548Z,-22.3781,-179.5165,579.487,4.5,mb,87,94,4.185,1.05,us,us6000nz84,2024-12-26T23:03:29.040Z,"south of the Fiji Islands",earthquake,12.47,8.286,0.064,71,reviewed,us,us
2024-10-17T01:06:49.731Z,-31.1763,-176.7961,10,4.7,mb,17,205,2.142,0.63,us,us7000nq7r,2024-12-26T23:04:12.040Z,"Kermadec Islands region",earthquake,13.64,1.986,0.137,16,reviewed,us,us
2024-10-17T01:01:20.481Z,-31.3037,-176.8396,10,5.2,mww,85,70,2.239,0.74,us,us6000nz7p,2024-12-26T23:04:03.040Z,"Kermadec Islands region",earthquake,12.24,1.864,0.073,18,reviewed,us,us
2024-10-17T00:45:48.803Z,-27.7315,-176.2675,10,4.5,mb,13,169,2.101,0.58,us,us7000nq7m,2024-12-26T23:04:12.040Z,"Kermadec Islands region",earthquake,7.98,1.934,0.18,9,reviewed,us,us
2024-10-16T23:00:31.304Z,-16.0167,-172.8403,10,4.6,mb,27,120,2.332,0.79,us,us7000nq1a,2024-12-26T23:04:11.040Z,"102 km E of Hihifo, Tonga",earthquake,6.74,1.895,0.126,19,reviewed,us,us
2024-10-16T22:56:01.089Z,-36.2053,-99.8345,10,4.5,mb,28,109,22.045,0.52,us,us7000nq19,2024-12-26T23:04:11.040Z,"southeast of Easter Island",earthquake,14.29,1.887,0.111,24,reviewed,us,us
2024-10-16T22:51:12.889Z,-19.1204,-173.5136,10,5.2,mb,123,65,2.584,0.8,us,us6000nz79,2024-12-26T23:04:03.040Z,"71 km SE of Neiafu, Tonga",earthquake,9.68,1.783,0.058,98,reviewed,us,us
2024-10-16T22:25:01.795Z,49.6324,-28.5722,10,5.1,mb,166,33,14.291,0.53,us,us6000nz75,2024-12-26T23:04:02.040Z,"northern Mid-Atlantic Ridge",earthquake,9.08,1.801,0.047,146,reviewed,us,us
2024-10-16T22:23:02.559Z,41.1512,78.508,10,4.9,mwr,193,73,0.783,0.84,us,us6000nz72,2024-12-26T23:04:02.040Z,"138 km W of Aykol, China",earthquake,4.68,1.745,0.066,22,reviewed,us,us
2024-10-16T22:04:48.380Z,2.1028,-79.7589,10,4.7,mb,64,139,1.216,0.75,us,us6000nz6y,2024-12-26T23:04:02.040Z,"112 km WNW of Tumaco, Colombia",earthquake,4.27,1.888,0.079,49,reviewed,us,us
2024-10-16T20:11:28.237Z,9.148,40.1287,10,4.6,mb,60,116,1.453,0.58,us,us6000nz6e,2024-12-26T23:04:02.040Z,"18 km NNW of Āwash, Ethiopia",earthquake,7.71,1.89,0.081,45,reviewed,us,us
2024-10-16T19:40:58.409Z,18.5195,-106.9505,10,5.9,mww,146,55,5.527,1.16,us,us6000nz5z,2024-12-26T23:04:01.040Z,"225 km SW of José María Morelos, Mexico",earthquake,9.55,1.825,0.052,36,reviewed,us,us
2024-10-16T18:59:39.232Z,-27.8499,-176.4086,10,5,mww,75,65,1.929,0.63,us,us6000nz5p,2024-12-26T23:04:01.040Z,"Kermadec Islands region",earthquake,10.39,1.761,0.098,10,reviewed,us,us
2024-10-16T18:56:51.147Z,36.5224,70.5681,205,5.9,mww,134,29,1.962,1.01,us,us6000nz5n,2024-12-26T23:03:32.040Z,"44 km SSW of Jurm, Afghanistan",earthquake,7.46,1.887,0.038,66,reviewed,us,us
2024-10-16T18:44:55.835Z,-31.1486,-176.8278,10,4.5,mb,19,205,2.105,0.92,us,us6000nz5l,2024-12-26T23:04:01.040Z,"Kermadec Islands region",earthquake,13.16,1.942,0.122,20,reviewed,us,us
2024-10-16T18:32:52.284Z,17.9959,120.0762,10,4.7,mww,125,42,4.888,0.69,us,us6000nz5j,2024-12-26T23:04:01.040Z,"40 km WNW of Pagsanahan Norte, Philippines",earthquake,8.3,1.764,0.098,10,reviewed,us,us
2024-10-16T17:11:00.719Z,-27.7855,-176.2936,10,5.1,mww,73,57,2.046,0.64,us,us6000nz4x,2024-12-26T23:04:01.040Z,"Kermadec Islands region",earthquake,11.62,1.777,0.093,11,reviewed,us,us
2024-10-16T16:15:35.624Z,29.0034,139.348,413.977,4.7,mb,223,71,3.146,0.63,us,us6000nz4a,2024-12-26T23:03:31.040Z,"Izu Islands, Japan region",earthquake,5.62,7.71,0.038,204,reviewed,us,us
2024-10-16T15:04:02.907Z,-31.2625,-176.8306,10,5.1,mb,62,77,2.206,0.81,us,us6000nz35,2024-12-26T23:04:00.040Z,"Kermadec Islands region",earthquake,11.73,1.839,0.077,55,reviewed,us,us
2024-10-16T13:58:21.064Z,24.0195,121.6565,35,4.8,mwr,153,30,0.164,0.52,us,us6000nz1z,2024-12-26T23:03:47.040Z,"7 km NE of Hualien City, Taiwan",earthquake,3.82,1.84,0.063,24,reviewed,us,us
2024-10-16T12:38:24.981Z,-31.2439,-176.8106,10,4.6,mb,15,206,2.196,1.29,us,us7000nq0x,2024-12-26T23:04:11.040Z,"Kermadec Islands region",earthquake,9.78,1.994,0.158,12,reviewed,us,us
2024-10-16T12:19:44.647Z,-31.181,-177.0916,10,5.2,mb,56,88,2.043,0.71,us,us6000nz1u,2024-12-26T23:04:00.040Z,"Kermadec Islands region",earthquake,12.26,1.876,0.079,53,reviewed,us,us
2024-10-16T12:19:28.187Z,-31.2005,-177.1019,10,4.8,mb,30,131,2.058,0.89,us,us6000nz1f,2024-12-26T23:04:00.040Z,"Kermadec Islands region",earthquake,13.47,1.908,0.103,29,reviewed,us,us
2024-10-16T11:43:50.197Z,40.8131,84.2011,10,4.5,mb,36,112,4.317,1.17,us,us6000nz16,2024-12-26T23:04:00.040Z,"146 km SE of Kuqa, China",earthquake,10.44,1.959,0.125,19,reviewed,us,us
2024-10-16T09:40:00.514Z,52.7367,-163.5125,10,5.3,mww,217,166,1.898,0.59,us,us6000nz0p,2025-02-05T09:50:15.817Z,"216 km SE of Akutan, Alaska",earthquake,5.83,1.786,0.05,38,reviewed,us,us
2024-10-16T08:53:21.440Z,35.9888,139.9463,81.08,4.6,mb,48,123,1.509,0.6,us,us6000nyzs,2024-12-26T23:03:40.040Z,"4 km SW of Mitsukaidō, Japan",earthquake,6.78,7.747,0.097,32,reviewed,us,us
2024-10-16T07:46:32.516Z,38.3115,38.8059,10,6,mww,138,39,0.399,0.8,us,us6000nyzk,2024-12-26T23:03:59.040Z,"19 km W of Doğanyol, Turkey",earthquake,4.08,1.773,0.042,55,reviewed,us,us
2024-10-16T06:28:39.740Z,-16.5175,167.813,223.162,4.5,mb,30,170,5.223,0.64,us,us7000nq0q,2024-12-26T23:03:32.040Z,"62 km SE of Lakatoro, Vanuatu",earthquake,13.36,9.043,0.121,25,reviewed,us,us
2024-10-16T05:58:03.169Z,-3.7226,151.955,10,4.8,mb,47,118,0.51,1.05,us,us6000nyz9,2024-12-26T23:03:59.040Z,"57 km NNW of Rabaul, Papua New Guinea",earthquake,7.17,1.894,0.091,37,reviewed,us,us
2024-10-16T05:06:01.436Z,18.4676,-112.7387,10,4.6,mb,82,177,8.456,1.25,us,us6000nyyx,2024-12-26T23:03:59.040Z,"Revilla Gigedo Islands region",earthquake,10.89,1.93,0.032,296,reviewed,us,us
2024-10-16T04:30:27.356Z,-31.2352,-176.8116,10,5.2,mb,66,115,2.188,0.61,us,us6000nyys,2024-12-26T23:03:59.040Z,"Kermadec Islands region",earthquake,8.92,1.81,0.072,63,reviewed,us,us
2024-10-16T03:41:13.766Z,19.1806,147.0699,10,5.1,mww,85,35,4.105,0.2,us,us6000nyyl,2025-02-05T03:51:16.543Z,"Mariana Islands region",earthquake,8.49,1.787,0.086,13,reviewed,us,us
2024-10-16T03:27:50.657Z,49.2485,157.578,10,4.5,mb,18,233,3.84,0.67,us,us7000nq0m,2024-12-26T23:04:10.040Z,"189 km SSE of Severo-Kuril’sk, Russia",earthquake,13.62,1.977,0.156,12,reviewed,us,us
2024-10-16T02:03:48.952Z,-11.1787,163.3083,10,4.8,mb,52,59,3.732,0.78,us,us6000nyy3,2024-12-26T23:03:59.040Z,"171 km ESE of Kirakira, Solomon Islands",earthquake,10.41,1.882,0.087,41,reviewed,us,us
2024-10-16T01:59:42.907Z,-4.885,142.0999,111.171,4.5,mb,30,134,2.736,0.74,us,us6000nyy2,2024-12-26T23:03:37.040Z,"108 km SW of Ambunti, Papua New Guinea",earthquake,11.12,8.063,0.104,27,reviewed,us,us
2024-10-15T23:49:35.815Z,18.32,-106.7652,10,5.2,mww,187,147,3.973,0.78,us,us6000nyxu,2024-12-26T23:03:58.040Z,"223 km WSW of Emiliano Zapata, Mexico",earthquake,9,1.949,0.043,52,reviewed,us,us
2024-10-15T22:38:42.706Z,-29.4767,-176.9528,35,5,mb,38,132,0.871,1.24,us,us6000nyxh,2024-12-26T23:03:46.040Z,"Kermadec Islands region",earthquake,9.66,1.916,0.097,34,reviewed,us,us
2024-10-15T20:42:32.589Z,-23.7942,-67.2259,250.695,4.6,mb,31,91,2.414,1.13,us,us6000nywx,2024-12-26T23:03:31.040Z,"103 km WNW of San Antonio de los Cobres, Argentina",earthquake,13.45,21.494,0.182,10,reviewed,us,us
2024-10-15T20:40:33.633Z,-9.8511,151.8987,10,5.3,mww,80,50,4.694,0.59,us,us6000nywy,2024-12-26T23:03:58.040Z,"159 km ENE of Samarai, Papua New Guinea",earthquake,8.57,1.77,0.069,20,reviewed,us,us
2024-10-15T19:51:31.126Z,-31.2618,-177.0255,10,5,mb,42,115,2.138,0.84,us,us6000nywq,2024-12-26T23:03:58.040Z,"Kermadec Islands region",earthquake,10.88,1.86,0.097,34,reviewed,us,us
2024-10-15T19:08:42.425Z,-60.6658,-25.2675,10,4.9,mb,43,86,8.792,0.66,us,us6000nywb,2024-12-26T23:03:58.040Z,"South Sandwich Islands region",earthquake,11.35,1.876,0.086,43,reviewed,us,us
2024-10-15T16:54:21.860Z,35.5373,28.7063,28.093,4.6,mww,140,47,0.825,0.34,us,us6000nyvh,2024-12-26T23:03:51.040Z,"87 km SE of Lárdos, Greece",earthquake,4.89,4.952,0.069,20,reviewed,us,us
2024-10-15T15:53:12.024Z,-10.645,-77.7796,91.607,4.6,mb,108,141,1.62,0.57,us,us7000npw2,2024-12-26T23:03:40.040Z,"6 km N of Pativilca, Peru",earthquake,7.82,7.847,0.058,94,reviewed,us,us
2024-10-15T15:49:40.214Z,-23.0131,-179.1091,397.521,4.5,mb,71,102,4.178,0.68,us,us6000nyv5,2024-12-26T23:03:31.040Z,"south of the Fiji Islands",earthquake,11.43,6.831,0.054,109,reviewed,us,us
2024-10-15T10:54:55.188Z,15.0599,120.1346,69.767,4.6,mb,68,106,7.768,0.68,us,us7000npvw,2024-12-26T23:03:41.040Z,"6 km E of Poblacion, San Felipe, Philippines",earthquake,11.23,7.622,0.079,48,reviewed,us,us
2024-10-15T09:32:16.594Z,16.1965,-98.2687,10,4.5,mb,117,161,0.955,0.54,us,us6000nysn,2024-12-26T23:03:57.040Z,"9 km WSW of Corralero, Mexico",earthquake,5.11,1.929,0.043,161,reviewed,us,us
2024-10-15T09:01:40.391Z,33.1723,-5.142,10,4.5,mb,47,59,0.442,0.43,us,us7000npvs,2024-12-26T23:04:10.040Z,"22 km SE of Aïn Leuh, Morocco",earthquake,4.54,1.876,0.106,26,reviewed,us,us
2024-10-15T08:37:41.386Z,-15.5802,-172.8259,10,4.5,mb,20,84,1.944,1.04,us,us7000npvr,2024-12-26T23:04:10.040Z,"111 km ENE of Hihifo, Tonga",earthquake,5.24,1.715,0.204,7,reviewed,us,us
2024-10-15T08:05:04.809Z,-24.2038,-179.6859,525.202,4.5,mb,45,73,5.192,0.73,us,us6000nysi,2024-12-26T23:03:30.040Z,"south of the Fiji Islands",earthquake,12.42,9.751,0.092,35,reviewed,us,us
2024-10-15T01:28:16.968Z,31.0974,143.0421,10,4.5,mb,29,158,3.399,0.45,us,us7000npvj,2024-12-26T23:04:10.040Z,"Izu Islands, Japan region",earthquake,10.41,1.924,0.131,17,reviewed,us,us
2024-10-15T00:10:49.978Z,10.3705,-86.3117,10,4.7,mb,91,178,1.087,0.99,us,us6000nyqq,2024-12-26T23:03:57.040Z,"52 km W of Tamarindo, Costa Rica",earthquake,4.09,1.324,0.065,71,reviewed,us,us
2024-10-14T23:42:51.698Z,8.7548,127.1148,9.724,4.5,mb,41,135,2.262,0.38,us,us6000nyqm,2024-12-26T23:04:19.040Z,"89 km E of Aras-asan, Philippines",earthquake,10.59,4.934,0.1,29,reviewed,us,us
2024-10-14T21:30:19.810Z,-3.2523,139.1898,10,4.5,mb,45,76,1.68,0.46,us,us6000nyq0,2024-12-26T23:03:57.040Z,"176 km WSW of Abepura, Indonesia",earthquake,9.21,1.865,0.085,41,reviewed,us,us
2024-10-14T16:01:26.392Z,-36.7174,177.1498,256.016,4.8,mb,51,69,1.251,0.77,us,us6000nymi,2024-12-26T23:03:31.040Z,"119 km ENE of Pauanui, New Zealand",earthquake,10.66,5.971,0.083,45,reviewed,us,us
2024-10-14T15:48:12.737Z,-23.9025,-64.0963,10,5,mb,58,48,5.172,0.81,us,us6000nyme,2024-12-26T23:03:56.040Z,"22 km ENE of Palma Sola, Argentina",earthquake,8.04,1.824,0.045,157,reviewed,us,us
2024-10-14T15:22:08.281Z,-12.5275,166.5591,8.186,4.5,mb,16,204,2.969,0.47,us,us7000npe9,2024-12-26T23:04:20.040Z,"183 km NW of Sola, Vanuatu",earthquake,11.26,5.126,0.171,10,reviewed,us,us
2024-10-14T13:21:30.186Z,9.0233,126.2233,69.663,4.6,mb,64,109,2.043,0.74,us,us6000nykv,2024-12-26T23:03:41.040Z,"0 km WNW of Tago, Philippines",earthquake,10.83,6.61,0.08,47,reviewed,us,us
2024-10-14T11:52:53.788Z,30.0511,131.0517,41.471,4.9,mb,47,91,1.542,0.81,us,us6000nyk6,2024-12-26T23:03:45.040Z,"53 km ESE of Koshima, Japan",earthquake,7.68,6.4,0.073,59,reviewed,us,us
2024-10-14T10:45:58.120Z,35.4882,140.0015,75.334,4.8,mb,84,70,0.312,0.79,us,us6000nyk2,2024-12-26T23:03:41.040Z,"8 km WSW of Ichihara, Japan",earthquake,6.39,5.383,0.048,136,reviewed,us,us
2024-10-14T09:18:51.176Z,28.7509,-112.8022,10,5,mww,31,157,1.51,0.85,us,us6000nyjn,2024-12-26T23:03:56.040Z,"84 km W of Bahía de Kino, Mexico",earthquake,6.47,1.908,0.037,71,reviewed,us,us
2024-10-14T07:40:09.543Z,-17.7588,-179.9029,609.232,4.9,mb,166,34,1.451,0.75,us,us6000nyjf,2024-12-26T23:03:29.040Z,"89 km ENE of Levuka, Fiji",earthquake,9.73,8.008,0.025,485,reviewed,us,us
2024-10-14T03:21:51.021Z,-20.2094,-69.3292,101.556,4.6,mwr,40,52,0.179,0.51,us,us6000nyim,2024-12-26T23:03:39.040Z,"36 km ENE of La Tirana, Chile",earthquake,4.89,4.843,0.086,13,reviewed,us,us
2024-10-13T22:48:34.118Z,-36.1163,-100.6909,10,5.5,mww,155,48,11.594,0.62,us,us6000nyhx,2024-12-23T15:47:29.040Z,"southeast of Easter Island",earthquake,11.26,1.782,0.051,37,reviewed,us,us
2024-10-13T22:35:57.880Z,-3.8694,87.0709,10,4.6,mb,51,75,12.763,0.57,us,us6000nyhv,2024-12-23T15:47:28.040Z,"South Indian Ocean",earthquake,12.91,1.861,0.086,40,reviewed,us,us
2024-10-13T17:04:18.630Z,51.965,178.1152,143.29,4.6,mb,72,160,0.246,0.6,us,us6000nygi,2024-12-23T15:47:24.040Z,"Rat Islands, Aleutian Islands, Alaska",earthquake,9.26,5.89,0.032,289,reviewed,us,us
2024-10-13T16:17:36.104Z,-59.233,149.2883,10,5,mww,23,116,7.103,0.43,us,us6000nygc,2024-12-23T15:47:24.040Z,"west of Macquarie Island",earthquake,13.2,1.914,0.08,15,reviewed,us,us
2024-10-13T11:35:53.220Z,-33.6858,-178.1742,10,4.7,mb,14,193,4.416,0.46,us,us7000npdd,2024-12-23T15:48:02.040Z,"south of the Kermadec Islands",earthquake,11.45,1.967,0.194,8,reviewed,us,us
2024-10-13T11:35:17.802Z,-33.5856,-178.2314,10,4.5,mb,13,169,4.318,1.06,us,us7000npcr,2024-12-23T15:48:00.040Z,"south of the Kermadec Islands",earthquake,5.41,1.921,0.243,5,reviewed,us,us
2024-10-13T10:13:09.615Z,-33.555,-178.4585,10,4.6,mb,16,172,4.304,0.97,us,us7000npcx,2024-12-23T15:48:01.040Z,"south of the Kermadec Islands",earthquake,9.23,1.9,0.137,16,reviewed,us,us
2024-10-13T09:37:02.700Z,25.4047,142.7723,10,4.7,mb,19,129,1.765,0.68,us,us7000npcq,2024-12-23T15:48:00.040Z,"Volcano Islands, Japan region",earthquake,13.63,1.915,0.167,14,reviewed,us,us
2024-10-13T07:24:32.017Z,-33.5622,-178.326,10,4.5,mb,21,173,4.301,0.87,us,us6000nyej,2024-12-23T15:47:20.040Z,"south of the Kermadec Islands",earthquake,9.71,1.929,0.131,17,reviewed,us,us
2024-10-13T07:01:41.653Z,5.5054,94.2922,43.374,5.3,mww,95,55,5.398,1.06,us,us6000nyee,2024-12-23T15:47:20.040Z,"115 km W of Banda Aceh, Indonesia",earthquake,8.63,6.46,0.103,9,reviewed,us,us
2024-10-13T06:33:12.173Z,-16.7083,-172.5007,10,4.5,mb,21,130,2.869,0.86,us,us7000npck,2024-12-23T15:47:59.040Z,"161 km ESE of Hihifo, Tonga",earthquake,4.47,1.917,0.144,14,reviewed,us,us
2024-10-13T06:15:26.576Z,-36.355,-97.9985,10,5.1,mww,63,80,13.319,0.7,us,us6000nye7,2024-12-23T15:47:19.040Z,"West Chile Rise",earthquake,9.72,1.839,0.075,17,reviewed,us,us
2024-10-13T04:37:52.026Z,9.0816,39.9608,10,4.6,mb,43,126,1.279,1.09,us,us6000nyds,2024-12-23T15:47:18.040Z,"20 km NNE of Metahāra, Ethiopia",earthquake,8.42,1.911,0.096,32,reviewed,us,us
2024-10-13T03:31:49.634Z,57.2248,120.7269,10,4.5,mb,51,102,4.988,0.69,us,us6000nydn,2024-12-23T15:47:17.040Z,"153 km ENE of Chara, Russia",earthquake,8.88,1.857,0.095,33,reviewed,us,us
2024-10-12T23:36:29.922Z,80.2639,-110.738,10,4.6,mb,91,51,6.539,0.94,us,us6000nycn,2024-12-23T15:47:14.040Z,"Arctic Ocean",earthquake,8.69,1.818,0.051,113,reviewed,us,us
2024-10-12T23:35:40.615Z,-57.9549,-25.0227,59.363,4.6,mb,24,133,16.512,1.1,us,us6000nycp,2024-12-23T15:47:14.040Z,"South Sandwich Islands region",earthquake,7.82,8.736,0.111,24,reviewed,us,us
2024-10-12T23:30:24.722Z,40.7177,84.3788,10,4.5,mb,37,109,4.482,1.01,us,us6000nycl,2024-12-23T15:47:14.040Z,"164 km SE of Kuqa, China",earthquake,10.43,1.962,0.139,16,reviewed,us,us
2024-10-12T22:49:52.838Z,-31.6643,-70.1346,117.634,4.5,mb,32,60,0.809,0.88,us,us6000nyce,2024-12-23T15:47:13.040Z,"77 km WSW of Calingasta, Argentina",earthquake,4.25,5.95,0.204,7,reviewed,us,us
2024-10-12T22:42:28.708Z,-7.5124,128.4775,96.609,4.9,mb,63,104,5.907,0.6,us,us6000nycb,2024-12-23T15:47:13.040Z,"197 km NE of Lospalos, Timor Leste",earthquake,8.03,5.773,0.076,55,reviewed,us,us
2024-10-12T21:53:01.651Z,17.3818,-101.0773,10,4.9,mww,215,141,1.969,1.13,us,us6000nyc2,2024-12-23T15:47:12.040Z,"2 km W of Coyuquilla Norte, Mexico",earthquake,6.31,1.887,0.057,30,reviewed,us,us
2024-10-12T21:33:39.876Z,12.1926,144.1322,10,4.7,mb,11,117,1.563,0.35,us,us7000np76,2024-12-23T15:47:58.040Z,"132 km SSW of Merizo Village, Guam",earthquake,11.65,1.927,0.224,6,reviewed,us,us
2024-10-12T19:56:48.658Z,-54.3656,-136.6915,10,4.5,mb,16,173,35.802,0.69,us,us7000np75,2024-12-23T15:47:57.040Z,"Pacific-Antarctic Ridge",earthquake,15.96,1.924,0.157,12,reviewed,us,us
2024-10-12T18:50:30.570Z,35.93,140.0561,63.261,4.9,mb,82,126,1.613,0.75,us,us6000nybc,2024-12-23T15:47:11.040Z,"4 km NW of Toride, Japan",earthquake,5.98,7.234,0.072,64,reviewed,us,us
2024-10-12T18:17:51.475Z,10.5949,-85.9454,64.679,4.9,mb,172,144,0.666,0.7,us,us6000nyb6,2024-12-23T15:47:10.040Z,"33 km WNW of Sardinal, Costa Rica",earthquake,6.22,7.083,0.03,360,reviewed,us,us
2024-10-12T18:12:08.526Z,10.4847,-86.0786,43.897,4.7,mb,109,144,0.831,0.57,us,us6000nyb0,2024-12-23T15:47:10.040Z,"33 km NW of Tamarindo, Costa Rica",earthquake,5.9,8.372,0.049,128,reviewed,us,us
2024-10-12T17:43:44.516Z,10.4967,-86.1497,16,6.2,mww,221,32,0.889,0.84,us,us6000nyau,2024-12-23T15:47:10.040Z,"40 km WNW of Tamarindo, Costa Rica",earthquake,5.62,1.477,0.03,110,reviewed,us,us
2024-10-12T17:28:28.070Z,28.3496,142.7271,10,4.5,mb,41,131,1.339,0.37,us,us6000nyat,2024-12-23T15:47:09.040Z,"Bonin Islands, Japan region",earthquake,8.79,1.876,0.108,29,reviewed,us,us
2024-10-12T15:44:30.450Z,-12.5027,166.4845,62.112,4.6,mb,44,63,7.104,0.88,us,us6000nyag,2024-12-23T15:47:08.040Z,"190 km NW of Sola, Vanuatu",earthquake,11.19,6.167,0.096,37,reviewed,us,us
2024-10-12T15:44:16.822Z,-25.252,178.5344,581.27,4.5,mb,34,90,5.072,0.83,us,us6000nyaf,2024-12-23T15:47:08.040Z,"south of the Fiji Islands",earthquake,14.96,12.678,0.089,38,reviewed,us,us
2024-10-12T12:55:16.615Z,-16.6623,-173.522,57.316,4.5,mb,22,129,3.211,1.01,us,us6000nya7,2024-12-23T15:47:08.040Z,"83 km SSE of Hihifo, Tonga",earthquake,11.66,8.358,0.131,17,reviewed,us,us
2024-10-12T12:26:30.722Z,33.433,142.4384,10,4.9,mb,50,123,2.221,0.86,us,us6000ny9z,2024-12-23T15:47:06.040Z,"272 km SE of Katsuura, Japan",earthquake,9.15,1.891,0.091,38,reviewed,us,us
2024-10-12T06:32:35.108Z,-24.9559,70.0156,10,4.9,mb,58,58,14.325,0.53,us,us6000ny95,2024-12-23T15:47:04.040Z,"Mid-Indian Ridge",earthquake,12.33,1.872,0.081,48,reviewed,us,us
2024-10-12T05:14:10.086Z,-17.6076,-176.4648,10,4.6,mb,13,126,3.647,0.6,us,us7000np6r,2024-12-23T15:47:56.040Z,"286 km WNW of Neiafu, Tonga",earthquake,6.67,1.892,0.173,10,reviewed,us,us
2024-10-12T04:19:43.454Z,-18.0617,173.1401,10,5,mb,42,87,4.688,0.79,us,us6000ny8q,2024-12-23T15:47:03.040Z,"Fiji region",earthquake,10.25,1.828,0.062,86,reviewed,us,us
2024-10-12T03:58:34.901Z,-33.3065,-178.5432,10,4.5,mb,9,172,4.067,0.39,us,us7000np6p,2024-12-23T15:47:55.040Z,"south of the Kermadec Islands",earthquake,12.04,1.958,0.222,6,reviewed,us,us
2024-10-12T03:58:24.883Z,55.3848,163.0711,10,4.5,mb,49,155,3.512,0.93,us,us7000np6q,2024-12-23T15:47:56.040Z,"100 km SSE of Ust’-Kamchatsk Staryy, Russia",earthquake,12.36,1.916,0.072,56,reviewed,us,us
2024-10-12T03:50:37.992Z,55.3379,163.1218,10,5.3,mb,83,104,3.504,0.9,us,us6000ny8n,2024-12-23T15:47:03.040Z,"106 km SSE of Ust’-Kamchatsk Staryy, Russia",earthquake,10.59,1.83,0.028,442,reviewed,us,us
2024-10-12T03:43:12.262Z,-56.2282,-26.7907,59.293,4.9,mb,33,124,5.878,0.91,us,us6000ny8l,2024-12-23T15:47:02.040Z,"South Sandwich Islands region",earthquake,13.1,8.493,0.096,34,reviewed,us,us
2024-10-12T01:37:35.985Z,-4.904,101.6248,35,4.7,mb,35,168,6.824,1.25,us,us6000ny82,2024-12-23T15:47:00.040Z,"141 km SSW of Bengkulu, Indonesia",earthquake,4.55,1.941,0.104,29,reviewed,us,us
2024-10-12T01:11:57.329Z,-0.1377,125.1625,46.11,5.1,mb,79,43,6.146,1.05,us,us6000ny7w,2024-12-23T15:47:00.040Z,"103 km SE of Modisi, Indonesia",earthquake,6.74,4.374,0.058,104,reviewed,us,us
2024-10-12T01:11:41.798Z,2.2083,97.9939,77.279,4.5,mb,32,109,1.046,0.51,us,us6000ny7x,2024-12-23T15:47:00.040Z,"24 km ESE of Singkil, Indonesia",earthquake,9.64,8.006,0.11,24,reviewed,us,us
2024-10-12T01:06:08.018Z,-33.2849,-177.6929,10,5.3,mww,40,70,4.015,0.95,us,us6000ny7s,2024-12-23T15:46:59.040Z,"south of the Kermadec Islands",earthquake,11.74,1.828,0.071,19,reviewed,us,us
2024-10-12T00:18:24.243Z,55.3135,163.0251,10,4.8,mb,168,62,3.446,0.63,us,us6000ny7m,2024-12-23T15:46:58.040Z,"107 km SSE of Ust’-Kamchatsk Staryy, Russia",earthquake,8.59,1.854,0.046,145,reviewed,us,us
2024-10-11T22:35:21.333Z,37.6125,140.7369,103.874,4.5,mb,45,136,2.287,0.64,us,us6000ny74,2024-12-23T15:46:57.040Z,"21 km W of Minami-Sōma, Japan",earthquake,6.63,8.097,0.099,30,reviewed,us,us
2024-10-11T20:57:38.785Z,-17.7462,-178.5401,524.626,4.5,mb,22,92,3.442,0.44,us,us7000np21,2024-12-23T15:47:55.040Z,"229 km E of Levuka, Fiji",earthquake,17.13,4.651,0.139,15,reviewed,us,us
2024-10-11T20:40:28.688Z,10.396,-86.2408,15.048,4.6,mb,90,191,1.014,1.09,us,us6000ny6e,2024-12-23T15:46:56.040Z,"45 km WNW of Tamarindo, Costa Rica",earthquake,6.18,5.817,0.054,102,reviewed,us,us
2024-10-11T19:17:33.291Z,62.7587,-148.9842,70.2,4.6,mww,,,,0.77,ak,ak024d3nkv0i,2024-12-23T15:46:55.040Z,"66 km ENE of Chase, Alaska",earthquake,,0.2,,,reviewed,ak,ak
2024-10-11T18:05:13.048Z,-58.2947,-25.1529,21.183,5,mb,108,45,7.476,0.63,us,us6000ny56,2024-12-23T15:46:54.040Z,"South Sandwich Islands region",earthquake,10.87,3.805,0.071,71,reviewed,us,us
2024-10-11T15:40:45.272Z,17.5149,-83.2433,10,4.7,mww,83,53,4.496,0.64,us,us6000ny3q,2024-12-23T15:46:52.040Z,"219 km NNE of Barra Patuca, Honduras",earthquake,7.54,1.871,0.065,23,reviewed,us,us
2024-10-11T12:54:16.246Z,55.2657,163.0803,24.308,4.5,mb,41,124,3.44,0.97,us,us6000ny2k,2024-12-23T15:46:50.040Z,"113 km SSE of Ust’-Kamchatsk Staryy, Russia",earthquake,13.43,6.258,0.093,34,reviewed,us,us
2024-10-11T09:26:46.166Z,-5.7207,149.4514,149.196,4.8,mb,62,76,2.915,0.64,us,us6000ny1w,2024-12-23T15:46:48.040Z,"54 km N of Kandrian, Papua New Guinea",earthquake,7.81,6.592,0.073,59,reviewed,us,us
2024-10-11T07:16:41.035Z,42.6488,31.4238,10,4.8,mww,88,30,2.034,0.73,us,us6000ny1h,2024-12-23T15:46:46.040Z,"127 km NW of Amasra, Turkey",earthquake,4.81,1.834,0.047,44,reviewed,us,us
2024-10-11T04:40:54.951Z,22.9505,95.9411,10,5,mb,62,89,1.979,0.9,us,us6000ny0s,2024-12-23T15:46:43.040Z,"49 km NNE of Shwebo, Myanmar",earthquake,5.88,1.866,0.057,98,reviewed,us,us
2024-10-11T01:59:40.176Z,31.9121,142.7308,10,4.5,mb,28,235,2.741,0.68,us,us7000np1g,2024-12-23T15:47:52.040Z,"Izu Islands, Japan region",earthquake,10.71,1.918,0.135,16,reviewed,us,us
2024-10-11T00:16:02.539Z,5.8112,126.5377,101.61,4.9,mb,67,87,1.572,0.87,us,us6000nxzn,2024-12-23T15:46:40.040Z,"72 km SSE of Pondaguitan, Philippines",earthquake,7.74,1.724,0.053,113,reviewed,us,us
2024-10-11T00:15:50.021Z,24.2101,124.1738,15.023,4.7,mb,55,75,0.177,0.52,us,us6000nxzm,2024-12-23T15:46:40.040Z,"15 km S of Ishigaki, Japan",earthquake,4.29,3.5,0.062,78,reviewed,us,us
2024-10-10T22:23:19.468Z,-33.4676,-178.4017,10,4.5,mb,23,172,4.213,0.87,us,us6000nxz4,2024-12-23T15:46:39.040Z,"south of the Kermadec Islands",earthquake,11.77,1.947,0.132,17,reviewed,us,us
2024-10-10T20:37:36.285Z,-16.4876,-174.6807,227.336,4.6,mb,57,59,3.795,0.91,us,us6000nxy6,2024-12-23T15:46:37.040Z,"111 km WSW of Hihifo, Tonga",earthquake,8.1,7.244,0.055,97,reviewed,us,us
2024-10-10T18:12:34.549Z,-0.8904,-22.0883,10,5.2,mww,77,45,10.404,0.58,us,us6000nxws,2024-12-23T15:46:37.040Z,"central Mid-Atlantic Ridge",earthquake,7.73,1.806,0.08,15,reviewed,us,us
2024-10-10T17:59:07.833Z,-56.0759,-25.6263,10,4.6,mb,22,82,6.476,0.67,us,us6000ny13,2024-12-23T15:46:44.040Z,"South Sandwich Islands region",earthquake,6.96,1.917,0.122,20,reviewed,us,us
2024-10-10T13:59:50.431Z,36.9912,4.4918,10,4.5,mb,37,83,2.906,0.95,us,us6000nxv3,2024-12-23T15:46:36.040Z,"27 km NE of Arhribs, Algeria",earthquake,3.84,1.885,0.127,18,reviewed,us,us
2024-10-10T12:49:53.125Z,-18.1422,-178.0294,610.684,4.5,mb,35,52,4.327,0.76,us,us7000np0y,2024-12-23T15:47:50.040Z,"281 km E of Levuka, Fiji",earthquake,15.23,12.249,0.106,26,reviewed,us,us
2024-10-10T10:36:48.824Z,-28.2976,-176.3555,10,4.6,mb,23,143,1.673,0.68,us,us7000np0w,2024-12-23T15:47:50.040Z,"Kermadec Islands region",earthquake,11.68,1.923,0.119,21,reviewed,us,us
2024-10-10T09:44:39.963Z,-47.5421,100.0106,10,5.4,mww,45,58,19.583,0.43,us,us6000nxt5,2024-12-23T15:46:34.040Z,"southeast Indian Ridge",earthquake,11.31,1.8,0.086,13,reviewed,us,us
2024-10-10T08:02:58.934Z,5.7512,-82.5629,10,4.5,mb,28,161,2.747,0.45,us,us6000nxsq,2024-12-23T15:46:32.040Z,"254 km S of Burica, Panama",earthquake,4.78,1.941,0.131,17,reviewed,us,us
2024-10-10T07:22:46.274Z,1.8848,127.163,107.508,4.9,mww,87,45,1.124,0.8,us,us6000nxsh,2024-12-23T15:46:31.040Z,"95 km W of Tobelo, Indonesia",earthquake,8.84,6.404,0.08,15,reviewed,us,us
2024-10-10T04:51:31.719Z,55.0093,-160.453,53.489,4.7,mww,163,148,0.341,0.66,us,us6000nxr5,2024-12-23T15:46:30.040Z,"36 km S of Sand Point, Alaska",earthquake,5.24,5.682,0.068,21,reviewed,us,us
2024-10-10T04:46:27.489Z,-37.3768,47.7444,10,5.1,mb,108,27,20.161,0.57,us,us6000nxr6,2024-12-23T15:46:30.040Z,"Southwest Indian Ridge",earthquake,11.13,1.781,0.06,90,reviewed,us,us
2024-10-10T03:13:40.609Z,-24.0154,-67.1347,190.178,4.5,mb,30,54,2.51,0.95,us,us6000nxqv,2024-12-23T15:46:29.040Z,"85 km WNW of San Antonio de los Cobres, Argentina",earthquake,7.97,10.421,0.163,11,reviewed,us,us
2024-10-10T02:33:02.967Z,42.211,143.3574,48.914,4.6,mb,121,159,0.246,0.65,us,us6000nxqp,2024-12-23T15:46:29.040Z,"9 km SSE of Hiroo, Japan",earthquake,8.33,6.226,0.055,98,reviewed,us,us
2024-10-09T23:01:30.807Z,-19.2241,-172.7219,10,4.5,mb,28,81,2.646,0.56,us,us7000nnuz,2024-12-23T15:47:49.040Z,"147 km ESE of Neiafu, Tonga",earthquake,5.47,1.878,0.118,21,reviewed,us,us
2024-10-09T22:57:57.818Z,-3.674,101.0161,35,4.7,mb,78,133,2.051,0.62,us,us6000nxpk,2024-12-23T15:46:25.040Z,"139 km W of Bengkulu, Indonesia",earthquake,6.96,1.736,0.073,57,reviewed,us,us
2024-10-09T21:26:45.329Z,-23.3965,-175.9185,35,4.7,mb,31,115,2.198,1.03,us,us6000nxnq,2024-12-23T15:46:23.040Z,"248 km SSW of ‘Ohonua, Tonga",earthquake,11.66,1.894,0.112,24,reviewed,us,us
2024-10-09T19:57:26.488Z,-31.8512,-178.4528,33.002,5.2,mb,65,70,2.621,1.07,us,us6000nxmm,2024-12-23T15:46:22.040Z,"Kermadec Islands region",earthquake,9.98,4.728,0.07,67,reviewed,us,us
2024-10-09T17:52:51.711Z,28.0503,105.1498,10.457,4.9,mb,99,38,4.399,0.6,us,us6000nxlt,2024-12-23T15:46:19.040Z,"30 km SSE of Bowangshan, China",earthquake,7.97,3.962,0.047,140,reviewed,us,us
2024-10-09T17:22:39.573Z,53.2163,159.748,69.123,4.5,mb,114,78,0.689,0.8,us,us6000nxld,2024-12-23T15:46:19.040Z,"76 km ENE of Petropavlovsk-Kamchatsky, Russia",earthquake,8.75,5.949,0.053,102,reviewed,us,us
2024-10-09T11:19:41.598Z,37.5509,137.4286,10,4.6,mb,72,94,1.18,0.57,us,us6000nxhs,2024-12-23T15:46:16.040Z,"58 km NE of Anamizu, Japan",earthquake,5.79,1.848,0.073,55,reviewed,us,us
2024-10-09T09:42:53.680Z,7.9461,127.436,10,4.6,mb,44,108,2.037,1.27,us,us7000nnuk,2024-12-23T15:47:47.040Z,"101 km ENE of Kinablangan, Philippines",earthquake,9.42,1.901,0.095,33,reviewed,us,us
2024-10-09T06:50:16.819Z,-33.6205,-178.005,10,4.7,mb,28,185,4.346,0.53,us,us6000nxgy,2024-12-23T15:46:14.040Z,"south of the Kermadec Islands",earthquake,8.31,1.978,0.126,19,reviewed,us,us
2024-10-09T04:41:07.202Z,51.9309,-170.8214,35,5,mww,139,71,1.023,0.86,us,us6000nxg5,2025-02-05T04:51:14.150Z,"174 km SW of Nikolski, Alaska",earthquake,6.67,1.841,0.103,9,reviewed,us,us
2024-10-09T03:26:30.500Z,-0.4097,99.0961,52.487,4.5,mb,18,143,2.282,0.31,us,us7000nnue,2024-12-23T15:47:46.040Z,"116 km WNW of Pariaman, Indonesia",earthquake,12,8.372,0.157,12,reviewed,us,us
2024-10-08T23:36:52.704Z,-6.8359,154.9386,10,4.6,mb,50,90,3.836,1.1,us,us6000nxfa,2024-12-23T15:46:08.040Z,"83 km SW of Panguna, Papua New Guinea",earthquake,9.12,1.887,0.09,37,reviewed,us,us
2024-10-08T20:25:44.530Z,10.4321,-86.291,10,4.5,mwr,103,203,0.946,0.62,us,us6000nxe5,2024-12-23T15:46:07.040Z,"51 km WNW of Tamarindo, Costa Rica",earthquake,6.97,1.951,0.098,10,reviewed,us,us
2024-10-08T19:22:17.650Z,-11.3042,161.6581,10,4.6,mb,43,134,2.504,0.63,us,us6000nxgz,2024-12-23T15:46:14.040Z,"98 km SSW of Kirakira, Solomon Islands",earthquake,7.63,1.863,0.091,36,reviewed,us,us
2024-10-08T16:34:42.468Z,-19.1765,-173.2119,10,4.7,mb,50,124,33.541,0.51,us,us7000nntm,2024-12-23T15:47:43.040Z,"99 km SE of Neiafu, Tonga",earthquake,14.28,1.838,0.082,48,reviewed,us,us
2024-10-08T14:12:08.786Z,-7.6107,106.5374,38.155,4.9,mb,103,51,1.113,1.11,us,us6000nxa0,2024-12-23T15:46:05.040Z,"68 km S of Pelabuhanratu, Indonesia",earthquake,6.01,6.606,0.06,94,reviewed,us,us
2024-10-08T13:37:56.864Z,-11.2005,161.9279,10,4.6,mb,45,133,2.62,0.77,us,us7000nnth,2024-12-23T15:47:42.040Z,"82 km S of Kirakira, Solomon Islands",earthquake,10.57,1.887,0.089,44,reviewed,us,us
2024-10-08T13:12:30.013Z,-33.4762,-178.5577,10,4.5,mb,24,172,4.252,0.69,us,us7000nntg,2024-12-23T15:47:42.040Z,"south of the Kermadec Islands",earthquake,9.41,1.948,0.132,17,reviewed,us,us
2024-10-08T12:51:37.527Z,-21.2078,-67.7569,161.305,4.6,mb,112,45,1.502,0.66,us,us6000nx9j,2024-12-23T15:46:04.040Z,"51 km E of Ollagüe, Chile",earthquake,6.64,6.517,0.037,224,reviewed,us,us
2024-10-08T10:38:43.318Z,-5.7699,107.4653,305.845,4.9,mb,143,53,1.692,0.69,us,us6000nx8z,2024-12-23T15:46:03.040Z,"46 km NNE of Rengasdengklok, Indonesia",earthquake,8,6.58,0.048,136,reviewed,us,us
2024-10-08T09:07:49.628Z,-33.4696,-178.7928,10,4.8,mb,32,161,4.26,0.38,us,us6000nx8m,2024-12-23T15:46:02.040Z,"south of the Kermadec Islands",earthquake,12.22,1.934,0.105,28,reviewed,us,us
2024-10-08T08:07:23.902Z,-33.6289,-178.5416,10,5,mb,46,125,4.386,0.76,us,us6000nx8f,2024-12-23T15:46:01.040Z,"south of the Kermadec Islands",earthquake,8.94,1.48,0.12,27,reviewed,us,us
2024-10-08T08:05:48.690Z,-33.4881,-179.023,10,4.5,mb,18,167,4.317,0.93,us,us7000nntb,2024-12-23T15:47:41.040Z,"south of the Kermadec Islands",earthquake,10.04,1.839,0.191,9,reviewed,us,us
2024-10-08T01:28:29.229Z,2.3199,126.9463,35,4.7,mb,48,111,1.594,0.61,us,us6000nx76,2024-12-23T15:45:59.040Z,"135 km WNW of Tobelo, Indonesia",earthquake,9.06,1.902,0.092,36,reviewed,us,us
2024-10-08T01:27:18.819Z,-33.4122,-178.4646,10,4.8,mb,52,173,4.163,0.65,us,us6000nx73,2024-12-23T15:45:58.040Z,"south of the Kermadec Islands",earthquake,9.77,1.84,0.128,19,reviewed,us,us
2024-10-08T00:35:35.956Z,-36.2933,-99.1831,10,5.7,mww,161,63,12.569,0.61,us,us6000nx6t,2024-12-23T15:45:56.040Z,"southeast of Easter Island",earthquake,11.11,1.804,0.043,53,reviewed,us,us
2024-10-07T23:59:05.581Z,-33.4502,-178.6412,13,5.8,mww,154,52,4.221,0.77,us,us6000nx6d,2024-12-23T15:45:56.040Z,"south of the Kermadec Islands",earthquake,9.03,1.741,0.071,19,reviewed,us,us
2024-10-07T20:20:26.287Z,7.4416,126.2046,10,4.9,mb,38,107,0.722,1.04,us,us6000nx4s,2024-12-23T15:45:54.040Z,"19 km SSE of Bantacan, Philippines",earthquake,9.36,1.877,0.108,27,reviewed,us,us
2024-10-07T15:43:15.122Z,37.4794,72.251,190.08,4.5,mb,37,105,2.026,0.56,us,us6000nx3g,2024-12-23T15:45:50.040Z,"58 km N of Khandūd, Afghanistan",earthquake,8.22,9.801,0.192,8,reviewed,us,us
2024-10-07T12:21:30.010Z,10.7792,-62.8681,106.08,4.7,mww,69,52,1.796,0.97,us,us6000nx1y,2024-12-23T15:45:50.040Z,"23 km N of Yaguaraparo, Venezuela",earthquake,9.54,6.706,0.103,9,reviewed,us,us
2024-10-07T12:17:16.707Z,15.281,146.2615,55.189,4.5,mb,24,139,0.456,0.46,us,us7000nn68,2024-12-23T15:47:38.040Z,"54 km E of Saipan, Northern Mariana Islands",earthquake,6.5,5.851,0.113,23,reviewed,us,us
2024-10-07T09:36:58.446Z,-19.6019,169.0635,144.989,5.4,mww,74,67,3.355,0.59,us,us6000nx1e,2024-12-23T15:45:49.040Z,"23 km WSW of Isangel, Vanuatu",earthquake,9.62,6.678,0.055,32,reviewed,us,us
2024-10-07T06:18:46.409Z,38.2726,23.33,10,4.5,mwr,191,39,1.079,0.41,us,us6000nx0u,2024-12-23T15:45:47.040Z,"5 km S of Thívai, Greece",earthquake,3.95,1.35,0.056,31,reviewed,us,us
2024-10-07T05:54:58.431Z,34.8922,26.2045,10,4.8,mb,122,97,1.148,0.5,us,us6000nx0t,2024-12-23T15:45:46.040Z,"34 km S of Palekastro, Greece",earthquake,7.6,1.864,0.053,110,reviewed,us,us
2024-10-07T05:51:17.118Z,-18.9526,-173.174,10,5.3,mb,54,56,2.916,0.56,us,us6000nx0s,2024-12-23T15:45:46.040Z,"91 km ESE of Neiafu, Tonga",earthquake,7.53,1.83,0.09,41,reviewed,us,us
2024-10-07T05:49:55.387Z,-24.1405,-67.056,172.174,4.5,mb,71,55,2.52,0.86,us,us6000nx0r,2024-12-23T15:45:46.040Z,"75 km W of San Antonio de los Cobres, Argentina",earthquake,8.31,6.987,0.066,71,reviewed,us,us
2024-10-07T05:35:06.777Z,-24.1381,-67.0017,172.392,4.9,mww,199,54,2.567,0.65,us,us6000nx0l,2024-12-23T15:45:45.040Z,"69 km W of San Antonio de los Cobres, Argentina",earthquake,8.08,6.418,0.061,26,reviewed,us,us
2024-10-07T05:01:56.043Z,25.3641,142.6165,10,4.9,mb,66,117,1.768,0.57,us,us6000nx0h,2024-12-23T15:45:44.040Z,"Volcano Islands, Japan region",earthquake,10,1.888,0.079,50,reviewed,us,us
2024-10-07T04:04:43.406Z,-3.3059,146.2114,10,4.5,mb,15,127,1.704,0.51,us,us7000nn63,2024-12-23T15:47:38.040Z,"183 km SW of Lorengau, Papua New Guinea",earthquake,9.46,1.953,0.171,10,reviewed,us,us
2024-10-07T03:58:34.444Z,-12.5569,165.4533,10,4.7,mb,23,160,6.23,0.41,us,us7000nn62,2024-12-23T15:47:37.040Z,"206 km S of Lata, Solomon Islands",earthquake,8.99,1.899,0.12,21,reviewed,us,us
2024-10-07T02:24:16.449Z,-3.7282,151.4222,10,4.5,mb,26,95,0.817,0.64,us,us6000nx0y,2024-12-23T15:45:47.040Z,"97 km WNW of Rabaul, Papua New Guinea",earthquake,6.23,1.898,0.124,19,reviewed,us,us
2024-10-07T01:36:55.795Z,-28.4801,-176.4982,10,4.5,mb,16,251,1.468,0.88,us,us7000nn5y,2024-12-23T15:47:36.040Z,"Kermadec Islands region",earthquake,6.97,1.971,0.15,13,reviewed,us,us
2024-10-07T01:00:07.713Z,6.666,125.8758,10,4.5,mb,18,118,0.497,0.54,us,us6000nwzw,2024-12-23T15:45:42.040Z,"21 km W of Sigaboy, Philippines",earthquake,5.41,1.934,0.136,16,reviewed,us,us
2024-10-07T00:33:19.114Z,-33.3598,-178.4519,10,5,mb,57,109,4.11,0.66,us,us6000nwzm,2024-12-23T15:45:42.040Z,"south of the Kermadec Islands",earthquake,12.45,1.834,0.093,37,reviewed,us,us
2024-10-06T21:52:58.610Z,-13.5989,-111.3046,10,5.6,mww,157,110,13.585,0.53,us,us6000nwyj,2024-12-14T14:50:45.040Z,"central East Pacific Rise",earthquake,12.06,1.875,0.073,18,reviewed,us,us
2024-10-06T21:50:51.519Z,-20.9469,-174.153,10,5.1,mb,55,132,0.864,1.16,us,us6000nwyi,2024-12-14T14:50:45.040Z,"94 km ENE of ‘Ohonua, Tonga",earthquake,7.46,1.821,0.087,43,reviewed,us,us
2024-10-06T21:35:03.583Z,-33.4265,-178.5094,10,4.9,mb,47,83,4.182,0.55,us,us6000nwyc,2024-12-14T14:50:45.040Z,"south of the Kermadec Islands",earthquake,10.57,1.875,0.091,38,reviewed,us,us
2024-10-06T20:04:07.754Z,-4.9485,102.8488,64.828,4.5,mb,42,99,0.594,0.57,us,us6000nwxw,2024-12-14T14:50:44.040Z,"111 km SSW of Pagar Alam, Indonesia",earthquake,7.39,3.646,0.104,27,reviewed,us,us
2024-10-06T17:56:26.452Z,64.6359,-17.8257,10,5.1,mww,99,106,1.509,1,us,us6000nwxc,2024-12-14T14:50:44.040Z,"117 km S of Akureyri, Iceland",earthquake,9.18,1.868,0.052,36,reviewed,us,us
2024-10-06T17:10:04.271Z,9.2414,40.1774,10,5.2,mww,77,58,3.474,0.86,us,us6000nwx4,2025-01-21T22:00:25.889Z,"28 km N of Āwash, Ethiopia",earthquake,9.48,1.84,0.089,12,reviewed,us,us
2024-10-06T17:04:41.341Z,14.3882,125.079,10,4.6,mb,44,127,9.2,0.98,us,us6000nx0x,2024-12-14T14:50:46.040Z,"100 km ENE of Panganiban, Philippines",earthquake,11.9,1.917,0.096,32,reviewed,us,us
2024-10-06T13:00:58.071Z,-17.2032,171.6309,10,5.2,mww,58,110,6.667,0.53,us,us6000nwwa,2024-12-14T14:50:42.040Z,"Vanuatu region",earthquake,11.28,1.839,0.073,18,reviewed,us,us
2024-10-06T12:03:58.177Z,-31.5621,76.8881,10,5.2,mww,56,84,6.244,0.77,us,us7000nn4q,2024-12-14T14:51:39.040Z,"Mid-Indian Ridge",earthquake,11.13,1.83,0.083,14,reviewed,us,us
2024-10-06T11:08:57.174Z,53.2359,-167.0424,52.476,4.5,mwr,70,162,0.55,0.64,us,us6000nww1,2024-12-14T14:48:57.040Z,"78 km SSW of Unalaska, Alaska",earthquake,4.4,5.591,0.08,15,reviewed,us,us
2024-10-06T08:34:13.115Z,53.2682,-167.1085,55.566,4.8,mwr,71,139,0.502,0.87,us,us6000nwuu,2024-12-14T14:48:59.040Z,"77 km SSW of Unalaska, Alaska",earthquake,2.55,5.226,0.08,15,reviewed,us,us
2024-10-06T06:13:55.290Z,28.0856,139.7501,423.286,4.7,mb,111,31,2.375,0.6,us,us6000nwuh,2024-12-14T14:50:40.040Z,"Bonin Islands, Japan region",earthquake,10.48,7.749,0.025,478,reviewed,us,us
2024-10-06T05:26:36.433Z,12.4001,123.6767,10,4.8,mb,49,127,5.619,0.84,us,us6000nwua,2024-12-14T14:50:40.040Z,"6 km ENE of Masbate, Philippines",earthquake,11.07,1.895,0.093,36,reviewed,us,us
2024-10-06T02:59:23.357Z,-18.0798,120.3681,10,4.5,mb,12,194,3.509,1.22,us,us6000nwu1,2024-12-14T14:50:39.040Z,"195 km W of Cable Beach, Australia",earthquake,12.22,1.995,0.243,6,reviewed,us,us
2024-10-06T02:56:52.795Z,51.7454,175.4168,51.324,4.5,mb,93,133,1.276,0.93,us,us6000nwtm,2024-12-14T14:49:06.040Z,"195 km SE of Attu Station, Alaska",earthquake,8.3,7.472,0.065,70,reviewed,us,us
2024-10-06T01:49:29.936Z,37.993,141.872,52.504,4.5,mb,32,134,2.862,0.9,us,us7000nn48,2024-12-14T14:51:36.040Z,"62 km SE of Onagawa Chō, Japan",earthquake,4.04,8.03,0.135,16,reviewed,us,us
2024-10-05T23:48:47.802Z,-23.4746,171.5197,10,4.7,mb,44,108,3.849,0.84,us,us7000nmxy,2024-12-14T14:51:33.040Z,"southeast of the Loyalty Islands",earthquake,8.59,1.873,0.096,33,reviewed,us,us
2024-10-05T23:24:44.318Z,-28.1991,-176.2805,10,4.6,mb,21,143,1.784,1.34,us,us7000nmy0,2024-12-14T14:51:34.040Z,"Kermadec Islands region",earthquake,10.92,1.944,0.137,16,reviewed,us,us
2024-10-05T23:02:01.826Z,-28.6102,-176.3793,10,5.2,mb,145,57,1.498,0.65,us,us6000nwsc,2024-12-14T14:50:38.040Z,"Kermadec Islands region",earthquake,9.83,1.851,0.049,139,reviewed,us,us
2024-10-05T19:25:31.212Z,30.349,141.9749,10,4.5,mb,36,102,3.316,0.95,us,us7000nmxn,2024-12-14T14:51:32.040Z,"Izu Islands, Japan region",earthquake,11.62,1.9,0.157,12,reviewed,us,us
2024-10-05T19:15:34.493Z,35.3765,52.8908,10,4.5,mb,61,99,4.917,0.98,us,us6000nwr9,2024-12-14T14:50:37.040Z,"50 km WSW of Semnan, Iran",earthquake,8.74,1.899,0.086,40,reviewed,us,us
2024-10-05T16:24:05.958Z,-6.8952,155.1174,10,4.9,mb,48,66,3.982,0.57,us,us7000nmxg,2024-12-14T14:51:31.040Z,"75 km SSW of Panguna, Papua New Guinea",earthquake,10.58,1.879,0.083,46,reviewed,us,us
2024-10-05T16:08:55.026Z,-41.2833,174.413,44.404,5.1,mww,172,26,0.221,1.07,us,us6000nwqg,2024-12-14T14:50:37.040Z,"27 km W of Karori, New Zealand",earthquake,4.07,3.946,0.08,15,reviewed,us,us
2024-10-05T15:52:57.195Z,9.9181,126.2352,10,4.5,mb,18,120,2.904,0.65,us,us7000nmxd,2024-12-14T14:51:30.040Z,"16 km ENE of Pilar, Philippines",earthquake,10.22,1.9,0.14,19,reviewed,us,us
2024-10-05T15:41:51.486Z,23.1298,94.309,46.447,4.5,mb,34,104,1.996,0.64,us,us7000nmxe,2024-12-14T14:51:31.040Z,"57 km S of Mawlaik, Myanmar",earthquake,11.21,6.288,0.119,24,reviewed,us,us
2024-10-05T14:40:33.866Z,10.0065,126.371,18.767,4.9,mb,160,42,3.021,0.43,us,us6000nwq6,2024-12-14T14:50:36.040Z,"33 km ENE of Pilar, Philippines",earthquake,8.82,1.12,0.045,153,reviewed,us,us
2024-10-05T14:03:09.192Z,37.6618,-31.7659,10,4.5,mb,27,111,4.95,0.59,us,us7000nmx7,2024-12-14T14:51:29.040Z,"197 km SSW of Lajes das Flores, Portugal",earthquake,13.3,1.92,0.136,16,reviewed,us,us
2024-10-05T12:50:42.101Z,53.1716,-167.0656,41.164,5.4,mww,91,124,0.561,0.83,us,us6000nwpv,2025-02-01T13:00:44.042Z,"85 km SSW of Unalaska, Alaska",earthquake,4.27,3.435,0.066,22,reviewed,us,us
2024-10-05T12:50:24.746Z,53.1301,-167.0003,46.989,4.6,mb,70,135,0.615,0.4,us,us6000nwq0,2024-12-14T14:49:19.040Z,"88 km SSW of Unalaska, Alaska",earthquake,4.7,1.528,0.084,42,reviewed,us,us
2024-10-05T12:08:13.123Z,37.7942,-31.6355,10,4.8,mb,60,112,4.841,0.71,us,us6000nwpm,2024-12-14T14:50:36.040Z,"180 km SSW of Lajes das Flores, Portugal",earthquake,12.21,1.896,0.069,65,reviewed,us,us
2024-10-05T11:56:35.545Z,-33.451,-178.61,10,4.5,mb,22,170,4.217,1.18,us,us7000nmxi,2024-12-14T14:51:32.040Z,"south of the Kermadec Islands",earthquake,12.17,1.954,0.118,21,reviewed,us,us
2024-10-05T11:45:30.156Z,-17.5146,-173.4918,35,5.2,mww,71,50,3.725,0.88,us,us6000nwpi,2024-12-14T14:50:36.040Z,"136 km NNE of Neiafu, Tonga",earthquake,9.9,1.886,0.127,6,reviewed,us,us
2024-10-05T11:19:10.848Z,-18.7092,-177.5686,374.968,4.5,mb,49,80,3.615,0.71,us,us6000nwpf,2024-12-14T14:50:35.040Z,"Fiji region",earthquake,10.69,6.907,0.081,44,reviewed,us,us
2024-10-05T10:42:25.129Z,-19.3316,-172.5453,10,4.9,mb,50,87,2.487,0.78,us,us6000nwpd,2024-12-14T14:50:35.040Z,"169 km ESE of Neiafu, Tonga",earthquake,8.31,1.858,0.085,43,reviewed,us,us
2024-10-05T08:25:14.749Z,-16.1798,167.9439,185.588,4.8,mb,34,168,5.564,0.73,us,us6000nwp2,2024-12-14T14:50:35.040Z,"57 km E of Lakatoro, Vanuatu",earthquake,12.95,8.344,0.101,30,reviewed,us,us
2024-10-05T07:51:32.347Z,12.8459,143.5711,148.478,4.5,mb,28,104,1.463,0.81,us,us7000nmwv,2024-12-14T14:51:27.040Z,"127 km WSW of Merizo Village, Guam",earthquake,10.44,6.823,0.124,19,reviewed,us,us
2024-10-05T03:32:31.545Z,-58.6151,-23.5599,10,4.5,mb,18,105,8.369,1.02,us,us7000nmwp,2024-12-14T14:51:25.040Z,"South Sandwich Islands region",earthquake,13.26,1.927,0.128,18,reviewed,us,us
2024-10-05T01:24:38.925Z,-18.7579,-172.8074,10,4.6,mb,13,189,2.745,0.78,us,us7000nmwm,2024-12-14T14:51:25.040Z,"124 km E of Neiafu, Tonga",earthquake,9.47,1.758,0.173,10,reviewed,us,us
2024-10-04T21:21:12.003Z,4.8966,126.1748,98.963,4.7,mb,93,96,2.239,0.61,us,us6000nwls,2024-12-14T14:50:33.040Z,"96 km SE of Sarangani, Philippines",earthquake,7.58,5.936,0.063,76,reviewed,us,us
2024-10-04T21:15:11.563Z,-19.9349,-175.1468,110.348,4.6,mb,31,113,1.23,0.75,us,us6000nwlr,2024-12-14T14:50:33.040Z,"84 km W of Pangai, Tonga",earthquake,11.57,7.071,0.101,29,reviewed,us,us
2024-10-04T20:48:36.361Z,-17.4824,-178.9118,557.399,4.5,mb,14,162,20.76,0.73,us,us7000nmw8,2024-12-14T14:51:24.040Z,"198 km ENE of Levuka, Fiji",earthquake,17.56,10.463,0.144,18,reviewed,us,us
2024-10-04T14:48:06.824Z,9.963,126.4172,39.502,4.7,mb,43,116,2.992,0.61,us,us6000nwjp,2024-12-14T14:50:31.040Z,"36 km ENE of Pilar, Philippines",earthquake,11.98,6.284,0.094,34,reviewed,us,us
2024-10-04T13:58:58.791Z,-55.4887,-124.7274,10,5.3,mww,81,87,28.772,0.61,us,us6000nwkv,2024-12-14T14:50:32.040Z,"southern East Pacific Rise",earthquake,12.56,1.838,0.11,8,reviewed,us,us
2024-10-04T13:53:10.172Z,-15.3813,167.9921,125.836,4.7,mb,14,73,6.234,0.64,us,us6000nwks,2024-12-14T14:50:32.040Z,"90 km E of Luganville, Vanuatu",earthquake,12.35,7.991,0.195,10,reviewed,us,us
2024-10-04T13:49:01.052Z,70.7217,-14.714,10,5.2,mww,94,46,6.501,0.59,us,us6000nwja,2024-12-14T14:50:31.040Z,"220 km W of Olonkinbyen, Svalbard and Jan Mayen",earthquake,8.63,1.882,0.053,34,reviewed,us,us
2024-10-04T12:34:31.127Z,-18.9877,-172.642,10,4.7,mb,19,99,2.57,0.36,us,us7000nmvz,2024-12-14T14:51:23.040Z,"146 km ESE of Neiafu, Tonga",earthquake,11.86,1.944,0.123,20,reviewed,us,us
2024-10-04T12:16:52.336Z,-19.2863,-172.5742,10,4.7,mb,25,89,2.51,0.57,us,us7000nmw3,2024-12-14T14:51:23.040Z,"164 km ESE of Neiafu, Tonga",earthquake,9.83,1.907,0.13,18,reviewed,us,us
2024-10-04T11:47:46.120Z,70.7184,-14.8316,10,4.8,mb,37,61,6.481,0.7,us,us6000nwi9,2024-12-14T14:50:30.040Z,"225 km W of Olonkinbyen, Svalbard and Jan Mayen",earthquake,9.09,1.907,0.075,56,reviewed,us,us
2024-10-04T11:42:16.166Z,70.6525,-14.6411,10,5,mww,59,54,6.45,0.81,us,us6000nwi8,2024-12-14T14:50:30.040Z,"219 km W of Olonkinbyen, Svalbard and Jan Mayen",earthquake,8.95,1.89,0.06,27,reviewed,us,us
2024-10-04T10:51:22.914Z,-52.3048,15.4916,10,4.5,mb,15,83,20.285,0.46,us,us7000nmvv,2024-12-14T14:51:22.040Z,"southwest of Africa",earthquake,15.14,1.923,0.145,14,reviewed,us,us
2024-10-04T10:09:59.089Z,3.6069,126.7249,52.739,4.7,mb,45,66,2.888,0.36,us,us7000nmvu,2024-12-14T14:51:21.040Z,"243 km SE of Sarangani, Philippines",earthquake,5.75,7.478,0.095,34,reviewed,us,us
2024-10-04T08:58:49.170Z,70.6467,-14.5171,10,4.8,mww,49,64,6.463,0.78,us,us6000nwgt,2024-12-14T14:50:30.040Z,"215 km W of Olonkinbyen, Svalbard and Jan Mayen",earthquake,9.38,1.818,0.062,25,reviewed,us,us
2024-10-04T08:53:02.196Z,-5.5274,34.2383,9.441,4.7,mb,37,70,5.306,0.62,us,us6000nwgr,2024-12-14T14:50:29.040Z,"33 km NW of Itigi, Tanzania",earthquake,10.45,4.648,0.106,27,reviewed,us,us
2024-10-04T06:32:16.800Z,-4.7863,133.7529,10,4.5,mb,17,92,2.386,0.62,us,us6000nwic,2024-12-14T14:50:31.040Z,"144 km NE of Tual, Indonesia",earthquake,7.16,1.908,0.14,15,reviewed,us,us
2024-10-04T05:57:19.724Z,37.907,33.2723,10,4.5,mb,50,65,1.993,0.85,us,us6000nwgc,2024-12-14T14:50:29.040Z,"32 km NW of Karapınar, Turkey",earthquake,4.96,1.891,0.104,27,reviewed,us,us
2024-10-04T03:06:29.841Z,52.1282,178.0648,172.54,4.5,mb,127,87,0.32,0.67,us,us6000nwfn,2024-12-14T14:49:34.040Z,"Rat Islands, Aleutian Islands, Alaska",earthquake,9.55,6.164,0.053,105,reviewed,us,us
2024-10-03T20:53:44.177Z,2.7785,128.1817,164.01,4.7,mb,63,114,2.153,0.7,us,us6000nwdx,2024-12-14T14:50:28.040Z,"117 km N of Tobelo, Indonesia",earthquake,9.2,7.385,0.064,74,reviewed,us,us
2024-10-03T20:10:01.956Z,70.7182,-14.7933,10,4.6,mb,36,62,6.487,0.51,us,us6000nwdn,2024-12-14T14:50:27.040Z,"223 km W of Olonkinbyen, Svalbard and Jan Mayen",earthquake,7.37,1.733,0.109,25,reviewed,us,us
2024-10-03T20:05:13.564Z,5.7495,126.1932,114.378,4.7,mb,60,83,1.446,0.72,us,us6000nwde,2024-12-14T14:50:27.040Z,"62 km ESE of Mangili, Philippines",earthquake,8.75,5.824,0.072,59,reviewed,us,us
2024-10-03T19:30:49.709Z,-17.7137,-178.4049,530.548,4.5,mb,84,32,3.397,0.77,us,us6000nwd5,2024-12-14T14:50:27.040Z,"244 km E of Levuka, Fiji",earthquake,11.31,6.944,0.041,171,reviewed,us,us
2024-10-03T17:39:44.263Z,-37.2493,52.1603,10,4.9,mb,71,44,9.176,0.42,us,us6000nwc7,2024-12-14T14:50:26.040Z,"South Indian Ocean",earthquake,10.61,1.859,0.067,69,reviewed,us,us
2024-10-03T16:15:39.534Z,12.7295,143.3987,97.217,4.6,mb,68,48,1.667,0.44,us,us6000nwbq,2024-12-14T14:50:26.040Z,"150 km WSW of Merizo Village, Guam",earthquake,8.46,6.048,0.056,95,reviewed,us,us
2024-10-03T14:42:17.852Z,-22.8144,-176.8726,161.797,4.9,mb,48,84,2.281,0.74,us,us6000nwau,2024-12-14T14:50:25.040Z,"243 km SW of Houma, Tonga",earthquake,13.87,6.966,0.082,46,reviewed,us,us
2024-10-03T13:54:18.850Z,51.0404,-176.1539,20.025,4.5,mb,64,193,0.838,0.65,us,us6000nwa7,2024-12-14T14:49:39.040Z,"98 km SSE of Adak, Alaska",earthquake,5.02,3.238,0.053,103,reviewed,us,us
2024-10-03T13:08:40.444Z,51.2896,-176.9375,35,5,mww,113,78,0.508,0.75,us,us6000nw9t,2025-02-06T13:18:52.080Z,"68 km SSW of Adak, Alaska",earthquake,4.36,1.834,0.071,19,reviewed,us,us
2024-10-03T13:08:06.345Z,-28.42,-176.3347,10,5.2,mww,61,63,1.622,0.79,us,us6000nw9u,2024-12-14T14:50:25.040Z,"Kermadec Islands region",earthquake,9.24,1.793,0.093,11,reviewed,us,us
2024-10-03T10:43:13.774Z,-0.9168,148.4037,10,5,mww,86,30,1.526,0.65,us,us6000nw94,2024-12-14T14:50:25.040Z,"176 km NE of Lorengau, Papua New Guinea",earthquake,7.25,1.729,0.089,12,reviewed,us,us
2024-10-03T10:05:52.943Z,-3.3476,131.1058,21.612,4.5,mb,37,40,1.218,0.66,us,us7000nmnp,2024-12-14T14:51:19.040Z,"140 km WSW of Fakfak, Indonesia",earthquake,5.7,5.772,0.099,30,reviewed,us,us
2024-10-03T10:03:08.804Z,-3.3399,130.9908,10,4.7,mb,43,57,1.324,0.9,us,us6000nw8x,2024-12-14T14:50:24.040Z,"152 km WSW of Fakfak, Indonesia",earthquake,6.46,1.853,0.084,43,reviewed,us,us
2024-10-03T08:19:05.009Z,21.3515,-45.4184,10,5,mb,97,68,15.634,0.63,us,us6000nw8l,2024-12-14T14:50:24.040Z,"northern Mid-Atlantic Ridge",earthquake,7,1.784,0.059,93,reviewed,us,us
2024-10-03T03:09:05.071Z,12.1586,143.9809,10,5,mb,46,77,1.665,0.88,us,us7000nmnj,2024-12-14T14:51:17.040Z,"143 km SSW of Merizo Village, Guam",earthquake,9.2,1.879,0.093,37,reviewed,us,us
2024-10-03T01:50:31.284Z,-46.8937,33.3709,10,5.1,mb,41,56,17.392,0.8,us,us6000nw77,2024-12-14T14:50:23.040Z,"Prince Edward Islands region",earthquake,12.24,1.868,0.09,40,reviewed,us,us
2024-10-02T23:27:06.853Z,11.8155,125.5329,40.157,4.7,mb,71,99,4.716,0.51,us,us6000nw6t,2024-12-14T14:50:22.040Z,"8 km E of Sulat, Philippines",earthquake,10.07,7.16,0.073,57,reviewed,us,us
2024-10-02T21:41:45.992Z,-14.3317,167.3601,201.758,5.1,mww,150,32,6.844,0.54,us,us6000nw6c,2024-12-14T14:50:22.040Z,"54 km SSW of Sola, Vanuatu",earthquake,10.19,4.945,0.075,17,reviewed,us,us
2024-10-02T21:05:40.918Z,-35.0252,179.783,35,4.6,mb,25,113,2.799,0.74,us,us6000nw66,2024-12-14T14:50:21.040Z,"off the east coast of the North Island of New Zealand",earthquake,11.81,1.944,0.122,20,reviewed,us,us
2024-10-02T20:44:00.077Z,5.7471,125.9934,101.321,4.5,mb,49,119,1.377,0.55,us,us6000nw62,2024-12-14T14:50:21.040Z,"43 km ESE of Caburan, Philippines",earthquake,12.29,6.246,0.089,37,reviewed,us,us
2024-10-02T19:41:00.677Z,11.988,-86.7285,105.322,4.6,mb,62,66,0.496,0.61,us,us6000nw5b,2024-12-14T14:50:21.040Z,"24 km W of Villa El Carmen, Nicaragua",earthquake,6.73,3.78,0.046,139,reviewed,us,us
2024-10-02T17:58:43.120Z,20.2862,145.1296,10,4.5,mb,42,120,5.057,0.94,us,us7000nmn8,2024-12-14T14:51:16.040Z,"Maug Islands region, Northern Mariana Islands",earthquake,13.4,1.91,0.094,33,reviewed,us,us
2024-10-02T16:20:48.904Z,-4.5228,101.7851,35,4.6,mb,49,140,1.178,0.84,us,us6000nw47,2024-12-14T14:50:20.040Z,"96 km SW of Bengkulu, Indonesia",earthquake,8.4,1.927,0.095,34,reviewed,us,us
2024-10-02T14:40:52.638Z,35.53,141.0564,39,4.7,mb,54,127,2.519,0.29,us,us7000nhql,2024-12-14T14:51:03.040Z,"30 km SE of Hasaki, Japan",earthquake,7.21,7.566,0.094,34,reviewed,us,us
2024-10-02T10:51:11.450Z,13.1685,-89.8733,48.243,4.5,mwr,122,151,0.635,0.83,us,us7000nhpp,2024-12-14T14:51:02.040Z,"47 km S of Acajutla, El Salvador",earthquake,6.14,6.458,0.078,16,reviewed,us,us
2024-10-02T10:13:45.657Z,23.0628,141.5958,219.901,4.7,mb,58,112,4.051,0.55,us,us7000nhpl,2024-12-14T14:51:02.040Z,"Volcano Islands, Japan region",earthquake,12.95,8.347,0.075,54,reviewed,us,us
2024-10-02T08:11:53.594Z,-20.4577,-178.3572,542.566,4.5,mb,64,73,3.307,0.61,us,us7000nhnl,2024-12-14T14:51:01.040Z,"Fiji region",earthquake,13.36,6.834,0.039,195,reviewed,us,us
2024-10-02T02:28:15.881Z,-22.436,-12.4358,10,4.6,mb,19,88,14.582,0.65,us,us7000nmmp,2024-12-14T14:51:13.040Z,"southern Mid-Atlantic Ridge",earthquake,12.96,1.903,0.132,17,reviewed,us,us
2024-10-02T01:20:37.017Z,9.0263,126.9253,10,4.9,mb,60,84,2.357,0.55,us,us7000nhld,2024-12-14T14:50:59.040Z,"69 km ENE of Aras-asan, Philippines",earthquake,10.07,1.879,0.082,47,reviewed,us,us
2024-10-02T01:09:07.759Z,-46.881,-10.513,10,5.3,mww,55,54,25.129,0.65,us,us7000nhlb,2024-12-14T14:50:59.040Z,"southern Mid-Atlantic Ridge",earthquake,11.35,1.779,0.127,6,reviewed,us,us
2024-10-02T00:51:15.119Z,-19.0858,-172.7059,10,4.7,mb,16,109,2.628,0.64,us,us7000nmmn,2024-12-14T14:51:13.040Z,"142 km ESE of Neiafu, Tonga",earthquake,12.01,1.95,0.184,9,reviewed,us,us
2024-10-01T23:52:46.806Z,3.7563,95.7987,47.513,4.6,mb,46,132,1.857,0.73,us,us7000nhl1,2024-12-14T14:50:59.040Z,"56 km SW of Meulaboh, Indonesia",earthquake,8.57,7.754,0.095,33,reviewed,us,us
2024-10-01T22:45:22.822Z,-19.1243,-172.7394,10,4.7,mb,29,78,2.66,1.08,us,us7000nmg1,2024-12-14T14:51:11.040Z,"141 km ESE of Neiafu, Tonga",earthquake,9.06,1.926,0.126,19,reviewed,us,us
2024-10-01T21:59:28.762Z,-16.4829,-173.6455,70.74,4.7,mb,50,89,3.128,0.98,us,us7000nhkj,2024-12-14T14:50:58.040Z,"60 km SSE of Hihifo, Tonga",earthquake,7.82,6.284,0.093,35,reviewed,us,us
2024-10-01T21:37:58.744Z,-1.0769,127.4296,10,4.7,mb,53,59,1.837,0.82,us,us7000nhke,2024-12-14T14:50:58.040Z,"50 km S of Labuha, Indonesia",earthquake,6.91,1.879,0.096,36,reviewed,us,us
2024-10-01T21:19:49.760Z,14.1621,124.8171,10,5.9,mww,236,24,7.088,0.74,us,us7000nhk8,2024-12-14T14:50:58.040Z,"62 km NE of Gigmoto, Philippines",earthquake,7.97,1.825,0.046,46,reviewed,us,us
2024-10-01T20:58:56.514Z,-18.9348,-173.3559,10,4.5,mb,10,141,5.221,1.74,us,us7000nmg0,2024-12-14T14:51:11.040Z,"73 km ESE of Neiafu, Tonga",earthquake,17.13,1.891,0.204,7,reviewed,us,us
2024-10-01T20:33:44.804Z,16.7269,119.9899,35,4.7,mb,50,93,6.145,0.89,us,us7000nmg2,2024-12-14T14:51:11.040Z,"34 km N of Binabalian, Philippines",earthquake,11.74,1.909,0.09,37,reviewed,us,us
2024-10-01T20:05:34.967Z,-19.2886,-173.0007,10,6.6,mww,114,23,2.772,0.71,us,us7000nhjw,2024-12-14T14:50:58.040Z,"125 km SE of Neiafu, Tonga",earthquake,10.41,1.723,0.035,77,reviewed,us,us
2024-10-01T17:27:01.877Z,9.4152,126.4891,66.406,4.5,mb,26,152,2.498,0.66,us,us7000nmfv,2024-12-14T14:51:10.040Z,"36 km ENE of Cortes, Philippines",earthquake,10.51,6.574,0.136,16,reviewed,us,us
2024-10-01T16:02:12.491Z,-49.0345,121.3773,10,4.6,mb,34,114,16.386,0.58,us,us7000nhhx,2024-12-14T14:50:57.040Z,"western Indian-Antarctic Ridge",earthquake,12.56,1.912,0.103,30,reviewed,us,us
2024-10-01T15:43:46.466Z,-14.7753,168.015,16.791,4.6,mb,46,140,6.754,0.66,us,us7000nhhs,2024-12-14T14:50:57.040Z,"105 km ENE of Port-Olry, Vanuatu",earthquake,10.42,4.779,0.093,39,reviewed,us,us
2024-10-01T15:29:19.684Z,-48.9064,121.2112,10,4.5,mb,36,121,16.238,0.5,us,us7000nmfu,2024-12-14T14:51:09.040Z,"western Indian-Antarctic Ridge",earthquake,12.41,1.914,0.097,35,reviewed,us,us
2024-10-01T13:17:18.960Z,-41.0979,43.4336,10,4.5,mb,17,108,8.097,0.4,us,us7000nmfp,2024-12-14T14:51:08.040Z,"Prince Edward Islands region",earthquake,7.14,1.889,0.15,15,reviewed,us,us
2024-10-01T12:24:40.302Z,-29.1135,-176.2157,10,4.7,mb,30,60,1.498,0.47,us,us7000nmfm,2024-12-14T14:51:07.040Z,"Kermadec Islands region",earthquake,11.28,1.885,0.108,26,reviewed,us,us
2024-10-01T11:16:05.646Z,-2.9412,129.5088,10,4.5,mb,34,56,1.619,0.4,us,us7000nhg2,2024-12-14T14:50:56.040Z,"71 km ENE of Masohi, Indonesia",earthquake,6.22,1.866,0.099,30,reviewed,us,us
2024-10-01T10:11:49.130Z,52.7741,160.5177,25.218,4.9,mb,136,104,1.159,0.55,us,us7000nhft,2024-12-14T14:50:55.040Z,"131 km ESE of Petropavlovsk-Kamchatsky, Russia",earthquake,7.63,5.019,0.037,225,reviewed,us,us
2024-10-01T09:28:05.313Z,-5.9828,124.8988,576,6.1,mww,213,23,3.73,0.5,us,us7000nhex,2024-12-14T14:50:55.040Z,"260 km ESE of Baubau, Indonesia",earthquake,9.16,1.954,0.04,61,reviewed,us,us
2024-10-01T09:17:15.591Z,-2.6694,-80.895,35,4.6,mb,90,153,1.422,0.52,us,us7000nhew,2024-12-14T14:50:55.040Z,"48 km S of La Libertad, Ecuador",earthquake,9.45,1.948,0.048,129,reviewed,us,us
2024-10-01T09:07:36.362Z,-2.6626,-80.8407,35,4.5,mwr,87,152,1.369,0.37,us,us7000nhes,2024-12-14T14:50:54.040Z,"48 km S of La Libertad, Ecuador",earthquake,8.52,1.927,0.068,21,reviewed,us,us
2024-10-01T08:38:37.941Z,-19.9509,-175.4323,160.771,4.7,mb,23,81,1.487,1.19,us,us7000nhel,2024-12-14T14:50:53.040Z,"113 km W of Pangai, Tonga",earthquake,14.16,9.667,0.097,32,reviewed,us,us
2024-10-01T08:23:31.735Z,-19.5584,-174.3044,61.053,5.1,mb,40,69,1.91,0.74,us,us7000nhee,2024-12-14T14:50:53.040Z,"21 km N of Fangale’ounga, Tonga",earthquake,13.47,6.528,0.057,100,reviewed,us,us
2024-10-01T08:23:10.256Z,4.3442,-87.4865,10,4.6,mb,65,103,5.716,1.36,us,us7000nhec,2024-12-14T14:50:53.040Z,"off the coast of Central America",earthquake,4.72,1.844,0.066,69,reviewed,us,us
2024-10-01T07:10:38.542Z,0.4813,122.3155,122.886,5,mb,91,36,1.58,0.45,us,us7000nhe1,2024-12-14T14:50:52.040Z,"83 km W of Gorontalo, Indonesia",earthquake,7.06,4.861,0.064,77,reviewed,us,us
2024-10-01T05:52:51.403Z,31.4418,132.4078,27.454,4.6,mb,30,123,1.672,0.84,us,us7000nhdq,2024-12-14T14:50:52.040Z,"100 km E of Nichinan, Japan",earthquake,5.67,5.25,0.106,27,reviewed,us,us
2024-10-01T05:20:02.055Z,31.3972,132.3059,21.9,4.7,mb,34,121,1.588,0.61,us,us7000nmfi,2024-12-14T14:51:07.040Z,"92 km ESE of Nichinan, Japan",earthquake,4.46,5.534,0.072,58,reviewed,us,us
2024-10-01T05:01:57.286Z,-20.1744,-70.7062,22.259,5.3,mww,75,109,0.549,0.86,us,us7000nhdc,2024-12-14T14:50:10.040Z,"57 km W of Puerto, Chile",earthquake,4.66,3.843,0.066,22,reviewed,us,us
2024-10-01T02:18:21.812Z,1.1593,98.8652,100.61,4.8,mww,91,37,1.297,0.85,us,us7000nhcp,2024-12-14T14:50:51.040Z,"51 km WSW of Padangsidempuan, Indonesia",earthquake,6.57,4.195,0.117,7,reviewed,us,us
2024-10-01T01:33:38.644Z,-5.2843,152.6343,35,5,mb,48,50,1.145,0.84,us,us7000nhci,2024-12-14T14:50:51.040Z,"111 km SSE of Kokopo, Papua New Guinea",earthquake,8.13,1.838,0.058,95,reviewed,us,us
2024-10-01T00:55:10.145Z,-5.2123,152.7186,35,4.6,mb,35,154,1.134,0.43,us,us7000nmfa,2024-12-14T14:51:06.040Z,"108 km SSE of Kokopo, Papua New Guinea",earthquake,7.95,1.945,0.109,25,reviewed,us,us
